rep,beta0,beta1,beta2,beta3,ME_P25,ME_P50,ME_P75,Delta_ME
0,-1.3622753824354648,-0.18029366780230477,-0.01656784223950717,-0.004415610037990664,-0.0019635620174649,-0.0021426428918381217,-0.002348715704083,-0.0003851536866181001
1,-1.358266138370856,-0.06798207658787583,-0.020123044186231353,-0.05102363258976722,0.0019586193919250467,-0.0011276685558766857,-0.0051280997392233185,-0.007086719131148365
2,-1.3618496586943394,-0.08303335422261238,-0.036124907167217946,-0.08687317023576477,0.0030930166012182723,-0.0021690964841692066,-0.00884958893474693,-0.011942605535965201
3,-1.3330937322138185,-0.0222485684509025,0.013950472078404871,0.00336446678121595,0.0016276285961757313,0.0018226644146352065,0.002087008551851149,0.0004593799556754177
4,-1.3693587521348989,-0.10627627705021747,0.0193017354757168,-0.005921891436834171,0.0032847737874471096,0.0028404374095570622,0.002262671800125145,-0.0010221019873219647
5,-1.3576128549907067,-0.05395974044135481,-0.0038797211556685918,-0.06920376603808996,0.00594479308645941,0.0016711998066323988,-0.0038916338784825383,-0.009836426964941948
6,-1.493671180674895,-0.13801690106394793,0.031698710201150726,0.01567444545928361,0.002817726960885007,0.0036004688870222637,0.004576206631600931,0.0017584796707159236
7,-1.2687209656062337,-0.11746243029690102,-0.04363140894951427,0.029168567205246423,-0.009243518892053729,-0.007197613999108488,-0.004536610360941716,0.004706908531112013
8,-1.3487241418465281,-0.1845249881421632,-0.020781060007824113,0.03835533299701842,-0.0066999238945452564,-0.004111223125063125,-0.0008723529289712381,0.005827570965574018
9,-1.343377437305563,-0.1313192934798905,-0.04221589346388778,0.034571178119675604,-0.009219019157401242,-0.0068879589778200944,-0.0038835847424595993,0.005335434414941642
10,-1.3951679089581783,-0.13650243843220905,-0.05399943037304188,-0.02804353184226405,-0.0048760798268745395,-0.00632225147778575,-0.008101454837212474,-0.0032253750103379344
11,-1.3964978295862434,-0.015673246665965514,-0.03203043129573091,-0.10150419616764142,0.0048347945508747,-0.0011179558504228156,-0.008958523361960556,-0.013793317912835256
12,-1.3410370107284082,-0.04773565396184825,-0.07086581788887414,-0.006801827423306488,-0.00906798369502057,-0.009350806357114072,-0.009722177389362131,-0.0006541936943415608
13,-1.283061546887741,-0.07197973393641252,0.019986987347277375,0.057343034925262146,-0.0026590128815576946,0.0009534813191041671,0.0057898328041013185,0.008448845685659012
14,-1.3465160514687944,-0.029497297442909184,-0.010360636181930344,-0.0612983009198401,0.004268333268962087,0.0005321090274547625,-0.004414357010104253,-0.00868269027906634
15,-1.423170454180592,-0.13129299576963338,0.0126917391549071,-0.007419646242170629,0.0024366566001683397,0.0019212555760205132,0.0012637744674694684,-0.0011728821326988713
16,-1.3668513763072507,-0.09853554130309591,0.05618199010854924,0.10397015090320111,-0.0018694290867386028,0.004415669673076302,0.01280379421245876,0.014673223299197362
17,-1.3586227461006475,-0.09878066332468557,-0.10700709864674685,0.026086496541056804,-0.016901332308351495,-0.015015485832784543,-0.012537719265443923,0.004363613042907572
18,-1.3298911478428956,-0.09955793496861076,-0.02612630107758457,0.00565519940424479,-0.0042432106364021826,-0.0037998522407628804,-0.003218374026662191,0.0010248366097399915
19,-1.4636909295293843,-0.16252990891099284,-0.005410503720367638,-0.08210023158698568,0.0068210363755595365,0.0017844619501329807,-0.0043040492042618304,-0.011125085579821368
20,-1.3587120204741223,-0.19253932670651694,-0.016051055397320275,0.05230822482137989,-0.007336300902335876,-0.0038884902141154876,0.00041242323370498736,0.007748724136040863
21,-1.392444906243352,-0.03542796594925896,-0.072865265119819,0.006030958874788396,-0.010117930443069644,-0.009687415114974155,-0.009106140520570545,0.0010117899224990987
22,-1.315357814326816,-0.19952629936512922,-0.037394614949810306,-0.0251742881391779,-0.0030559685744256967,-0.004458549350141177,-0.006118528452922735,-0.003062559878497038
23,-1.4182447437792067,-0.22442794500885077,-0.0046001199255540776,0.044387752260391926,-0.004847605947224986,-0.002001748954298179,0.0014594147773941658,0.006307020724619151
24,-1.3897643256266308,-0.12577332286348653,-0.02438944555048556,0.005781627895249108,-0.00391492991247099,-0.0034543867373905378,-0.002857901860977532,0.0010570280514934586
25,-1.357518233772957,-0.1372416895029134,-0.030722273925459835,-0.0012669694014632738,-0.004232294694507571,-0.004163970530916665,-0.004061908062517796,0.00017038663198977542
26,-1.3575910366976511,-0.17269151653309894,-0.03803315598341178,-0.031835584105666545,-0.0024101837363203317,-0.004212288303623623,-0.006389346479697416,-0.003979162743377084
27,-1.3347784525636694,-0.12205424089702775,-0.029512326803509473,-0.04328040286906318,-7.866804396606468e-05,-0.0027010496942655674,-0.005992537127359822,-0.005913869083393758
28,-1.3196730314195113,-0.06187131110904981,-0.03443242039528588,0.03540081622475869,-0.008110291497901677,-0.0058861580950996285,-0.002910273173867164,0.0052000183240345135
29,-1.3957398640082601,-0.12602665820802897,-0.023070079586525523,-0.12731972331855446,0.008803885928670926,0.0008793664730127283,-0.008805100981184456,-0.017608986909855382
30,-1.415981889578303,-0.07396524010247991,-0.013365598604002792,-0.026513893563536207,0.0005910070461862907,-0.000950555465485372,-0.0029526317392743976,-0.0035436387854606882
31,-1.3388435006990276,-0.12062388223385215,-0.014487188041461733,-0.04671987575133525,0.0024186909653706465,-0.0005052841100630745,-0.0041852744707723865,-0.006603965436143033
32,-1.372022122527264,-0.06617945798242018,-0.03664868207700648,-0.03187583729263699,-0.0021025894907502423,-0.003930593319180091,-0.006311031111312044,-0.004208441620561802
33,-1.3838803461770581,-0.0474523593026068,-0.0021364493222119432,-0.03842488863169456,0.0032277168762510147,0.0009137788871389542,-0.002135893169437236,-0.005363610045688251
34,-1.3645918134669694,-0.09395251881129921,-0.0010609647958050514,0.0632726284422003,-0.006000644410086324,-0.002144545848656561,0.002953563943183614,0.008954208353269938
35,-1.4481402440867988,0.01447043412650316,-0.06477227442483169,0.0035976754983064775,-0.008389793053256848,-0.008230164532083743,-0.008008202521296663,0.00038159053196018533
36,-1.398818387046472,-0.14443943092113679,0.05141779168042608,0.09686917726668193,-0.0018697395921759426,0.003933359987814739,0.011439808536138999,0.013309548128314941
37,-1.4731457773848469,-0.10056847878066487,0.04774199360574034,-0.02326227397740203,0.008495036826907009,0.006923519337316131,0.004896247776251235,-0.0035987890506557745
38,-1.435321081108126,-0.13174414884417468,0.0490108604650385,0.029020315854162114,0.004069240630732961,0.00563983129751131,0.00762892357997526,0.003559682949242299
39,-1.4989761116530238,-0.18273371537704228,0.008259403074384327,-0.10847268782085834,0.011093812174764857,0.004314804039552302,-0.0037227329205343704,-0.014816545095299227
40,-1.3510567410342977,-0.06153508322226042,0.053555310390046296,0.06188500253297498,0.0016971457342847681,0.005435452115107893,0.010473627457547662,0.008776481723262893
41,-1.3129604336232843,-0.015825142382633633,-0.011289579751125881,-0.007553240574336061,-0.0008708320684554002,-0.0013252433305158571,-0.0019417882143578779,-0.0010709561459024777
42,-1.3549010651636257,-0.1353730503944065,0.026321296359575447,0.021731291302111943,0.001689452084347104,0.0029587817792974085,0.004567001475011468,0.002877549390664364
43,-1.4219858405810117,-0.02549740343066495,0.023088530713953656,-0.06612655391650815,0.00905203692381142,0.005089932211046641,-0.00015764604968726965,-0.009209682973498688
44,-1.3310157176536315,-0.07996964869798026,-0.03263935794181762,-0.004360585666837781,-0.004182623106468247,-0.004359856185284735,-0.004585470086789193,-0.00040284698032094605
45,-1.3906513157093956,-0.20271711150679925,0.020851341076226906,0.0011706345973966671,0.0029002391519174085,0.00282869536176196,0.0027192421557727586,-0.00018099699614464995
46,-1.4200248707845557,-0.015341511608866758,-0.02858773103961605,-0.08029692653010571,0.003328507808583841,-0.001295143363117524,-0.007424095295964713,-0.010752603104548553
47,-1.3624204607929624,-0.1247968331254443,-0.1184106518708994,0.07862920348465019,-0.023106283318539235,-0.018052453826804246,-0.011452235331300933,0.011654047987238302
48,-1.3859682914405047,-0.14692200871492175,0.016040188925396867,0.03397737058930942,-0.0009435095983760669,0.0011102275642530537,0.0037106482489724394,0.004654157847348506
49,-1.351557777180857,-0.16561090744965576,0.016902773135184762,0.05197481449345303,-0.002577522431436555,0.0006722290843066683,0.0047730956104028695,0.007350618041839424
50,-1.357894892056426,-0.06231582153346303,-0.023651506527201546,-0.0056486399317076455,-0.0027427150843923093,-0.003032452483962421,-0.003412067984071159,-0.0006693528996788499
51,-1.3743767757004166,-0.1456514747681465,-0.07525198219846337,-0.1000646784605756,-0.001173253926782659,-0.007009869559911147,-0.014064824851405042,-0.012891570924622384
52,-1.4070388258307123,-0.17450544831703535,-0.07454580606666561,0.12447247619496554,-0.021261788574358707,-0.01352520049523084,-0.00360852244058466,0.017653266133774048
53,-1.4202504336022344,-0.08524936913872579,-0.04949648017650896,0.03307264763736348,-0.009470720598136965,-0.007422978598405018,-0.0047248035467542596,0.004745917051382706
54,-1.3695185858490222,-0.1620495596740901,-0.017651960910600152,-0.006690990233998731,-0.0018800237810620917,-0.0022040591505917925,-0.0025942876012188423,-0.0007142638201567506
55,-1.439638659567706,-0.04871377845493091,0.013087152725417266,-0.08922024924652097,0.009788698753721032,0.00443693918678746,-0.002497837672137511,-0.012286536425858544
56,-1.2922005221402295,-0.08096374330576114,-0.01983738234823589,0.06501886627443912,-0.009030185311068474,-0.0049217926997002425,0.0005624984293385812,0.009592683740407056
57,-1.3383695902349224,-0.09243334351389805,-0.11572385919913086,0.07797632866360824,-0.02273569160749877,-0.017867281679807494,-0.0113955837048851,0.011340107902613668
58,-1.4011081089762583,-0.11856870607468897,-0.06806064569898325,-0.06277514242753894,-0.003577275296995861,-0.007064265484274102,-0.011392538894931793,-0.007815263597935931
59,-1.4473116863407203,-0.13025808249828688,-0.07616780863555526,0.05632676916492618,-0.014896747485442842,-0.011358615298555865,-0.0067885716623801865,0.008108175823062655
60,-1.3987955585959335,-0.04739560182308361,-0.024864558303346773,0.009187958297777056,-0.00414058382106109,-0.0035642889615262884,-0.002792639178103877,0.0013479446429572133
61,-1.3523334108984704,-0.03273097201336076,-0.016796075442215556,0.04058625280834647,-0.00597502393219567,-0.0035532362559915565,-0.0002533624174909137,0.0057216615147047565
62,-1.4899367627212936,-0.13630661688866033,0.023755069101225865,0.006614703195830316,0.002570444606343122,0.0028519106624673722,0.0031962429249018302,0.0006257983185587084
63,-1.4038124309959876,-0.07722075004169304,-0.008473429290388676,0.02089047792941398,-0.003032338235108474,-0.0017686463696537482,-0.00010296365200148668,0.002929374583106987
64,-1.310760678726756,-0.04977400120878919,0.04010621067112501,0.1386188379690681,-0.007363356636339255,0.0011099044103864376,0.012875948928003369,0.020239305564342624
65,-1.42045989872045,-0.05229427091230777,-0.007322656163399887,-0.030439846400853284,0.0017459529573076223,-3.29022201549042e-05,-0.002373435153723343,-0.0041193881110309655
66,-1.396717158910793,-0.18706926431492346,0.029754187561867138,0.007684480839240955,0.0035287863210173107,0.003830943265377755,0.004176602322067462,0.0006478160010501511
67,-1.3950892602640683,-0.07337883908875223,0.00430416143989475,-0.022246781428602903,0.0026333168898009527,0.0012717190081252456,-0.0005042372907387991,-0.003137554180539752
68,-1.3966832840475942,-0.10108928547149916,-0.052127528746398,0.04453166655744297,-0.011022680396431834,-0.008232705626304548,-0.004577303207549713,0.00644537718888212
69,-1.3680210092152918,-0.10812130349877275,-0.057051909689563654,-0.0009903532133180362,-0.0077936018819465816,-0.007637853336732922,-0.007419614078137218,0.0003739878038093638
70,-1.3173114668983408,-0.060143630767567915,-0.040146376967223354,0.05218969700572307,-0.010432042438585275,-0.007201036346102776,-0.002853606904589222,0.007578435533996053
71,-1.435081696464965,-0.11728654418017571,0.017780417763702733,0.00020137923646120328,0.002404955963674092,0.0023443406770029276,0.0022604487432482437,-0.00014450722042584846
72,-1.3763891246629054,-0.17949351560216653,-0.04937483527153167,0.05710485181564299,-0.012273495143225684,-0.00844695516056866,-0.0036224292395623495,0.008651065903663335
73,-1.367872210992478,-0.17193730492352702,0.016407507391867904,-0.01721602362934446,0.004049970102778353,0.0028304678184002657,0.001310739629767935,-0.0027392304730104178
74,-1.3759308908038053,-0.11145660150984397,0.019039865430136325,-0.006319575487612015,0.003279597713281642,0.0028082015650723493,0.0021971776131893025,-0.0010824201000923395
75,-1.3267500772610081,-0.06971624983416003,-0.0067068456096059294,-0.00566959431781643,-0.00041239099430032865,-0.000749455876383409,-0.0011917665025993494,-0.0007793755082990208
76,-1.3658336389496077,-0.14981067041349605,-0.017319874971447102,0.020391819331035607,-0.0043859904422631655,-0.0030163732750538856,-0.001277762243781808,0.0031082281984813574
77,-1.359848278735757,-0.0060290460386955794,0.06334173395226392,0.0506428127895466,0.004029399077183819,0.00709162465409557,0.011344051525455218,0.0073146524482714
78,-1.4106609754686492,-0.17284494343917778,-0.051484067187031156,0.04899396397174567,-0.011559053188501351,-0.008297059246818343,-0.0041810399397648875,0.007378013248736464
79,-1.3557819743222006,-0.08479404773883258,-0.06902463350650415,0.03004473923052224,-0.012179668212532052,-0.010200417186337355,-0.00758739787872814,0.004592270333803912
80,-1.3684223746249877,-0.10471828982438611,-0.03561072957976861,0.010089085902114351,-0.005869608765178276,-0.005126560373583159,-0.004156726868881112,0.0017128818962971635
81,-1.333799455386944,-0.07641787135718335,0.05709060096262984,0.09489717881032911,-0.0009067407167836916,0.004914127288098978,0.012767813420397307,0.013674554137180998
82,-1.4001248153903871,-0.08047749195175315,-0.0437688866244149,0.012042860165068883,-0.006962973713900676,-0.0061350705815172634,-0.005043298001274996,0.0019196757126256807
83,-1.2995643273790183,-0.04672916932246949,0.04811757740553538,0.13004516820619366,-0.005490873394646503,0.0025375557904280224,0.01367535175913811,0.019166225153784612
84,-1.4439127949002335,-0.09153661715707487,-0.004819022723118613,0.003251360984251704,-0.0009318771284188834,-0.0007251538142492179,-0.00045590327524091,0.0004759738531779734
85,-1.335108524044421,-0.09905657467504855,-0.029033561854254306,0.0658960872912847,-0.010216293721961462,-0.006091756261938065,-0.0006458956050134489,0.009570398116948013
86,-1.3420977163544974,-0.13413192185440398,-0.019181493714660238,0.13262522256493642,-0.015072015038443454,-0.006861551732076335,0.0039613494830877975,0.019033364521531253
87,-1.3679858552308055,-0.030322631586777803,0.017056271175864137,0.03750490656519167,-0.0010937751999616553,0.0011309915051260012,0.004164096548377822,0.005257871748339478
88,-1.4736378874227987,-0.1305602195876201,-0.06765274494186577,0.06965214394037936,-0.014711371066007492,-0.010512506498644153,-0.005081405559183426,0.009629965506824066
89,-1.33697607626658,-0.11054062802799738,0.013580099384380862,0.03787580404248828,-0.0016782672718762626,0.0006663677943938121,0.0037128391209527737,0.005391106392829036
90,-1.396569449008181,-0.21593905107085234,0.012986162177837799,0.03729477276953871,-0.00171789747888673,0.0005901584821599388,0.003393759672241256,0.0051116571511279855
91,-1.4452073046271134,-0.13416460581665088,-0.07930144902818481,-0.06738812314202677,-0.004593782914221474,-0.008177391515477268,-0.01255329261209687,-0.007959509697875396
92,-1.386986729565366,-0.0904938390856929,0.0005007217156435851,-0.03784679636419769,0.0035912343357315814,0.0012566091663258451,-0.0017428483450445751,-0.005334082680776156
93,-1.362496060747428,-0.06354737317650828,0.02957004176142072,-0.006443601141350801,0.004739258037980383,0.004272917611125129,0.003654074494580523,-0.0010851835433998602
94,-1.3604227785137606,-0.058422005694896764,0.012982426050498328,0.005161340133417663,0.0013224274275398873,0.0016123813108448954,0.001996171334731421,0.0006737439071915338
95,-1.4082708456855912,-0.15953333432241554,0.022185786688531838,0.024344809529249545,0.0008263939797451429,0.0022327639865077323,0.003986040302729316,0.003159646322984173
96,-1.33487103036345,-0.13517747398199018,0.02895485999080314,0.05663666195449546,-0.0012905635687960565,0.0022189027690304878,0.006736152832785236,0.008026716401581292
97,-1.311038514912952,-0.04162528650770652,-0.025218482471645536,0.070322947797354,-0.010016704690229881,-0.005749242499356087,8.684932578843321e-05,0.010103554016018314
98,-1.3567708694050955,-0.0634072303504868,-0.04856397928156975,0.004734406101140131,-0.0070823087740424185,-0.006693191605793309,-0.006173485323136749,0.0009088234509056691
99,-1.3010320677426563,-0.10974194861022087,-0.03593655532335235,-0.047574883329895304,-0.0005971221904680623,-0.003510510103502206,-0.007194711527915756,-0.006597589337447693
100,-1.3271666436458642,-0.07374298252566645,0.0016998136498993664,0.0003584623550703232,0.00020723840612132735,0.0002253095608921271,0.00024880733602994544,4.156892990861809e-05
101,-1.4967805284007647,-0.14325245727109592,0.008950860072798016,0.017429106405805677,-0.0003580115659819114,0.0006237253189188724,0.0018565660923764763,0.0022145776583583875
102,-1.3298240879220162,-0.08528026789582913,0.004592242880344242,-0.01045375263147443,0.0016543969622326293,0.0009801164446415086,0.00010142210324916413,-0.0015529748589834652
103,-1.4616772441657973,-0.17366514760774338,0.024511278830581296,0.0390545985428265,-0.00022181193256903632,0.0020227429544410953,0.004807867189556846,0.005029679122125883
104,-1.4085306808346647,-0.08306424582527605,0.05097886653220715,0.020214224287459597,0.005144817655639553,0.006240098129604988,0.007671164323956523,0.00252634666831697
105,-1.3050619845808793,-0.06400350070043025,0.031340106148926176,0.12965955554679992,-0.007812014205448953,0.0001712919212314561,0.011136415129304375,0.01894842933475333
106,-1.363306620590418,-0.07292545380585541,-0.053441701171766165,0.021500975733549553,-0.009242102983958356,-0.007835102413067422,-0.005969953190113126,0.0032721497938452302
107,-1.4255169741805804,-0.20202069216016263,0.01728370242872594,0.027324899593689465,-0.0001413479610841489,0.0014681776458570844,0.003423382024832815,0.003564729985916964
108,-1.3996475171967315,-0.09485163208874083,0.010369648928741804,-0.021124801984583243,0.003386969517976903,0.002055078049494698,0.0003372706193209891,-0.003049698898655914
109,-1.3450955394588227,-0.11895599742319943,0.009208634116005927,-0.017286801852071397,0.0029859934100779453,0.0018415666549867684,0.00038002785047444403,-0.002605965559603501
110,-1.3773806949079803,-0.10812491272800795,-0.02680339442434765,-0.08653998168023845,0.004385762597416864,-0.0009085201903344318,-0.007527849378808324,-0.011913611976225189
111,-1.4196623680327494,-0.06558296987259851,0.04247744411517657,-0.01009276537351311,0.006696585709085949,0.005986227130707624,0.005046569054932852,-0.001650016654153097
112,-1.330961618619923,-0.10858788372699575,-0.052763861702766604,0.032813402811940534,-0.010496462472872016,-0.008288019266021032,-0.005406224324131215,0.0050902381487408005
113,-1.3812863483836564,-0.09024636681836899,-0.007895825720338997,0.00186031420253797,-0.0012621500882591791,-0.0011238977472402974,-0.0009424202128271664,0.00031972987543201273
114,-1.3619632392718697,-0.1283115910129986,0.06852203067999003,0.09077642362804421,0.0011059795173678447,0.0066137375424617905,0.013800783391124685,0.01269480387375684
115,-1.3468402431876012,-0.05823568680421861,-0.015236826150125598,0.009689063832062654,-0.003010947702581025,-0.0023914659932378914,-0.0015666885109304357,0.0014442591916505893
116,-1.4009125089733363,-0.1269785057030407,-0.011231589447629017,-0.054354600313176224,0.0035165106523157973,0.00018784070603964224,-0.0039664839584537615,-0.007482994610769559
117,-1.387229943269568,-0.14851061521777112,-0.04987282507276483,-0.10187324270725034,0.0025962161356884667,-0.0035335117528026774,-0.01094775360343689,-0.013543969739125358
118,-1.3097475134785403,-0.13897182259256158,-0.00962711832035133,0.03526238945343683,-0.004832647137899391,-0.0025163318142748157,0.0004513285649840191,0.00528397570288341
119,-1.3969483010638888,-0.12392832426333403,-0.06631152365050846,0.04079934721329982,-0.012664226909268961,-0.009978567316848262,-0.006502083207644472,0.0061621437016244895
120,-1.3493059931371505,-0.09990938826769094,0.005811518840869338,-0.02014841723479302,0.002745708407849149,0.0014526973487248376,-0.00021228949992663655,-0.0029579979077757855
121,-1.3820750063541145,-0.08677641177966607,-0.048174926642451404,-0.001108173694458682,-0.00646517431392635,-0.0063850530736888345,-0.006270878973494288,0.0001942953404320616
122,-1.438680959668387,-0.07325155258132687,0.018404529194170464,-0.08607015211724722,0.010335334729538402,0.00506603211195713,-0.001672010804584392,-0.012007345534122794
123,-1.4217726660961179,-0.11465465897625547,-0.03225056832218754,0.03755459101322308,-0.0077023434203658285,-0.005362736948558156,-0.0023298309395705244,0.005372512480795304
124,-1.3552122273195089,-0.1350714337810545,-0.018500771720882526,-0.0019845255260819566,-0.002442753151510973,-0.0024802113303525474,-0.002518395885956395,-7.564273444542234e-05
125,-1.3260784864930981,-0.14941518748852295,-0.03915091244000843,0.01354395163750018,-0.0069477916297024725,-0.005884305012041588,-0.004520080592001989,0.0024277110377004833
126,-1.3210297002452631,-0.10841690646836111,-0.03884656494789564,0.04394126220611279,-0.009658719829985198,-0.006793671404157238,-0.0030488209016563124,0.0066098989283288855
127,-1.4212152246242657,-0.09487043725400332,-0.07407683216515674,0.07374334307845926,-0.01612687022235679,-0.011729679425066005,-0.005909167937636626,0.010217702284720164
128,-1.4313193307996768,-0.033578434756109485,0.0258918651308431,-0.06477983386873466,0.00929126680754059,0.005399322273336787,0.000267938112147534,-0.009023328695393056
129,-1.4112878614628817,-0.14742656529036466,-0.08874054187811664,-0.14038165584338913,0.0007258340318951991,-0.007392806305874368,-0.01706039306012283,-0.01778622709201803
130,-1.453278614093032,-0.019225977804954466,-0.01416570610495494,-0.010283200853106748,-0.0009367069360079107,-0.001504551278048126,-0.002271888126489222,-0.0013351811904813112
131,-1.3299324308365534,-0.12479556255779344,-0.00623294659113768,0.06287491198402025,-0.00688310156424679,-0.002901255170409189,0.0022737437092533847,0.009156845273500174
132,-1.4030926431536455,-0.012536214925724362,0.005806187537739357,-0.0157730643807014,0.002179318772525594,0.0012546812428302092,1.1428504030507888e-06,-0.002178175922122543
133,-1.3824610274237612,-0.19207530380826032,-0.13914324251275056,-0.10612383341784352,-0.009610433159516974,-0.01517799039772053,-0.02159045815796653,-0.011980024998449555
134,-1.3198664045719497,-0.07057388177453658,-0.011126074505692071,-0.041072147897591046,0.002339083197047654,-0.00022132865933143655,-0.0035505198465159912,-0.005889603043563645
135,-1.465488021919712,-0.09323315722648454,-0.042282877737839286,-0.1942084388774859,0.01187083019815289,0.00036549545475264805,-0.01362449739348765,-0.02549532759164054
136,-1.400348579784908,-0.1698228188732025,0.0065866407571991345,-0.02504863213366912,0.003318488551216977,0.001684009862970816,-0.00033279520770966976,-0.0036512837589266467
137,-1.4477141876206823,-0.13742313035567635,0.02475047047014327,-0.04429743209225574,0.007497405008737807,0.004634562368360101,0.0010555936233941406,-0.006441811385343666
138,-1.3358151266733125,-0.11043902757624073,-0.03209664645518512,0.019217813165611275,-0.006355620786496426,-0.005039704741186331,-0.0033294084101110994,0.003026212376385327
139,-1.276565291610944,-0.08934581855595926,-0.037106505412272735,-0.0016730990322766683,-0.005230051039391642,-0.005220709288432369,-0.005200093114374553,2.9957925017089562e-05
140,-1.373755712924987,-0.13039523692344163,0.0207696831200265,0.008916880735176729,0.0020988099162898453,0.002568820127599728,0.0031584664037606863,0.001059656487470841
141,-1.5500007265563993,0.03982858479448519,-0.014741921844659719,-0.032402672027572195,0.000822399826746759,-0.0008601692959488604,-0.0032076898480112004,-0.004030089674757959
142,-1.3876398395754739,-0.033032971137820985,-0.04160085644317655,-0.01874522023270003,-0.0038850180186250066,-0.004925071984841113,-0.006313966378684344,-0.0024289483600593376
143,-1.3639271094184375,-0.1464941495211693,-0.030954850801692028,-0.017069635143151417,-0.002774704042256382,-0.003687858076827666,-0.004810751759325617,-0.0020360477170692356
144,-1.434846546116845,-0.17209003356602598,0.033718004469172724,0.043760720526386604,0.0006146773578895505,0.00314322713712037,0.006290245898205572,0.005675568540316022
145,-1.4400754292164952,-0.11248322919328402,-0.012686960106687767,0.02835705414449364,-0.004232493062756767,-0.002510326168566269,-0.0002842633770317848,0.003948229685724982
146,-1.3278246152405189,-0.13868959451040025,-0.04021762642054538,-0.004776938376283345,-0.005324877805370716,-0.005432248599952254,-0.005546290725868524,-0.000221412920497808
147,-1.3527120158421877,-0.07548156621222904,-0.0058261417585852016,-0.03704478795309549,0.002668546277342603,0.0003821093496554367,-0.0025838641477736505,-0.005252410425116254
148,-1.383465740696367,-0.15539890695997102,0.00014063537165546688,0.0423825169541966,-0.003969176366991682,-0.0013194484601523366,0.002035652552557487,0.00600482891954917
149,-1.2978519647245483,-0.04692086691134205,0.06305450796882899,0.25198248038236737,-0.014634047371236223,0.000637369950061451,0.02256472787103853,0.03719877524227475
150,-1.2989755445582853,-0.12215910533808523,0.07149366228125627,0.18441268800754412,-0.007511331609358875,0.004114225929121687,0.01978758851464441,0.027298920124003284
151,-1.2889035512073093,-0.16028243633475214,0.03767210740402796,0.09911361621804796,-0.004253791492992748,0.0021171260326601888,0.010318267433241043,0.01457205892623379
152,-1.3704611873707053,-0.14568020571441137,-0.028618946541534084,0.04581507347830014,-0.00829402804520964,-0.005324770760158986,-0.0015281358049161918,0.006765892240293448
153,-1.3629567732724603,-0.02966924912116332,0.013763934378625676,-0.021708519993406228,0.0038986326741915684,0.002564992404604448,0.0007776779599286657,-0.0031209547142629027
154,-1.3496880773002868,-0.09463385382129316,0.022410697299277124,-0.0002935746030922545,0.0032127999465218545,0.003120040654872295,0.0029940846193620865,-0.000218715327159768
155,-1.3326194148568706,-0.1119060704765269,-0.04718104905769143,0.060525201248336345,-0.012276279251746111,-0.008399040028323423,-0.0033217097670459206,0.00895456948470019
156,-1.3671768661972379,-0.14614425135542516,-0.017213785925273076,0.020871958148002228,-0.004406732890528259,-0.003013238275862972,-0.0012411232074123692,0.0031656096831158896
157,-1.3991993852331226,-0.07888188838129526,0.050873248618294384,-0.08901308354040888,0.015548117342640609,0.00976739209219454,0.0023709788191493466,-0.013177138523491262
158,-1.403102677208309,-0.11073574758317863,0.041681142586603895,0.026685792229016354,0.003305227154137699,0.004802090467060731,0.006728726859399559,0.00342349970526186
159,-1.380262350476368,-0.13213852994805453,-0.06342244063330396,-0.09261820501659697,-0.00020229361919150925,-0.005635042447295069,-0.012282397691063991,-0.012080104071872481
160,-1.418829024285106,-0.06231085350930358,0.02106436513454336,-0.01909956693011958,0.004579361450256403,0.0033863072244384026,0.0018165825734657252,-0.002762778876790678
161,-1.3081179885704626,-0.09525353081514984,-0.06260468723862248,-0.011074823497590924,-0.007857246672156475,-0.008334777299904601,-0.008935223549200668,-0.0010779768770441938
162,-1.301245137616439,-0.05746944053950533,-0.02107840654170176,0.015109187025927538,-0.004424274218717825,-0.0034449578762671697,-0.0021378443172401186,0.0022864299014777063
163,-1.465637454474233,-0.15428762698041637,-0.06288754043222178,0.039554951670689745,-0.011759017284015119,-0.009147456868527741,-0.0058279816686435835,0.005931035615371535
164,-1.4485677984158087,-0.19170764425320463,-0.005497190967616753,-0.009074207197758102,7.97485499420949e-05,-0.00044617391187097387,-0.001080456179175284,-0.0011602047291173789
165,-1.4110767225410297,-0.1633259060508921,-0.0208517739779705,-0.1608966474930442,0.012452509786542904,0.0022303657580384994,-0.009867015833414605,-0.02231952561995751
166,-1.347564773188366,-0.05104937193689954,-0.08374462841110689,-0.018209018662829805,-0.009745674210199604,-0.010662783015627808,-0.011868687826262816,-0.0021230136160632126
167,-1.3539022911732286,-0.061073003331737014,0.030031116082605808,0.01717139290775057,0.002592070631329357,0.0035931915455623756,0.004922928097715211,0.002330857466385854
168,-1.3444335934164453,-0.09339208584111566,0.05559904618567031,0.09758502333224288,-0.001370792265404462,0.004596971467155986,0.012573034200545702,0.013943826465950163
169,-1.345671345458288,-0.1584365065381172,-0.04694810949250182,0.04325471152523272,-0.010770577723007635,-0.007816185760516537,-0.0040540846646987235,0.006716493058308911
170,-1.3138865047043176,-0.12604776027740194,-0.01762365488242374,-0.0338097540728665,0.0007302870907219179,-0.0013769447822725449,-0.004029648142944625,-0.004759935233666543
171,-1.383897694782055,-0.05416859424516862,-0.020952335447551484,0.03858744128862071,-0.006288511580835455,-0.003985442612744965,-0.0008904278597748004,0.005398083721060655
172,-1.468129832715907,-0.18762379165223092,-0.065318104484359,-0.13847145251019874,0.003769483972410514,-0.004270638838630671,-0.013583688204626793,-0.01735317217703731
173,-1.3492119117486046,-0.046743331391302226,-0.0035364546032185095,-0.04190431699023135,0.0034228523219374247,0.0008511538700993055,-0.0025386118868772037,-0.0059614642088146284
174,-1.443635850370287,-0.17502041232497142,-0.03080171833100406,-0.13920523527712764,0.008760722274174812,0.00020331150087904702,-0.009868408077406793,-0.018629130351581605
175,-1.4034397879599396,-0.04312546796701968,-0.01768336072320511,-0.035816403735227834,0.0008449275802737609,-0.0012382518726738235,-0.003990220622450709,-0.00483514820272447
176,-1.4455345230765222,-0.07972287239903475,-0.0061541289999044735,-0.03124285555880447,0.0019672869289941897,0.0001436249632087414,-0.0022129148582187446,-0.004180201787212934
177,-1.4084404283741963,-0.07915719198236486,0.0396445893900986,-0.03075465276480553,0.008316350319743574,0.006306447710148977,0.003691440390349365,-0.004624909929394209
178,-1.3488075984661654,-0.10672297079669216,-0.04655676663696448,-0.03617978718227058,-0.0031511772022816092,-0.005214026764347213,-0.007822987513612484,-0.0046718103113308745
179,-1.4246824308676076,-0.07993569522138762,-0.027110831037431924,-0.031319074572555484,-0.0008252200621717232,-0.002595043809724491,-0.004877502165599341,-0.004052282103427618
180,-1.2984353632682082,-0.07050975832083338,-0.021247738403283596,0.050678008990170754,-0.00782289410922322,-0.004630780600300507,-0.00036181759661923954,0.00746107651260398
181,-1.3629907826043406,-0.10017747979448223,-0.04921134009503927,0.02088091414188657,-0.008714488011438449,-0.007286639758257076,-0.005419697008001161,0.003294791003437288
182,-1.3075481741533774,-0.1103977972485413,-0.024864937053588457,-0.025269356191654546,-0.0011540883031032163,-0.0026744648595677235,-0.004607178342034256,-0.0034530900389310396
183,-1.3468333977627787,-0.10642474070749994,-0.021599469734289,0.0008907843287539684,-0.0031336197292658064,-0.002997811351221547,-0.002816166899482133,0.0003174528297836734
184,-1.3821012436214355,-0.1305861338809106,-0.11254302375939496,0.05454157132088578,-0.02007297241982638,-0.016410802018450913,-0.011664360338471496,0.008408612081354884
185,-1.3763320443187257,-0.060899358586314165,-0.011978472385560657,0.16100660150726098,-0.015870860206221138,-0.006576869025759131,0.0063298667091163255,0.022200726915337463
186,-1.2903656399925543,-0.10329386050165558,0.004876431583455673,0.00857585483984491,-0.0001263222146165874,0.00041218824808509735,0.0011093000731509834,0.0012356222877675709
187,-1.3732471800250716,-0.021110474402943467,-0.0023562200170004974,-0.04007758544343973,0.0033362042999801815,0.0009384318807720803,-0.002271709713293121,-0.005607914013273303
188,-1.4056495708038066,-0.052815538676376284,0.050588179814279585,0.018232434957172937,0.005221452118154705,0.006234271070647909,0.007585530761581702,0.002364078643426997
189,-1.389170317829086,-0.04069632743131685,0.003018937364625702,-0.03262810157440534,0.0033841151773172885,0.0014220413260136113,-0.0011793875543394678,-0.0045635027316567565
190,-1.4224080420083018,-0.11684319400496797,-0.0168752209596983,0.013927143566961047,-0.0035503115780505857,-0.0026484424054232436,-0.001486541628766903,0.002063769949283683
191,-1.3554776801613921,-0.07967264898068559,-0.022712045840414877,0.035609066040765046,-0.006426875687468657,-0.004211460067848817,-0.0012794406211376365,0.00514743506633102
192,-1.3391644880709974,-0.061827732257698796,0.03703160253372237,0.08978790927751823,-0.0032137713884673896,0.0022441111533751893,0.009661784194338842,0.01287555558280623
193,-1.3271927657557419,-0.13247817636233616,-0.02519599764502157,0.006002478229869795,-0.004202794244113097,-0.0037051359818162117,-0.003060479461960442,0.0011423147821526549
194,-1.4375781847938183,-0.15378379073491671,-0.008955814777566403,-0.07828611380357539,0.00604120028746582,0.001221854753935797,-0.004646967536646736,-0.010688167824112556
195,-1.3679903944794018,-0.11943647507387643,0.11523159972646352,0.19220547623253756,-0.001883494913591205,0.009860018777498692,0.025732810909184962,0.027616305822776167
196,-1.2442253286085403,-0.11016931543050529,-0.0490544890414469,0.03494417543730691,-0.010688996797028096,-0.008252153022826485,-0.0050655464148309055,0.00562345038219719
197,-1.3967694661262604,-0.11156601827182866,-0.027710822388367015,0.04216221186663401,-0.0076126215437846345,-0.00498650360842623,-0.0015709147864945538,0.0060417067572900805
198,-1.394595085076335,-0.10861802177092457,-0.01813485745511405,0.04997495525859237,-0.007030617682680858,-0.003967411634762732,3.0243870871635932e-05,0.0070608615535524945
199,-1.3685830269235386,-0.13031093416218437,0.0054287004840599395,0.04158785466398052,-0.003152514368183621,-0.0005795120868127447,0.002726590159933087,0.005879104528116708
200,-1.413549511875022,-0.10802429287720666,-0.009048162017937867,0.0006938176558914237,-0.001297810221880765,-0.0012217942717745551,-0.0011213359581895039,0.00017647426369126113
201,-1.3656557110579406,-0.04765522542053546,-0.03948965621795302,-0.16232646397492187,0.009692474096252823,-0.00024082682053666292,-0.012846804852151669,-0.02253927894840449
202,-1.357042337144524,-0.04029999740447002,0.029886034968770486,-0.014753862039863425,0.005538549103003493,0.004585070077795792,0.0033109129083593036,-0.0022276361946441895
203,-1.3596183425391482,-0.13569172749352015,-0.0035398515208548385,-0.0007963694038460043,-0.0004284648330425306,-0.00046206929459095966,-0.0005028451207943779,-7.438028775184728e-05
204,-1.2851095339733833,-0.08275930503609522,0.038004588149517356,0.18362552686106656,-0.012083214662239071,-0.0006646112218949339,0.015090445255384641,0.027173659917623712
205,-1.4354717821219387,-0.03128517339101547,-0.07754071440434684,0.024443517946255062,-0.011951765997563266,-0.010536426868938183,-0.00861675795413213,0.003335008043431136
206,-1.3495268406666254,-0.15762948048702827,-0.03815004697633369,0.049394539535293436,-0.01009347195733872,-0.006803803106802796,-0.0026137614505047663,0.007479710506833954
207,-1.362464502711622,-0.1681328847153436,-0.016971245638586218,0.06473441794045622,-0.008544430419788364,-0.004384376701701172,0.0008899768145901411,0.009434407234378505
208,-1.3659616592244948,-0.14307380310474868,0.006159741424777272,0.052357963818393936,-0.004082204316102626,-0.0008242229950157493,0.0033444484773857896,0.007426652793488415
209,-1.3793765697173748,-0.15587395957326416,-0.01454199764764795,-0.0021953744036233673,-0.0018509873615035826,-0.001909726462093239,-0.0019735910127888683,-0.00012260365128528568
210,-1.4935397523457725,-0.02773963594209264,-0.10006160905884291,0.0016439632579744803,-0.012367652295328952,-0.012187399816217628,-0.011942381246541501,0.00042527104878745114
211,-1.3743813691405058,-0.1557413337745043,-0.03430436090396514,-0.04729404296775189,-0.0003777590231921352,-0.0031739143500203034,-0.00659301507724248,-0.006215256054050345
212,-1.3619638953488349,-0.14292974887640753,-0.031932191952871045,-0.07788097827084368,0.002899672500385395,-0.0018993309660390641,-0.0077858280997208035,-0.010685500600106198
213,-1.372922822677627,-0.1261235152235959,-0.00724246095012138,-0.062280130322624576,0.004904487439562879,0.0009895496695248203,-0.0038987402393694886,-0.008803227678932367
214,-1.4197847667772245,-0.12637386473683845,0.01691532310124738,0.0028152414785251913,0.0020727917876102874,0.0021713504322048035,0.002289644902795568,0.0002168531151852805
215,-1.3949509133468212,-0.10673997941468669,-0.03292545511906626,0.023214366930502564,-0.006605245947699581,-0.005095402465017121,-0.003132577028766009,0.003472668918933572
216,-1.4365521867421303,-0.14677756007895984,-0.05503043693173763,0.034892490869960754,-0.010498137203728776,-0.008171528595172804,-0.005202779381760875,0.005295357821967901
217,-1.4019311587747998,-0.15815507051463623,0.010702190580283558,0.011647527075950875,0.0004085817194554292,0.0010811985736330948,0.001916785010732884,0.001508203291277455
218,-1.389564832970427,-0.09815849181639065,-0.007357193631175048,-0.050108292843756334,0.00364534600636068,0.0005782113734125491,-0.003326145428965539,-0.006971491435326219
219,-1.330085413343847,-0.16136080339610356,-0.017737485026505212,0.04660985346847374,-0.007065131222825854,-0.0039869646035771995,-8.052216037474442e-05,0.0069846090624511095
220,-1.3948717764129153,-0.10493198704297337,0.001448580451277442,-0.01334512414847012,0.0014382167103130052,0.000612564464530354,-0.0004469623486798233,-0.0018851790589928285
221,-1.321590046217301,-0.1668276149532191,0.02182403445045678,0.053618025075759204,-0.0020633549487987304,0.001328804806513273,0.005612684086665888,0.007676039035464618
222,-1.4519981045550339,-0.04935348221746499,-0.011439007809747579,0.011525979994714929,-0.0024867840544572565,-0.0018115346907605708,-0.0009093104960280565,0.0015774735584292
223,-1.3748856158020004,-0.045308111825985944,-0.024895057980811437,-0.00483428547685457,-0.0029388256082396045,-0.0031857602071652287,-0.003513429545314164,-0.0005746039370745594
224,-1.4341080097013768,-0.10992586324439751,-0.11643202181823942,0.07104446554454671,-0.021140573127462925,-0.016788492056093497,-0.011081862546657753,0.010058710580805172
225,-1.4044757233525065,-0.15132844666578105,-0.012617428648428521,0.007221233613178169,-0.002428418415187598,-0.0019154883359902251,-0.001264678890699056,0.0011637395244885422
226,-1.4365672405422631,-0.023857739371523905,0.013180109789408598,-0.03733851422814266,0.005038175605126168,0.002852383463846995,-6.988203523301763e-05,-0.005108057640359185
227,-1.3459366706243039,-0.0865280384578748,-0.024164989434743708,-0.03356786739811271,-0.00023966657002125422,-0.002248557716479275,-0.004834437480319886,-0.004594770910298631
228,-1.397658966329523,-0.05926273749890346,-0.02384759421014007,-0.008656902562284014,-0.002432781182911187,-0.002893964742371663,-0.0035000515035677167,-0.00106727032065653
229,-1.400774173191107,-0.1556659064151671,-0.04315772216632351,-0.07800916132861804,0.0012738093173541413,-0.003353044830284442,-0.008956857266491588,-0.01023066658384573
230,-1.3018933644305695,-0.11072478858410925,0.060706893991769324,0.09021367447544656,4.833942552149483e-05,0.005708048684130084,0.013182201060158978,0.013133861634637483
231,-1.3920563101521675,-0.14087245367965648,-0.003994623682254846,-0.037839793168192186,0.003010663399174736,0.0006502714598721527,-0.0022899858427535176,-0.005300649241928254
232,-1.297878081278007,-0.08986164192194254,-0.03798085351969127,0.005642052317054939,-0.005989068554851248,-0.005516014151896815,-0.004890772892562376,0.0010982956622888713
233,-1.4396054157983291,-0.15490621824027692,0.044024791549572805,0.03147266017369395,0.0031723522383033747,0.004893566307894345,0.007041308245688688,0.003868956007385313
234,-1.3520919447398057,-0.05016032767096717,-0.0017473763490558816,0.018700620076839262,-0.0019691574036085,-0.0008324095072334809,0.0006903636628776849,0.002659521066486185
235,-1.3916652760015218,-0.24390810999766294,-0.09695081560894306,-0.13027128406303556,-0.0014205741998003485,-0.008979632490177913,-0.017405286264550554,-0.015984712064750207
236,-1.4087070737081318,-0.135433326384755,-0.04183847189078715,-0.055727361113365986,-0.0006291354448533545,-0.0038361575789455714,-0.007791393252611645,-0.007162257807758291
237,-1.3017051811904814,-0.11919160477957103,0.0059511719113605616,0.027367202573759374,-0.0018035403213947554,-5.790681747086883e-05,0.00219520099989485,0.003998741321289605
238,-1.3625717033567388,-0.0529922942435104,-0.017355289733858147,0.010355777966829124,-0.0033265438492893636,-0.00267373933367946,-0.0018021080579425223,0.0015244357913468413
239,-1.29621284052084,-0.1224049115250103,0.019271530890635945,0.10347837347275765,-0.007245786001859223,-0.0006798201548564514,0.007971635807598012,0.015217421809457236
240,-1.396839052372718,-0.12694879628393177,0.029208050882595295,0.04747540518747763,-0.00035668480341898744,0.002462207423196272,0.0060894100422724095,0.0064460948456913966
241,-1.3057872852332235,-0.07874596992725999,0.06733156718020898,0.12860336342893905,-0.0026815963157330166,0.005341200653621757,0.016257734417731637,0.018939330733464654
242,-1.3971120254518767,-0.14197291117800626,-0.06046078114101449,-0.11335858270189533,0.0021653614305777325,-0.004559577973580699,-0.012687478074863765,-0.014852839505441497
243,-1.3595986133235844,-0.0683351095405251,-0.062252362641659155,0.005543239315920768,-0.00899566377813265,-0.008519927282937191,-0.007885099993683071,0.0011105637844495784
244,-1.4113470453027508,-0.035391800988666296,0.032521286082621725,-0.078126216023412,0.011575087916988323,0.00678473389651436,0.0004959393343129264,-0.011079148582675396
245,-1.3748603466617937,-0.13412919232874929,-0.042214957328124136,0.04343734194761372,-0.009870495452075165,-0.007037003601596939,-0.0033899738385987483,0.006480521613476417
246,-1.3272711278637557,-0.05914181313662412,-0.008628637764202186,0.083839348511514,-0.008967318244120833,-0.0038762966379833463,0.0030414153265905376,0.012008733570711371
247,-1.419719380138348,-0.11969766505242774,0.006034650423000065,-0.01682816008756597,0.002380698784325207,0.0013241827423359988,-1.913851459420904e-05,-0.002399837298919416
248,-1.3938472663331207,-0.10790666470852317,-0.03348362659405449,-0.005378226345044063,-0.004099792455808438,-0.004297582646623913,-0.004540353144825877,-0.000440560689017439
249,-1.3600026528439915,-0.13831620808310072,-0.025308369837126976,0.020013758205932534,-0.0054638458803332795,-0.004094911856186315,-0.0023433743737121043,0.0031204715066211752
250,-1.387318097541554,-0.13219466210150407,-0.045045633870847916,0.1256970868179504,-0.017451606225673096,-0.009848457658307748,0.00014936200565461054,0.017600968231327705
251,-1.3469000474936856,-0.14095063412147757,0.001142533120317429,0.030272308581126308,-0.002736608894265236,-0.0008173471170255508,0.001628231176692048,0.0043648400709572835
252,-1.3416604263805776,-0.120131042479184,0.006897271536013788,0.002077270886383423,0.0007899254760494477,0.0008933869246469352,0.0010231237894838862,0.00023319831343443845
253,-1.3631946038479017,-0.0702031343372464,-0.030464425899474387,0.019339460316893504,-0.0059504416475573635,-0.004718105636030562,-0.0030844492362758656,0.002865992411281498
254,-1.3327932909309095,-0.1206773537107739,0.004546233176475862,0.0018132268509502003,0.00048021330946779374,0.0005770883845527379,0.0006992749640468939,0.00021906165457910017
255,-1.3680854332755592,-0.19606061829133636,-0.04537317438425816,-0.07100404726954324,0.00031176563457689367,-0.0039605797362761985,-0.009013631981416642,-0.009325397615993535
256,-1.4017559519395129,-0.11607940989016197,-0.03384770159715863,-0.009540121082222876,-0.003764912007348928,-0.004202774861218036,-0.004747729513719577,-0.0009828175063706494
257,-1.4107023520960902,-0.19669515004132013,-0.041902210621742236,0.0559151869344261,-0.010996445411976162,-0.007285969289732449,-0.002661836891117162,0.008334608520859
258,-1.3302969169791123,-0.02757967993094601,-0.03445612240813916,-0.020840483699054804,-0.0028373240081633506,-0.004057694368645378,-0.005693994035503737,-0.0028566700273403864
259,-1.3415394021218783,-0.14339726874685596,-0.012188587868390187,-0.004388512053769375,-0.0013331815930673692,-0.0015526154245565792,-0.0018221304309144566,-0.0004889488378470874
260,-1.33812534801223,-0.05136583514490507,-0.028216672138064267,0.01782488300696137,-0.005548619229864847,-0.004424166943296879,-0.0029179725958837833,0.0026306466339810638
261,-1.3594132321702161,-0.08802577093518708,0.0012319749985408822,-0.03753453012204215,0.0037190919995283497,0.0013674491666875658,-0.0016618546714606218,-0.005380946670988972
262,-1.409344161705677,-0.14155795160607476,-0.013510114589105449,-0.08226139101627752,0.005841333971263933,0.0007519434565649507,-0.005490510077728797,-0.01133184404899273
263,-1.3347904816542746,-0.03266034608500601,-0.03255688351163341,-0.006866062342789719,-0.003857670568904413,-0.004232457736648099,-0.004734761304657928,-0.000877090735753515
264,-1.3463017296225073,-0.016269445937089465,-0.033704490235381815,0.011583267049319902,-0.005622552758246626,-0.004922803132944008,-0.003968088447617417,0.0016544643106292094
265,-1.3911080464425771,-0.015269325777576483,0.009618919744653369,0.0019237403465464152,0.0011161991447348873,0.001224221410594917,0.001371174215436974,0.0002549750707020867
266,-1.3692339038630474,-0.1437925342580681,-0.01925721549795411,0.003164804406384461,-0.0030229640310007935,-0.0027279338018454656,-0.0023455769031550406,0.0006773871278457529
267,-1.3921495623690625,-0.12462188714427919,0.029742259852782928,-0.00963367891922778,0.0050978031926341245,0.00436012647248698,0.0034096872912272695,-0.001688115901406855
268,-1.3909605426415004,-0.09136373623764296,0.0196722539443377,-0.08858743422288616,0.011123219228773698,0.005480441391580644,-0.0016709361932258594,-0.012794155421999558
269,-1.379935259149343,-0.07052046548327685,0.0044138799400638765,-0.04921360709157436,0.0051912786573448545,0.002149987013169545,-0.0017928042497147316,-0.006984082907059586
270,-1.3842519504702806,-0.11996346473100658,-0.006654453994573092,-0.01488559596396072,0.00046286056526915635,-0.00043296929250023926,-0.0015687267384873946,-0.002031587303756551
271,-1.3723601919637445,-0.10002971298717482,0.018493513517880616,-0.004030189647059583,0.002977971169810311,0.002661139597284212,0.00224671791749721,-0.0007312532523131013
272,-1.3663439845171774,-0.16837306652000106,-0.014572916434984599,0.016037950617962673,-0.0036140865343671064,-0.0025107179196913135,-0.0011239599501517434,0.002490126584215363
273,-1.3378351342477466,-0.08060976222229595,-0.01504480961036999,-0.027691640459750547,0.000493696520004621,-0.0011904007896199375,-0.0033725217236460344,-0.0038662182436506555
274,-1.3862077620016613,-0.030364138723607048,-0.05199186531137855,-0.006898251126626622,-0.006298786641231603,-0.006640188776006033,-0.007097552391755779,-0.0007987657505241757
275,-1.3083263539965346,-0.028141120029832985,-0.045200418660459395,0.047053960218150045,-0.010575659484527234,-0.007731246286893599,-0.003837139648122325,0.006738519836404909
276,-1.4029545711997191,-0.07093369873412858,-0.04949664898013014,-0.0065098933621937135,-0.006043085932047361,-0.006299806357031823,-0.006629037792298027,-0.0005859518602506653
277,-1.3296567498805703,-0.1196111806407578,-0.08200301326773826,-0.05267325847531945,-0.0066517358001201565,-0.009570672835045514,-0.01320127515975316,-0.006549539359633004
278,-1.3333441559440027,-0.16299957241790985,-0.025429793752023443,0.02931777903396223,-0.006504068202946687,-0.004487661966888771,-0.0019353057843189607,0.004568762418627727
279,-1.41047144524678,-0.1132284261043781,-0.00496032322110943,0.00164415679149178,-0.000830892522409159,-0.0007114136427412004,-0.0005566629309514953,0.00027422959145766363
280,-1.3837783732084021,-0.15870193201687793,0.003750476710733232,0.026773486836681147,-0.0020025574042230447,-0.000336568876313938,0.0017573412118812649,0.0037598986161043093
281,-1.341034206340943,-0.06484551542442911,-0.06274784675248718,-0.04340745372733985,-0.004682515178391699,-0.007158716056154615,-0.010373594762994435,-0.005691079584602736
282,-1.3632565136034744,-0.1614887354736097,-0.0482892861497487,-0.09535699843874303,0.0022411456331166246,-0.0035806530338336564,-0.010587876121481054,-0.012829021754597679
283,-1.514274908567164,-0.20995477477481303,-0.008242306977028133,0.06602644280379368,-0.006927525829655537,-0.002970742969303758,0.0018854152289955893,0.008812941058651127
284,-1.3772221346518951,-0.20032632477145576,0.021215612053238565,0.04266313255699552,-0.001059225954265098,0.0015611347406067127,0.004779437140575289,0.005838663094840387
285,-1.366514721814944,-0.06251735023514755,-0.020918142831961792,-0.039810449898402114,0.000792174815608628,-0.0015809444040205311,-0.00467631380540661,-0.005468488621015238
286,-1.3115627401500405,-0.08408626977092962,-0.05875808561055352,0.018863960185498522,-0.010053684308614846,-0.00872818382580688,-0.0069781523295756945,0.0030755319790391512
287,-1.3315647067027465,-0.1024836694890378,-0.046591284675511345,0.016495507856346743,-0.00811300933348503,-0.006932319341500621,-0.0053885929042123155,0.002724416429272715
288,-1.379104627151279,-0.14923447716402755,0.03624308075995986,0.0028740551281583523,0.0049128625067378215,0.004908777946037993,0.0048823852441133315,-3.047726262448997e-05
289,-1.3854343475722792,-0.13006095869200343,0.05269100314937262,0.11006823122672169,-0.0029236706602219285,0.003709219186008408,0.012405937234423233,0.015329607894645162
290,-1.3442568663125072,-0.11945604162482365,-0.04108934728738122,-0.03409892447230461,-0.0025985891967143138,-0.0045594026366136495,-0.007020978494677957,-0.004422389297963644
291,-1.3951953922080684,-0.18810199581840456,-0.03916222942329643,0.01744306784365933,-0.007144508192378945,-0.005802453887169892,-0.004116913348251894,0.003027594844127051
292,-1.3127132288363481,-0.05804674787423342,-0.02490117665345553,-0.012715513323492841,-0.0023202533182414523,-0.0030572124597815485,-0.004028312944687288,-0.0017080596264458354
293,-1.4023785707693077,-0.21295102906492788,0.01693511571100458,0.07031161656037883,-0.0042809374704231955,8.141314903054268e-05,0.005450188925707134,0.00973112639613033
294,-1.3378648469409764,-0.17774539804158002,0.012870021207040915,0.05345637591321755,-0.003337039279138625,6.319434400789513e-05,0.004330123756011006,0.007667163035149631
295,-1.3338891137890991,-0.14560840414029796,-0.038001675820592475,0.016240310168355865,-0.00700051613938945,-0.005783377987672027,-0.004223306806280483,0.0027772093331089667
296,-1.3773354026853573,-0.1163704718040748,-0.06058628294297959,0.014850564908391824,-0.009686409144479713,-0.008551623900729412,-0.007074809022764067,0.0026116001217156458
297,-1.342655633857329,-0.03876083001264232,-0.015196616395135438,-0.01689273729820752,-0.0005393997518127274,-0.0015439043348387366,-0.002883437912844747,-0.0023440381610320194
298,-1.4071811462916306,-0.020552183510935185,-0.11295192107510402,0.01383726127455166,-0.015628514106710126,-0.014799445653543752,-0.013670694426814912,0.0019578196798952143
299,-1.3032272916833412,-0.11936994080372831,0.01697435459250157,0.0942485598584274,-0.00665721617025821,-0.0006985146243465122,0.0071441283595229405,0.01380134452978115
300,-1.36666318326352,-0.11041039509300686,0.005490999159374087,0.00663824801794407,0.00014754261523444877,0.0005409318148230483,0.001045710956123078,0.0008981683408886294
301,-1.3488802303722385,-0.0388272601304051,0.006727614354670867,-0.04104201853704244,0.004775393037532466,0.002237431063720727,-0.001125989414521379,-0.005901382452053845
302,-1.3758645844261097,-0.13821332579433854,-0.0027649038143301233,0.011669314024264943,-0.0014912972528034784,-0.0007469088492923835,0.0001982231045191413,0.0016895203573226198
303,-1.4480872972403258,-0.0844906828746338,-0.006301536120948081,-0.155430410160854,0.013357132068558271,0.003906279079293529,-0.00782425359661834,-0.021181385665176612
304,-1.3219447284805361,-0.05403993344662281,0.04504516516557028,0.07062220096219222,-0.0003132244948841065,0.004023806895259644,0.009912113342656573,0.01022533783754068
305,-1.3875858227855504,-0.029123461737644785,-0.003369915962748299,-0.02318000933823992,0.0016411737272197886,0.00026955128911099316,-0.001566804737973751,-0.0032079784651935397
306,-1.4580605691996746,-0.2758754850882915,-0.04504028976325332,-0.14278577321931743,0.00728761809605882,-0.001567728779979273,-0.011296525890335465,-0.018584143986394283
307,-1.3991487515728782,-0.03138130819826813,-0.004512296757201763,-0.039554375681495314,0.0029588058878251074,0.0006219043148478102,-0.002486189447206259,-0.005444995335031367
308,-1.2896228564247432,-0.1514122577043406,-0.022773054270375268,0.04714020509950188,-0.007978049559629783,-0.004802972540726936,-0.0007421896472653884,0.007235859912364394
309,-1.3814179374784896,-0.035421274372548245,-0.026550749766922822,-0.0006469362295808442,-0.0035115865621264753,-0.0035166332283268153,-0.0035224714856587707,-1.088492353229541e-05
310,-1.3721024035784293,-0.12853453642244153,0.027837764142142736,0.0225215674783006,0.0018093764064957818,0.003111357356056475,0.004767799602014498,0.0029584231955187158
311,-1.2877192093534828,-0.10674851739357394,-0.003217429892956921,0.04564231387422278,-0.004911283976786899,-0.0019700739616169277,0.0018778986880291777,0.006789182664816077
312,-1.35992822724983,-0.18230245295301145,-0.02141854955935487,-0.031080120837490798,-8.966829868722489e-05,-0.001961254761649943,-0.004225650933088552,-0.004135982634401327
313,-1.3234255714622747,-0.17897715935635472,-0.04563376284343793,0.05380036407817279,-0.011801151346703183,-0.008094924230672968,-0.0034119936620273603,0.008389157684675822
314,-1.326056562601182,-0.06011206171930982,-0.04223454489416309,0.0030343435418564288,-0.006174168293022323,-0.005901268279567947,-0.005535468460665635,0.0006386998323566883
315,-1.353682876038151,-0.10575231946209036,-0.0007905132164274967,0.024668016306246827,-0.002435672690077105,-0.0008969098991818869,0.0011010856785260033,0.003536758368603108
316,-1.4083181855604117,-0.016947422130812496,-0.03519832448067417,-0.00769166347177627,-0.003941447729410344,-0.004358067679350378,-0.004922241492598754,-0.0009807937631884107
317,-1.3949683121892669,-0.08431370127643802,-0.05521536207735025,-0.01613532368063255,-0.0060076928910868365,-0.006795466502220493,-0.007804476612472312,-0.0017967837213854754
318,-1.3609306509426455,-0.08336648082812585,0.002711735828001378,-0.0427797173186262,0.004417961975911444,0.0017369315238299045,-0.001721101125393377,-0.0061390631013048215
319,-1.417850332040285,-0.08325172513226631,0.011807773056465092,0.023376299818333484,-0.0005179257310409721,0.0008448171676241636,0.0026329506005597714,0.0031508763316007438
320,-1.40572548245431,-0.16907045442576646,0.01765516828225879,0.030813896323354947,-0.0004171494764306638,0.0014192212806824205,0.0037057094456402185,0.004122858922070882
321,-1.3957733812998254,-0.07987902119370606,-0.013953981196240351,-0.005126495585688837,-0.0014343655470583235,-0.0017028890840576024,-0.0020507358519428714,-0.0006163703048845479
322,-1.3512899536036982,-0.08476283875859657,-0.011992292948403649,-0.0024371768297594826,-0.0014520004055690846,-0.0015668414188823418,-0.001714140983788519,-0.00026214057821943447
323,-1.373143007081295,-0.12462360850403462,-0.0560223957812759,0.013494786093176312,-0.008999567063653279,-0.007940304663134858,-0.0065658514913510034,0.0024337155723022754
324,-1.4157486824035455,-0.09543697569834694,0.013042727774386049,-0.036238997311182755,0.005126497357175974,0.0028649252014475847,-3.549165597320819e-05,-0.005161989013149183
325,-1.321779525518906,-0.08445939999306315,0.053463996089878445,0.11075282788895699,-0.002934847176816526,0.003911693295688562,0.013149566370577763,0.01608441354739429
326,-1.3962095389996945,-0.03079637308344034,-0.003942670580759401,-0.006306743695433464,3.7289432460828875e-05,-0.00032921622311526207,-0.0008218074483548741,-0.000859096880815703
327,-1.3504814216808039,-0.12860057685806053,-0.013629544597360125,0.036934054519112525,-0.005423549957609715,-0.003055708544568926,-7.1679098692388545e-06,0.0054163820477404765
328,-1.3788458333453715,-0.08382871313696708,-0.010712912960332794,-0.0044783786306220146,-0.0010646705706711204,-0.0013055397352509462,-0.0016171814338347779,-0.0005525108631636575
329,-1.397111078625679,-0.08941987108187603,0.03595763308336397,-0.026131351296853907,0.007443360462026939,0.00570281137134269,0.0034463166058793537,-0.003997043856147586
330,-1.4654966199464423,-0.10307223567323169,-0.02867462674986228,-0.1454295276151451,0.009277833059468122,0.00065976241977871,-0.009916627503286347,-0.01919446056275447
331,-1.3775572221135661,-0.13636535759287666,0.0173678428844878,0.00600010219191241,0.0018926762441209874,0.0021897293994611344,0.00255797929489728,0.0006653030507762926
332,-1.3784618480014346,-0.03398755299650526,-0.012650932190797007,-0.039330552111348296,0.0018620330469975837,-0.0004718801226663933,-0.0035715555367291443,-0.005433588583726728
333,-1.3715331495451226,-0.1493299883702228,-0.02480254331612758,-0.013805983942969918,-0.002206331771689238,-0.0029434399100601396,-0.0038488387245424987,-0.0016425069528532609
334,-1.402603025762649,-0.04030092919226106,-0.08912539956966595,0.022885268696934326,-0.01357319189748308,-0.012178061075400927,-0.01029572224344556,0.0032774696540375185
335,-1.3406097126110126,-0.04954146082421932,-0.0437719876749123,0.04050556704609956,-0.009688917494595321,-0.007215037147952536,-0.003877757608050414,0.005811159886544907
336,-1.347194148671207,-0.07448511682565502,-0.05561653749409342,0.02699616002927467,-0.010123462511103513,-0.00837088188880111,-0.00604661394799116,0.004076848563112354
337,-1.3120605017892413,-0.11047690209422495,0.09288781859748776,0.17052334357922028,-0.003062496228313913,0.007634908039487789,0.022088136873468667,0.02515063310178258
338,-1.317061043298379,-0.15338012787998487,-0.036961565706592335,0.0474301194156753,-0.009907883133750666,-0.006702276181731944,-0.0026061924986262447,0.007301690635124421
339,-1.3901662885847519,-0.14046616827735509,-0.014598303039135493,0.022596111751974665,-0.004138176667870481,-0.0026738825135771186,-0.0008088522661259981,0.0033293244017444826
340,-1.4396311279627674,-0.12087787346271361,-0.025109222903105126,-0.011130719538555378,-0.0023789303005354646,-0.002934694050626836,-0.003629157968309081,-0.0012502276677736164
341,-1.3336366247070346,-0.07279622428964573,-0.061341464318433694,0.011875384418327094,-0.009600532160766412,-0.008731864352109252,-0.0075787420228903045,0.002021790137876108
342,-1.426498563378404,-0.08572274415317029,-0.0071872508981267475,0.0014702501374536572,-0.0010970249158369122,-0.0009884494912468012,-0.0008456907831348188,0.00025133413270209343
343,-1.4086011549079156,-0.17705475400025963,-0.004119195380440983,-0.0008964534558546567,-0.0004954003129512413,-0.0005262455208332951,-0.0005608769849732219,-6.547667202198057e-05
344,-1.2902104136666048,-0.05641619351157759,-0.05190224145901884,0.007926845726551435,-0.00810246146338866,-0.007513446332558239,-0.006725298548161215,0.0013771629152274454
345,-1.361230623468241,-0.048987526955266654,0.011002985246416233,0.008806101319477495,0.0007053322039791851,0.0012224797268902295,0.0019130051045312482,0.001207672900552063
346,-1.3674546448477967,-0.09957249999642631,-0.029190653104011713,-0.0940316748857244,0.004770881319714,-0.001000725130250264,-0.008241523673659414,-0.013012404993373413
347,-1.3869872589453764,-0.07687401653180836,-0.04271895452943407,-0.06846921321860597,0.00042649202472897586,-0.0035795782374555994,-0.008704594124905787,-0.009131086149634763
348,-1.3348633291668561,-0.10797579795794988,0.04475795500123244,0.06238122059498487,0.00043102265525796993,0.00425351390063213,0.009263197612152774,0.008832174956894805
349,-1.3283997472676803,-0.08396476858285637,-0.042459979230870026,-0.019279748637622083,-0.004172246261950913,-0.0052369789192556315,-0.0066094108131856625,-0.002437164551234749
350,-1.3687672233819212,-0.056785206039512516,-0.01896615775603754,-0.009094355878760218,-0.0017662964846033745,-0.0022750533596983796,-0.0029459374863713686,-0.001179641001767994
351,-1.337639065050727,-0.03497960707600835,0.04358186545025175,0.06472432278241663,3.6838846375099565e-05,0.003964643123866354,0.009348756448578433,0.009311917602203333
352,-1.355501217605208,-0.004600938306269273,0.004573253855435912,-0.03269072751293305,0.003623279315368114,0.0016579039612474426,-0.0010065082245933822,-0.004629787539961496
353,-1.4008495912967767,-0.11212160690988733,-0.032876831870151516,-0.05069141523074597,0.00014478187068112339,-0.0028122336304212472,-0.00652798371856845,-0.006672765589249573
354,-1.3478572247781957,-0.09808438253312804,-0.030006078732907816,0.05504949041755437,-0.009283222378028434,-0.0058373671292518605,-0.0012998012194929674,0.007983421158535467
355,-1.3951347925671396,-0.15522220548179136,-0.003631564046849549,0.0179865054786316,-0.002196653953496072,-0.0010549965153265814,0.00038160085855992184,0.0025782548120559935
356,-1.4481724801928946,-0.041027016304022126,0.05265306567291945,-0.07398833745000362,0.013745930214851463,0.009207247269401028,0.003260998951345571,-0.010484931263505892
357,-1.3878886142554085,-0.16592381360172612,0.04796442937060299,0.04325151474831841,0.002714520228960085,0.005220329765336441,0.008351404491637154,0.005636884262677069
358,-1.3049525087467944,-0.0981979299721474,-0.0647477644810974,0.054681953583463984,-0.014282849836368771,-0.010723789566396092,-0.006029755386165669,0.008253094450203103
359,-1.3484927378735594,-0.062175663604829824,-0.016612547220369818,-0.0025419063611806575,-0.00207222007060654,-0.0021909852046421577,-0.0023460706606787222,-0.00027385059007218205
360,-1.3526520340980301,-0.0934569273555961,0.021895126054546354,0.05703326363886516,-0.0022826234677301932,0.0011927628887412288,0.005780181267093251,0.008062804734823445
361,-1.4084538229842787,-0.25499862701661885,0.01780009539091711,0.04325269304185181,-0.0016123714969998734,0.0010578844429000595,0.004223614035430587,0.00583598553243046
362,-1.3299308619470944,-0.040423181560373965,0.01453929149751583,-0.020282854995327962,0.003964341184936336,0.002680676425168987,0.0009692129812198177,-0.002995128203716518
363,-1.3936726315485728,-0.1400868816497538,-0.00940622984215627,0.0563630535506546,-0.0065148309973015244,-0.0030224721872791583,0.0014586519313583763,0.007973482928659901
364,-1.4021198967036357,-0.0027969442331023213,0.032142035773870314,0.03232836338111442,0.0013922236508125945,0.0032754612629886663,0.005882756606161032,0.004490532955348438
365,-1.3796597948931926,-0.1322883340414962,-0.015783597670940275,0.03655950594100173,-0.005603644574324357,-0.003283039076340128,-0.0003044161332157149,0.005299228441108642
366,-1.3634712659709343,-0.07355449578075751,0.062162208907230454,0.13207478329654646,-0.003617670036060411,0.004333096959625204,0.015197751843084901,0.01881542187914531
367,-1.4746642809419481,-0.1995782958201176,0.015671175850357266,-0.07335400520549964,0.009028773283447535,0.004290932211042102,-0.0013544360457301292,-0.010383209329177663
368,-1.444076377565083,-0.13267237881215246,0.009184364297036531,-0.1110947132171065,0.011612968073180038,0.004635418263529212,-0.003908601699112255,-0.015521569772292293
369,-1.3803623303358064,-0.1322686432358262,0.01975139955993399,0.007445034520424321,0.0020877473056082007,0.0024665095076750396,0.0029391811118825387,0.0008514338062743381
370,-1.3776172355158338,-0.16276114940156952,-0.03559901587760993,0.05980279350002988,-0.010557072361205039,-0.00667940061810564,-0.001751135400927968,0.00880593696027707
371,-1.3248192296567116,-0.11004045931683318,-0.0015386503539248503,0.02404423263137684,-0.002526767694353818,-0.000996736698415162,0.0009866945079983177,0.0035134622023521357
372,-1.4060380570979296,-0.06681343434776135,0.011006816627945159,-0.03414583229332995,0.0046238427291736125,0.0025309631738215893,-0.00020008521793655345,-0.004823927947110166
373,-1.4124898070987646,-0.06625592343778179,-0.03530417986871536,-0.007608414768526089,-0.004031968469761226,-0.004393698555067892,-0.004864389994358949,-0.0008324215245977228
374,-1.3247602851389757,-0.023080249776789907,0.022811662253795877,-0.006670988574130916,0.003831295044751445,0.0033993884691926944,0.0028151324616446463,-0.0010161625831067987
375,-1.3142797940881035,-0.06867956476106983,-0.019190267505317254,0.002222559341338294,-0.0029326458171467906,-0.002748341634128784,-0.0025027508480488397,0.00042989496909795087
376,-1.4233615407400686,-0.12422335014406775,0.010070663894218918,0.01680400989861188,-0.00016085631469610234,0.0008189019724672883,0.0020677235130044974,0.0022285798277006
377,-1.418340404916713,-0.11846344956219444,0.03282157309627034,0.0198143643974522,0.0026949321854656642,0.003780546245501339,0.005164937677342624,0.00247000549187696
378,-1.2816595366648362,-0.052730200526652254,-0.0005880040008530687,0.13349344420107354,-0.0126635070779419,-0.004465634209995483,0.006882401797626911,0.019545908875568813
379,-1.341507932904345,-0.11664152752822347,0.0066251119438984,0.023329504716676545,-0.0012824727103072206,0.0001674783601656949,0.0020363461848907846,0.0033188188951980054
380,-1.3453411764727496,-0.09372438052314996,0.0463269027250964,0.07546222232671179,-0.0005902836130786109,0.004013395814915568,0.010123682774691818,0.010713966387770429
381,-1.393627490118856,-0.09469871404838018,0.02075134436648926,0.018882793553187054,0.001119890530393561,0.0022097625424398392,0.0036263114049161138,0.002506420874522553
382,-1.3165650321785416,-0.15088793753956925,-0.003988434203370432,0.0674570169076723,-0.007119557450249097,-0.0027685236466265316,0.0028125917225533033,0.0099321491728024
383,-1.40485454544878,-0.053426481257772294,-0.018035819230880674,-0.12484865209601403,0.008989482341110723,0.0014608937097646162,-0.00815969749070393,-0.017149179831814652
384,-1.3068744873012375,0.004612030659916999,0.05233819645736215,0.08511917397050119,-0.0006438984346540545,0.004584149474079435,0.01195988113554382,0.012603779570197874
385,-1.402610151579116,-0.08604852488701184,-0.029227438136542813,0.001071501387509513,-0.004051932045094482,-0.0039005613250447818,-0.003697696432053025,0.00035423561304145706
386,-1.3952530932384601,-0.09296261500679329,-0.01775362466194065,-0.08416651644664093,0.005362472385927533,0.0002419211815593892,-0.006224798800862121,-0.011587271186789653
387,-1.4031029230092007,-0.18120192553421577,-0.007511520210477948,0.04384441900701741,-0.005163188507876191,-0.002380845836510397,0.001091898411103396,0.006255086918979587
388,-1.4105736751258193,-0.1715456386591046,-0.0008063904182494571,-0.0485088733710377,0.004486661312565401,0.0014113221363778702,-0.002339245527104727,-0.006825906839670128
389,-1.3595484762670045,-0.05525956582743721,-0.041665179845861225,-0.05862493833355435,-0.0003359092924612071,-0.003793148862288566,-0.008294744745044212,-0.007958835452583005
390,-1.3301601226856863,-0.06412233829737621,0.046039484373882986,0.08291555935851305,-0.0013304447633287009,0.003747609201488245,0.010625525370622602,0.011955970133951303
391,-1.3916174933713532,-0.08779976045163013,0.022558322605399122,0.04042891973481974,-0.0006177048414879055,0.0017765208302618519,0.004928145026019171,0.005545849867507077
392,-1.358996289354013,-0.05301382411364601,0.029682837371673182,0.09491358479658163,-0.004631779903832375,0.0010430076616464103,0.00880824614107819,0.013440026044910566
393,-1.380152928628306,-0.08369567809631483,-0.022176397075544696,0.013979750676748701,-0.0043174882759502665,-0.0034129756487068464,-0.0022245662087331244,0.002092922067217142
394,-1.4196817803881494,-0.06278880453464078,0.0428169643042755,0.042623150884225185,0.0019217753445058383,0.004378350297687922,0.007663918242567478,0.005742142898061639
395,-1.4224625002822624,-0.126126558834891,-0.0022002282554224456,0.011416567839656585,-0.0013449917718140146,-0.0006428244637524628,0.00025292766233747253,0.001597919434151487
396,-1.386856946044447,-0.15024658391314843,-0.03130256515996831,0.03655792857294,-0.0077510047907717,-0.0053473899355717044,-0.002287710805943892,0.005463293984827809
397,-1.3956860040640524,-0.1833872086593532,0.03057145586909355,0.05591966309823409,-0.0009731631986645411,0.0024007911047585835,0.006601907681450974,0.007575070880115516
398,-1.3371692612684103,-0.1367398436202963,-0.060877732548795235,-0.10404116982061207,0.0012674152384280464,-0.0050732277127119125,-0.012808954367845859,-0.014076369606273904
399,-1.3937594239391238,-0.16656276736425127,-0.09294898986158254,-0.11997219074288899,-0.0017850749590961714,-0.008662895296506002,-0.016788388833859254,-0.015003313874763082
400,-1.3332426090354554,-0.10599296120047925,-0.009279894489976757,-0.01753576796037353,0.00035177180456117237,-0.0007247269621320336,-0.0021025893219566655,-0.002454361126517838
401,-1.3895825173835172,-0.11644491709801129,-0.006027431058402304,-0.006672740961491132,-0.00021726525650489834,-0.0006040972786536132,-0.001095578006633504,-0.0008783127501286055
402,-1.3730373632176414,-0.14786168679854994,-0.03516353845277417,-0.0005780466675186155,-0.00489657080398958,-0.004750635236238241,-0.004546865440055546,0.00034970536393403445
403,-1.3847981540447802,-0.19247314322006018,0.004198450405813581,0.048065478632873894,-0.003986225968106212,-0.0009521589872716658,0.0028110283051146754,0.006797254273220888
404,-1.4498266387461234,-0.01783356478520437,-0.00789237381453528,-0.16288888586281364,0.013462521172027826,0.003883963944869898,-0.008468829659137542,-0.021931350831165368
405,-1.3294202863073186,-0.0910302051031204,0.014579493257618637,0.03186584496443306,-0.0009605337751658854,0.0010027699338832627,0.0035792465127444466,0.004539780287910332
406,-1.3683295701975684,-0.17226271484817585,-0.02999417950939497,0.022466703314396142,-0.006397558030838898,-0.004804679884258699,-0.0027980923167922776,0.00359946571404662
407,-1.3353455789132416,0.01433432173617507,0.04768686644339264,0.14326438858887983,-0.00648658546218168,0.0019815349061447973,0.014217375647757501,0.020703961109939183
408,-1.4330013453289057,-0.07498627229636697,-0.017615492453183196,-0.018362387910942878,-0.0007098763990740655,-0.0017399291564319098,-0.003078008301277331,-0.0023681319022032655
409,-1.3512870618199955,-0.0869108178531483,-0.040791947740943135,7.087738742770884e-05,-0.005678061241403582,-0.00554979282251906,-0.005374266565151883,0.0003037946762516992
410,-1.4320115148742762,-0.12853083609168253,-0.0037934491991320728,0.0036407748101217365,-0.0008484321808443961,-0.0006112663948178767,-0.0003086612524090597,0.0005397709284353364
411,-1.4179900114347919,-0.10213217467476961,-0.006648084272788207,-0.012365478298542914,0.0002216795812324021,-0.0004999059590820663,-0.0014243047878120176,-0.0016459843690444197
412,-1.4444665778102723,-0.026480321875289967,0.021413913782204756,-0.037025885838809725,0.006089607143355626,0.003909886462805668,0.000999854555124986,-0.005089752588230641
413,-1.3672486220393023,-0.07933770525652298,-0.013345168236317427,-0.03175989565578961,0.0011018927845841966,-0.0008112066206230271,-0.0032875764844283056,-0.004389469269012502
414,-1.3515764649932196,-0.16254857317199933,0.009130312399151803,0.03070639228560223,-0.0016472011775664518,0.0002776326980682915,0.0026955327174993096,0.004342733895065762
415,-1.3536381405330684,-0.12697507496625743,0.0028522725861215084,0.02107603196193547,-0.001599893946873754,-0.0002823486818289704,0.0014044907916175335,0.0030043847384912874
416,-1.3493630096416842,-0.059392796339010706,-0.05861767593556069,0.017412177998404523,-0.009595156097834236,-0.008445304695095262,-0.006910538794924761,0.0026846173029094747
417,-1.3505659769081566,-0.11603593684935917,0.007835137841073182,0.02361616286040723,-0.0011314834101643191,0.00032480476119674717,0.0022017731980903655,0.0033332566082546846
418,-1.409652273152798,-0.11758676849930115,-0.10024682090024005,-0.025818994425666264,-0.011146078900212733,-0.01223518372349586,-0.013570995509085538,-0.0024249166088728055
419,-1.3458888765584387,-0.09545727779917981,0.07254920657245226,0.18504320199490926,-0.007155449049233271,0.004120227412028231,0.01956450533018407,0.026719954379417342
420,-1.3099533696120151,-0.12089493012501255,0.044718625822914616,0.10289205858642869,-0.003496421586609745,0.002963792201449863,0.01147698371108077,0.014973405297690515
421,-1.3617286699906073,-0.0664684964974996,-0.04618433585122671,0.018422404248504953,-0.007981297502434056,-0.0067823642870752585,-0.005188821224372937,0.0027924762780611196
422,-1.4123521437865518,-0.05847049328630802,-0.03313263083922911,0.050629035614418554,-0.008819228424273103,-0.005855815072598512,-0.0018712051269407018,0.006948023297332401
423,-1.3446198296830207,-0.16470513488200525,-0.038330164623921296,-0.053128871084288994,-0.00040288256461838045,-0.0036008765740321615,-0.0074877182792225105,-0.0070848357146041305
424,-1.4202027168201812,-0.0710380454249769,0.029559035281594308,-0.03688729613954139,0.007402928107148113,0.00508433764310338,0.002065090501829809,-0.005337837605318304
425,-1.3530442932545212,-0.04717246169940327,0.046739986904053836,0.12827981108572975,-0.005351753712397554,0.0023273834048532093,0.012977757019689841,0.018329510732087394
426,-1.4169527580372736,-0.1586184826211241,0.011195158958018286,-0.001953340443426148,0.001747256403677212,0.0015629459435481973,0.0013258221535184247,-0.0004214342501587874
427,-1.4366062181721848,-0.14216323204727338,-0.005260601111091271,0.023384143006883313,-0.002842980226353159,-0.0014051651042788294,0.0004174128188598326,0.0032603930452129917
428,-1.3512772052099242,-0.09062868366492537,0.00904650638211822,0.06613121526109388,-0.004910604772192969,-0.0008684090586545753,0.004492059924873657,0.009402664697066626
429,-1.366046223251747,-0.17061512860185638,-0.010114879558568162,0.03373160263417922,-0.004663576664132861,-0.0024645168257515764,0.00029664002419185076,0.004960216688324711
430,-1.2956076488169521,-0.11790156803684013,0.03318337459465921,0.0775250077549435,-0.002730810799483736,0.002173580924744499,0.008601733951468064,0.0113325447509518
431,-1.3648213659401323,-0.12475051845796667,-0.022947408998693318,-0.0059084007910147444,-0.0026752289460610437,-0.0029424296401105218,-0.0032721017546957893,-0.0005968728086347456
432,-1.3857134081352769,-0.1271289436635391,0.00034369672592638595,0.06930247953715932,-0.00636349625139393,-0.0021271277256970835,0.0033705235082904985,0.009734019759684428
433,-1.348611330073332,-0.13045687447565996,0.029374626373280026,0.12333423187504126,-0.007501180941023269,9.976458681806729e-05,0.010113521000361253,0.017614701941384522
434,-1.4417805709781533,-0.14169567310230685,-0.07684667068709801,0.046486094612193864,-0.014261295332448968,-0.011216203111919414,-0.0073107833079103825,0.006950512024538585
435,-1.3623005202261558,-0.04452760177916486,-0.008300711061871295,-0.016347112440162282,0.0003632623737291647,-0.0006113512039630719,-0.0019066607879879953,-0.00226992316171716
436,-1.3562572229011889,-0.0775121939663023,-0.021615200072906262,0.035221719144675194,-0.0062340185609437646,-0.004048501445675928,-0.0011528864102468145,0.00508113215069695
437,-1.4052220194820284,-0.15832794795899607,-0.06983581882360736,0.022382574703940755,-0.011602645101922864,-0.009879739729512487,-0.007680055896798609,0.003922589205124255
438,-1.4111942523429195,-0.11669532997284612,0.01563082157493104,0.021805115499253232,0.00014269562626504262,0.0014136384892841731,0.0030443118807038268,0.0029016162544387844
439,-1.378126278144781,-0.12078132546279481,-0.021044217126717564,-0.0028992879090993327,-0.002666311915776992,-0.002755997744679267,-0.0028618909571522387,-0.00019557904137524652
440,-1.4178859637437198,-0.14579389758302197,-0.00757807151144585,-0.004570785635673397,-0.0006250291863039161,-0.0008674944334212527,-0.0011670887792182205,-0.0005420595929143044
441,-1.378050868832636,-0.10940267597575706,0.025173307598024885,-0.010070645999207487,0.00449995330474312,0.003769393629338631,0.0028238509320983587,-0.001676102372644761
442,-1.3210760001506388,-0.11135395709368065,-0.032804548585435876,-0.025739193276004897,-0.002239754689016789,-0.003740052630367759,-0.0056410219759548096,-0.0034012672869380206
443,-1.3782246130997828,-0.032506590278348874,-0.037859229717760845,-0.001165213078840207,-0.004972917465133293,-0.004997785790253295,-0.0050300911246798224,-5.717365954652914e-05
444,-1.3527933254521016,-0.15651057416379094,0.09334544479961263,0.15071404425965834,-0.001082698826245025,0.008231850759070984,0.02040363546472778,0.021486334290972804
445,-1.3766703502698323,-0.08440889611303465,-0.08978388154967548,0.05315032211168163,-0.016742354147687145,-0.0134327010536347,-0.009043195105072448,0.007699159042614697
446,-1.485272994562019,-0.10943719791569335,0.029923376351522823,-0.005138557406090835,0.004420110744290684,0.004001344301979442,0.003455930506846389,-0.0009641802374442954
447,-1.4374754627441226,-0.18359285284828641,0.009957298110245637,0.019903252691582718,-0.0004668237941660737,0.0007079077016129353,0.0021498659836138986,0.0026166897777799725
448,-1.4229532481416687,-0.18632674965884796,0.07867642765095101,0.07728180404245487,0.0038097654734802113,0.008268271987300542,0.013826684716250858,0.010016919242770646
449,-1.4267157777984485,-0.21255295098782342,-0.04066674928555746,-0.16197733266557046,0.009757492101836717,-0.00040586026110848354,-0.012020504528756448,-0.021777996630593165
450,-1.36963476209345,-0.03982751880318812,0.011704061560824399,-0.03236397163553864,0.004604536458619234,0.002615373684925369,-2.554365708783083e-05,-0.0046300801157070645
451,-1.467628928016665,-0.18923513127612102,0.026947673629070117,0.005750932525078357,0.0031820908997317624,0.0033614996098715517,0.003556995626377113,0.00037490472664535035
452,-1.3864092230304392,-0.12878784705478485,0.016519536086712108,0.052770078391269605,-0.0026192955352244635,0.0005782223257716874,0.004699846051538791,0.007319141586763255
453,-1.3635305632242658,-0.11068222108042224,-0.031333545176590406,-0.03165760055376625,-0.0014261711814233257,-0.0032641453552571436,-0.005589209159130804,-0.004163037977707479
454,-1.404482978448825,-0.05968940246373916,-0.023558499736724525,-0.019214193749532843,-0.0014392933044332231,-0.002522402035360332,-0.003943752856416476,-0.002504459551983253
455,-1.2735870690718991,-0.12130911201515795,0.012485371245492025,0.03998718239624295,-0.0021148953378676027,0.0004620171279890644,0.0037988026885587,0.005913698026426302
456,-1.3644434666038459,-0.1362103671860224,-0.005265932767213164,-0.0030754719810358105,-0.00045590095175196746,-0.00062494139008278,-0.0008360102423881728,-0.0003801092906362053
457,-1.3246018719964712,-0.06017224557100489,0.0630525281991872,0.0665555413840638,0.0026305273366744493,0.006718019376257305,0.012239883353270012,0.009609356016595563
458,-1.3002080047603608,-0.08573701226646664,-0.01349715516772806,0.027815106633049657,-0.0046051463735870555,-0.0028122520754880593,-0.00044993058605510985,0.004155215787531945
459,-1.3827647614466585,-0.13025927213750832,-0.11067227249619158,-0.021026090463867775,-0.013198470133435586,-0.01393677248529339,-0.01481091283722596,-0.0016124427037903736
460,-1.286374468601964,-0.09259502642741321,0.04649025026673144,0.07449676099564564,-0.0004916458878034744,0.004204937610505716,0.010447237690696932,0.010938883578500406
461,-1.3632954654987546,-0.08177161420849813,-0.005388220553164784,0.04255897986464833,-0.004676738910508721,-0.0020769339769820543,0.0013644267080043999,0.006041165618513121
462,-1.410423175149146,-0.1325129669168664,-0.00183641621883764,0.018952723875875054,-0.0020008534563954864,-0.0008329692576255651,0.0006546111724742383,0.0026554646288697247
463,-1.4188233251925209,-0.09712379094324337,-0.017611802301290762,-0.005315320548399209,-0.0019007934968166616,-0.0021578129189479714,-0.002484777022121505,-0.0005839835253048432
464,-1.4039856560068287,-0.08751057020185647,-0.06470490036985006,0.03511072937591379,-0.011729766525597138,-0.009511492332732673,-0.006588510780949827,0.005141255744647311
465,-1.3803381715629006,-0.037240065548751713,0.023328952386405703,0.11773272765108041,-0.007402859085564416,-0.0005401983633282985,0.009008344546574384,0.0164112036321388
466,-1.2832641062793297,-0.1048735423342351,-0.03567127995266866,0.029622552861329664,-0.008038376373546863,-0.006030031420211736,-0.0034046916797839362,0.004633684693762927
467,-1.3964330923191566,-0.11996004625518909,-0.03414261967003531,-0.017035905265693936,-0.003136333489589402,-0.004027305399193122,-0.0051430498403391475,-0.0020067163507497456
468,-1.4095444560391484,-0.018342191476991634,-0.07866458653352804,0.02477547613313036,-0.012248293680323744,-0.010837687734476487,-0.008908848177433851,0.003339445502889893
469,-1.4103046397101335,-0.09491741088324936,-0.027351242905876153,-0.06556731108385058,0.0022651086936186413,-0.0016063960904987259,-0.006508014873240115,-0.008773123566858757
470,-1.3627906380313775,-0.017936227759928203,-0.003602232929054809,-0.01783073115233644,0.0011362078413550767,7.321077177428846e-05,-0.0013624846568363884,-0.002498692498191465
471,-1.3353658949180531,-0.16857103981892083,-0.019125535655546776,0.04876523984187956,-0.007466084367861782,-0.0042394891295712825,-0.0001589392539131444,0.007307145113948638
472,-1.3808626823689771,-0.1777537277562918,-0.04850204925406528,-0.016240497636633676,-0.005331127934706326,-0.006045680163542434,-0.0068793530690570235,-0.0015482251343506975
473,-1.4773631641374072,-0.12087280096929659,0.036575197470470784,-0.002841627019258889,0.0051534458148287665,0.004828474850712883,0.004400959540633148,-0.0007524862741956186
474,-1.3908185411090208,-0.09106763193937262,-0.016987983743216015,-0.040251273120922304,0.0013743557071256973,-0.00102501873233237,-0.004097315432449221,-0.0054716711395749185
475,-1.3174175284849905,-0.14316860029792486,-0.013934089825547284,0.05989560737462147,-0.007790916672496458,-0.00390657192770002,0.0010895694655442781,0.008880486138040737
476,-1.388943574958845,-0.18013025308793854,0.008622112738213356,0.03167676890974531,-0.0017878400468640783,0.00017218509795957005,0.002604650145942571,0.00439249019280665
477,-1.3384016463535109,-0.15108690956089232,0.06609674584710175,0.1359475650698068,-0.0035870923808603438,0.0048740780204783694,0.01592590264386402,0.019512995024724363
478,-1.3843666655209692,-0.05271577850556458,-0.010324829183486787,0.054373385215270395,-0.006274811983005143,-0.0030631720272043545,0.001277124469341156,0.0075519364523463
479,-1.294365518588689,-0.06294989263795586,-0.03710140764743792,0.018156181243272604,-0.006992304773338354,-0.005788315349397816,-0.004183781620826362,0.002808523152511992
480,-1.407136516470781,-0.10711343978327523,-0.0071883373126176466,0.00824977904658556,-0.0017382658480516564,-0.0012125081079986041,-0.0005329895708684612,0.0012052762771831952
481,-1.386051588663109,-0.026171990387818055,-0.026644156396299315,-0.005991688531557578,-0.0030267653988690587,-0.003351135412084177,-0.0037878777601163148,-0.000761112361247256
482,-1.3646353478433437,-0.1847900704911648,0.02241865945758515,0.056867536533768914,-0.0022555325080013074,0.001277335221170747,0.005685833169940573,0.00794136567794188
483,-1.3582661949352988,-0.03207573933456774,-0.09609013568731303,0.07071786584733705,-0.01886781247617819,-0.014809890659048823,-0.009233929210204356,0.009633883265973833
484,-1.3631125547881449,0.03052622044175545,0.05877426254251315,0.1269602887160612,-0.0034676920148071547,0.0039718813107817155,0.014776968567552317,0.018244660582359472
485,-1.3191660077666063,-0.06149165168267347,0.04435747786637978,0.13175308180759268,-0.006140017764735298,0.001928279201096814,0.01303251569535184,0.019172533460087137
486,-1.4373753420467525,-0.09230609946871751,-0.016741624065090673,-0.049673833451454596,0.0022233074861336562,-0.0006793706277475618,-0.004377233042811984,-0.006600540528945641
487,-1.3572518943584317,-0.09663632380787363,0.019309113970868298,-0.038927754885700286,0.00646498876227365,0.0039259725864180355,0.0006645819823130416,-0.005800406779960608
488,-1.3098452443428932,-0.09314820725756223,-0.01468514685006427,-0.08729819137171878,0.006388323392972901,0.0007908578135123965,-0.006301189088945721,-0.012689512481918623
489,-1.3957748090728659,-0.039479180123933866,0.0027672752792043537,-0.01960484542225424,0.002148027937920955,0.00097734833980923,-0.0005819737897529823,-0.0027300017276739373
490,-1.360189412682435,-0.11311749672739012,0.014894491044897255,-0.05666131211712482,0.007576988599653843,0.00388687576392274,-0.0007814271668784046,-0.008358415766532247
491,-1.3966672037362942,-0.17029294545481768,-0.07505971793899736,-0.18029126261238454,0.006535456389035275,-0.004452239451775122,-0.01724389408404543,-0.023779350473080704
492,-1.3779667636526571,-0.01602218619490641,0.024408867054546278,-0.0832502652420495,0.011051599883680284,0.005946815491312056,-0.0008242821193281038,-0.011875882003008388
493,-1.4936693352684762,-0.029484036644152528,-0.04126399731626356,-0.002120268843752326,-0.0049674342926724,-0.00504006907947922,-0.005136796486153733,-0.00016936219348133268
494,-1.411713279862396,-0.17149216844182275,0.045367956708247656,-0.02041415553932796,0.008424362673262615,0.006833530054546479,0.0048344037059954124,-0.003589958967267203
495,-1.4259906511140656,-0.05053397504386921,-0.09924498924260673,-0.01206859938719924,-0.01177499235750304,-0.012268094345998671,-0.012913085113081734,-0.0011380927555786936
496,-1.3982862635810902,-0.1015393316480475,0.0026352991030482273,-0.026138564267486893,0.002787682639602618,0.0011711302250117417,-0.0008993890988633387,-0.003687071738465957
497,-1.3093467579810678,-0.11917280361247089,0.018552902366057684,0.06292115368682517,-0.0034112450897001534,0.0005576092925340735,0.005732200746138446,0.0091434458358386
498,-1.324080135509749,-0.06321034076130104,-0.052513182984356144,-0.00021830139384725793,-0.007304257103854946,-0.007201458420705912,-0.007059731624065225,0.00024452547978972075
499,-1.3729630975094502,-0.1816005402196303,-0.014076503598237186,0.04137027594352281,-0.005944339560766115,-0.0032383169755775395,0.0001456882702968972,0.006090027831063012
500,-1.3160378069823193,-0.08700624838317834,-0.04236261163295161,-0.02131738403422617,-0.004000016372504899,-0.005198264622180913,-0.006740116651183007,-0.002740100278678108
501,-1.4018262298442692,-0.16424341524964522,-0.01612702740979839,0.05167245572833116,-0.007035224727787984,-0.0037668209422049045,0.00036471546366168516,0.007399940191449669
502,-1.38138737110905,-0.20078640339443846,0.032168054433646634,0.010005854497047391,0.003702873852395741,0.004134185124822451,0.004629435640525419,0.0009265617881296776
503,-1.311430740439795,-0.18272781203162894,-0.005270153669651556,0.037248987532490396,-0.004462380716010086,-0.0019778943147259983,0.0011297671562049486,0.005592147872215034
504,-1.3822169660437489,-0.07302395052060894,0.015196769005973998,0.009383040610081397,0.0012288156392212296,0.001762632718874613,0.0024637524567779233,0.0012349368175566936
505,-1.4058993424496726,-0.15273904167884325,-0.009409852974079497,-0.12398319075953144,0.01050127293217006,0.0026234345346318817,-0.006873788754806112,-0.017375061686976175
506,-1.3331536340193229,-0.10480159008987462,-0.02499872208670067,0.020331932355571743,-0.005463992071007114,-0.004108333964572596,-0.00234278302234827,0.003121209048658844
507,-1.3534839497005577,-0.06243795766082911,-0.05980172987119473,0.00716284492596047,-0.008823960150511869,-0.008270094761136298,-0.007530778009825212,0.0012931821406866571
508,-1.3946545458403299,-0.15470204290426043,-0.009691823063986839,-0.005822641286923617,-0.0008147600689166559,-0.0011264449748815107,-0.0015090691221725735,-0.0006943090532559176
509,-1.4438376909614283,-0.06297686391494052,0.026392675496333985,-0.032157478014835816,0.006415536058110774,0.00444086839478799,0.001856044846294689,-0.004559491211816085
510,-1.3188862851235614,-0.027867028004396374,-0.06658734236011227,0.046743143299341816,-0.013330831455637206,-0.010535891860580272,-0.006709998107489682,0.006620833348147524
511,-1.4752258931026883,-0.17256413325004277,0.03610638660953453,0.04185652772267496,0.0010979895672891917,0.003439256645762036,0.006342306122198449,0.005244316554909257
512,-1.389091390797583,-0.1036761649227616,-0.002968227926085928,0.014961246588874757,-0.0017916336703341022,-0.0008677487388877614,0.00032912972979393064,0.0021207634001280326
513,-1.422921417393951,-0.1159121358269331,0.021312187579462974,-0.062239171388244106,0.008752286643141568,0.004788743415478517,-0.00019840340510760048,-0.008950690048249168
514,-1.4705367665447977,-0.10935082855945333,0.04778271877055058,0.007797423374325159,0.005704843904400247,0.005992532185151855,0.006348276444734445,0.0006434325403341986
515,-1.3873558216200903,-0.08934170795965621,-0.010163020939922603,0.03522658707598264,-0.004607335222080201,-0.0024594998847268733,0.0003637268860691221,0.004971062108149323
516,-1.3505181955393204,-0.0588057764382169,0.020682192447641162,0.05690160690406898,-0.0024102606759272027,0.0010257266024740407,0.005657434281940829,0.008067694957868032
517,-1.366624523236979,-0.1317055394084157,-0.060313221282597154,-0.018088270289326157,-0.0067448000540660125,-0.007574656397522147,-0.00858967147797681,-0.0018448714239107968
518,-1.3743850193254006,-0.17485966559505714,-0.015731649804595273,-0.06024306260759893,0.0035529612093868268,-0.00023827645547770435,-0.0048303848792120695,-0.008383346088598895
519,-1.4230294195642064,-0.0480079238599622,0.027867854589612544,-0.03022808671088211,0.006481983636998781,0.004625208908757116,0.0021707434205471107,-0.00431124021645167
520,-1.392346739795521,-0.06533470525330011,0.04308001972223327,-0.009442299548073185,0.006826942253142839,0.006145967820444919,0.0052440004294459245,-0.0015829418236969145
521,-1.4116721894548838,-0.10163114363571131,-0.022453230601183715,-0.03179847806716205,-0.00016007362130980105,-0.001995641059465167,-0.00433115690785254,-0.004171083286542739
522,-1.3881766827119957,-0.1719562430238439,-0.002731423743599734,-0.12802956120260048,0.012073428228086228,0.003710108379790732,-0.006276703094375759,-0.018350131322461986
523,-1.373913072787877,-0.10474472837609622,-0.02136464807520016,-7.752436719262595e-05,-0.0029615931452141708,-0.0028880491153074252,-0.0027869415026143818,0.00017465164259978898
524,-1.4223592131284086,-0.10449762878532358,0.05585447229315329,0.21859696934433565,-0.01196923218049653,0.0006710995237860511,0.01807382716699841,0.03004305934749494
525,-1.4202050506289665,-0.12097964730004951,-0.02488889366933066,0.0034159883921086355,-0.0036927541522363055,-0.0033829662396452627,-0.0029786032134393728,0.0007141509387969328
526,-1.4249954637598135,-0.15605318897461354,-0.027130917306832883,0.017729943437617697,-0.005339099847754471,-0.004117832882259614,-0.0025717140778497337,0.002767385769904737
527,-1.3395528075989278,-0.1529123441605193,-0.002320290446713391,0.05756829209734744,-0.00586190126900406,-0.002184301027402178,0.002509514970393422,0.00837141623939748
528,-1.3060303697754638,-0.1211906668745436,-0.02248678082360029,0.045657705905184344,-0.007638160694160773,-0.00465194401532175,-0.0007749541010092721,0.0068632065931515
529,-1.3710744050825872,-0.0919196177429467,-0.011481073312015377,-0.04200253789920817,0.0023283784763101357,-0.00023434444397193194,-0.0035171682185818854,-0.005845546694892021
530,-1.3626898402364793,-0.15244035921114252,0.036933496984524805,0.037571791731815796,0.001694450029866369,0.003922121603127183,0.006731114762024138,0.005036664732157769
531,-1.3239062135924111,-0.1582290096377943,0.0015872098137529739,0.035802120234409644,-0.0032615665106088113,-0.0009482458685657178,0.001978053099305732,0.005239619609914543
532,-1.4695155822986572,-0.1715634556901602,-0.19007564402173832,-0.11971347819961513,-0.014449416428894852,-0.0200508245074112,-0.02651543243294568,-0.01206601600405083
533,-1.3545022961011584,-0.08285059269988082,-0.029946216587059607,0.002180899739519404,-0.004363392749123582,-0.004143911536862006,-0.0038516051490700503,0.0005117876000535321
534,-1.3793879931455684,-0.13336571991567825,-0.05143003228436633,-0.005034100992185864,-0.006679751734031463,-0.006746834832263279,-0.006806466251187286,-0.00012671451715582337
535,-1.3755214076152618,-0.12800655026279126,-0.062138091083979066,0.04167771465844738,-0.012365250167382803,-0.009595148267379176,-0.006014547425071752,0.006350702742311051
536,-1.432671519791411,-0.042938687185207575,-0.0367822996106084,-0.025911917822370116,-0.002547236144550413,-0.003970878076215635,-0.005854587487782938,-0.003307351343232525
537,-1.398227095414998,-0.02843306465426011,-0.04526198417533661,0.023938850786153272,-0.00804933769278226,-0.006646120849117399,-0.004739274277006599,0.0033100634157756615
538,-1.4025929060600417,-0.06631206078737717,-0.06820192364991295,0.04413106562723797,-0.01286210168507553,-0.010202524484695843,-0.006649079555536907,0.006213022129538623
539,-1.3320632740479388,-0.11742415945224538,-0.035552903000637355,-0.039732480879231334,-0.0012858783568380197,-0.0036502882807343895,-0.006625752458778061,-0.005339874101940041
540,-1.4208243916235195,-0.02219562010144993,0.003859027473247789,-0.058482717125394865,0.00573421313936515,0.002295309529633833,-0.0022769388885209275,-0.008011152027886078
541,-1.3913431514269825,-0.09741993464062099,-0.02968901755586912,-0.010482564093587783,-0.0031088999769628913,-0.003639096758376303,-0.004314179051360339,-0.001205279074397448
542,-1.3477307138991492,-0.1846534663222859,-0.006991719075669155,0.03596367447232643,-0.0045019303173258265,-0.002135077107520089,0.0008164645648665015,0.0053183948821923285
543,-1.3694242989604803,-0.028220561038474132,-0.03183783372116668,-0.01400280214742005,-0.003036820353509324,-0.0038286449675309434,-0.004891441488894565,-0.001854621135385241
544,-1.3570457809403538,-0.15644156059890735,-0.00944325579424004,0.04742551312215981,-0.005859603024567334,-0.002816396488275484,0.0010486406095301108,0.006908243634097444
545,-1.3250289314170722,-0.07508376998496134,0.011722739493415513,0.013311685531531725,0.0004002738480996715,0.0012069441620118156,0.0022691451937870387,0.0018688713456873672
546,-1.3345946040825383,-0.11353069111284605,-0.04307402920453071,0.03514700521500577,-0.00937452355926729,-0.007040968786968063,-0.0040047706848673785,0.005369752874399911
547,-1.3308545226269406,-0.011458296247053714,0.02859162837679048,0.035406933964174415,0.0006778130547736282,0.002824144148276651,0.005782072733677175,0.005104259678903546
548,-1.2978288761467414,-0.05079561175688712,-0.019670788389080984,0.011175817163053799,-0.0038533157091917183,-0.0031251078397854636,-0.002150386116532442,0.0017029295926592764
549,-1.4349039022440009,-0.17424242678305754,0.0006979304764168359,0.04195660737036768,-0.003766509353621465,-0.0011964195126633317,0.0020132024196767356,0.0057797117732982005
550,-1.413205377959639,-0.21948873649907058,-0.020757990383430278,-0.10293140628253335,0.006965612744396606,0.0004270063667469188,-0.0071702710302959174,-0.014135883774692524
551,-1.437810225609608,-0.034129444667522026,0.010165104930300421,0.009878284609793439,0.00046579831699503565,0.0010234530078168183,0.001774873022956852,0.0013090747059618165
552,-1.3694496868366972,-0.0916193671101789,-0.0005051078555023333,-0.060605851470988244,0.005650484618510114,0.0018572336032311695,-0.0029833761683184376,-0.00863386078682855
553,-1.3625275777725232,-0.13690292891384523,-0.0032927095646617184,-0.006471801583158813,0.00014798166425167948,-0.0002461482639384955,-0.0007421824905855023,-0.0008901641548371819
554,-1.32893553433941,-0.16612507539000743,0.012772030079019392,0.009088040289545019,0.0009831360482074007,0.0015065256912959806,0.002151931108787393,0.0011687950605799922
555,-1.2761685645869236,-0.1269881424045284,-0.018455898844921468,0.0027793151678594027,-0.0030067270047649543,-0.002743405821807414,-0.0023987832750341676,0.0006079437297307868
556,-1.3655846768406903,-0.07413717528602494,-0.049511214032045496,-0.014675094135006641,-0.005447484516874466,-0.006196316822738275,-0.00716572358351128,-0.001718239066636814
557,-1.4016404049865028,-0.10935328337949671,-0.0552252502965613,0.017598720683036608,-0.009056788534334944,-0.007809304076147975,-0.006185289431624967,0.0028714991027099773
558,-1.3664770918163687,-0.1276243156086346,0.005310385392561092,0.054214622867580664,-0.004348384580317916,-0.0009972416808658752,0.0033327018909225918,0.007681086471240509
559,-1.3697504935155718,-0.14213696678598017,0.05893686179526202,-0.005958549923571066,0.009101809895665024,0.008419933384614891,0.007526301998270111,-0.001575507897394913
560,-1.449105378039468,-0.1321314730554361,-0.07499911249468943,0.07209428596193976,-0.016075204568253718,-0.011657518254933047,-0.005939688006353947,0.01013551656189977
561,-1.3588314570709863,-0.10658846790303338,-0.01659003919158926,-0.035918568315801945,0.0010533446393618073,-0.0011300173582507221,-0.00390539237392468,-0.004958737013286488
562,-1.3827409006323146,-0.09522575705616783,-0.08974734452150804,0.05717546573852751,-0.017096131215852534,-0.013518233761888813,-0.008797312020376442,0.008298819195476093
563,-1.4321109515623967,-0.13245865052823547,-0.006060001014928082,0.04085124294892227,-0.0045190401426985945,-0.0020432479944304874,0.001128744825335138,0.0056477849680337325
564,-1.4777257537064776,-0.2419895447952039,-0.14602349979371046,-0.23808221636234939,0.0018556958800695056,-0.011506603386448362,-0.02586172115930468,-0.027717417039374186
565,-1.4524790899863835,-0.16388542395029138,0.008354122995549974,0.026386065314080526,-0.0012683966755001174,0.0002914146025658616,0.002236413345589911,0.0035048100210900283
566,-1.4480859554348142,-0.2365213379029091,0.031411783406917304,0.04117619164489783,0.0005438397580823118,0.0029170975951470913,0.005737363199940071,0.005193523441857759
567,-1.371216024959423,-0.12079748614698818,-0.012190860392089817,0.01278968839838497,-0.0029062472923693477,-0.00206290913204288,-0.0009779554333236137,0.001928291859045734
568,-1.474431792353926,-0.06789473601801861,0.03837326584508528,-0.03355319296797178,0.008043691030956581,0.005969010376261876,0.003261661732145835,-0.004782029298810746
569,-1.4191386680712659,-0.0704509787093148,-0.005711362403197813,0.009945861905025666,-0.0016555128525244322,-0.0010554985789443805,-0.00026404140995235946,0.0013914714425720728
570,-1.4238113858063268,-0.1469681886390532,0.011918448478484271,0.06017753786979161,-0.003883109497897594,-0.0002740953520773769,0.004332191145729002,0.008215300643626595
571,-1.3591252425461582,-0.022932000499127633,0.02580748161337828,0.15511727807508158,-0.01041481104610381,-0.0013854270846584097,0.01143047087144,0.02184528191754381
572,-1.4129127848033143,-0.1352765490197388,-0.06062614348895469,-0.022982463938750836,-0.006176728079404075,-0.007264636308651833,-0.008595078526135221,-0.0024183504467311465
573,-1.3340596407733816,-0.17623215156257477,-0.03673441964923837,0.005132636184027202,-0.0058332926632526415,-0.005277566313170597,-0.004558876967870671,0.0012744156953819709
574,-1.3610037055544801,-0.17054240954190672,-0.01203255275481583,0.02357338162056034,-0.003983825975078423,-0.002411130645978816,-0.00043814373723320455,0.003545682237845219
575,-1.3824988197633505,-0.062058409545936784,0.01416782561937579,-0.0041195105112986005,0.002327395497652207,0.0020459639829630873,0.0016727600896047658,-0.0006546354080474413
576,-1.3468726827486184,-0.1431672630011795,-0.01653523417120776,0.026242634258528394,-0.004864763705319573,-0.0031260141430012657,-0.0009085927204247048,0.003956170984894868
577,-1.3899831631920503,-0.1593488636578398,-0.020482549989148984,-0.000948836359945771,-0.002791695121034487,-0.0027367101841834426,-0.0026543553580785696,0.0001373397629559174
578,-1.3449694745440448,-0.05155380682743682,0.007578490966748292,-0.018378002239169435,0.002784405417853336,0.001634477978886435,0.00011120255864458882,-0.002673202859208747
579,-1.4105005721720751,-0.11841929400486695,0.009563892042347104,-0.03889210958818611,0.004948732941195118,0.002496445977193044,-0.0006038080326638159,-0.005552540973858934
580,-1.3424120718281773,-0.09260721395510275,-0.00032421851726406636,-0.0019269022506964264,0.00013681415378528902,1.7094838117430562e-05,-0.00013830324044812535,-0.0002751173942334144
581,-1.4482172924454775,-0.0894156385979295,0.018722315733225393,0.008228044671526047,0.0017652326290092948,0.0021954025017988546,0.0027516017182195583,0.0009863690892102635
582,-1.3549368884605641,-0.0783190594793801,-0.06673833296703299,-0.003688207119890534,-0.0088274603560785,-0.008864487919717624,-0.008901273888560622,-7.38135324821216e-05
583,-1.400375105201517,-0.11397067090644639,-0.017862848373322294,-0.01592412937442764,-0.0009936415598537942,-0.0018926728696664506,-0.003031048113477479,-0.0020374065536236845
584,-1.4060735644173963,0.011906684080715347,0.002509812849598209,0.05770575213107188,-0.004678444587602827,-0.0014272817197401812,0.0031530228475201974,0.007831467435123024
585,-1.3127892069321545,-0.11227084824922513,0.04482622475335176,0.15239246127931624,-0.008163829101510754,0.001333439741387165,0.014096863898737873,0.022260693000248626
586,-1.471836202721465,-0.20909799780316807,-0.03507046111993999,-0.12200058458834064,0.006494210526877704,-0.0008742011743751108,-0.009374406488359303,-0.015868617015237008
587,-1.4065245648344222,-0.1395202686341771,-0.029845445477819282,-0.03218257913901323,-0.001152472550938266,-0.0029814676830663706,-0.00524563320517625,-0.0040931606542379834
588,-1.3197070620520892,-0.15425504563547204,0.02718381712305756,0.09078044981997234,-0.004883021096034068,0.0008629608016979444,0.008260459484287124,0.013143480580321193
589,-1.459825564716674,-0.10280590559002845,0.03934977347913653,0.002707298356947783,0.005042601410878392,0.005064516074307964,0.005081999298072862,3.939788719446984e-05
590,-1.3755475997461124,-0.12969371233832624,-0.034571792662782826,0.0437234716509186,-0.008838924741034804,-0.0060249784327506654,-0.0023963683423468313,0.006442556398687974
591,-1.3558369342805954,-0.0833298738994286,-0.05404790799053873,0.079702293576513,-0.014588935091601874,-0.009746335097054198,-0.003272533538003646,0.011316401553598228
592,-1.445330758748313,-0.08254549139431651,0.0006080332788386891,-0.004862754713208574,0.0005139358354163111,0.00022608785116156935,-0.00014864952276831133,-0.0006625853581846224
593,-1.353696352389517,-0.10252260632319825,-0.004391765812595223,0.016109890604174986,-0.0021349557371709922,-0.0011176960869020095,0.0002032192000745221,0.0023381749372455144
594,-1.4425991903198674,-0.10603859287078118,0.019157487622265074,-0.014680838345777839,0.003928356601388465,0.0029696050414626906,0.0017363306076998617,-0.0021920259936886034
595,-1.381298431746436,-0.0856111074526846,-0.031696213881801424,0.02620283487764012,-0.006706874833153381,-0.005051463922343981,-0.0028732828148369475,0.0038335920183164337
596,-1.3429791270550369,-0.10191754229400128,0.002139558408853867,0.024948266840640394,-0.0020606277864878087,-0.0005062028842530412,0.0015169297520879683,0.003577557538575777
597,-1.4483777060550163,-0.18922545145908415,-0.08675793325569517,-0.1332014819386484,0.00033057184127722013,-0.00723045736921165,-0.015969553425326303,-0.016300125266603523
598,-1.433706736785438,-0.14677370897957637,-0.012669522565193011,0.037288430389859614,-0.005108409197418188,-0.002800941856913784,0.00012970652106440342,0.005238115718482592
599,-1.3513903345589044,-0.07444126526065911,-0.05579343348390763,0.004650521655732794,-0.00810770513183184,-0.007684749506308083,-0.007120973929213176,0.0009867312026186643
600,-1.3675138197331822,-0.1005852169731128,-0.0063829732091302185,-0.026749456858839213,0.0016191624303647238,-2.2952094295099384e-05,-0.0021259386883087784,-0.0037451011186735023
601,-1.4010362357029942,-0.1220457921802256,-0.005243576904047266,0.037508719143559216,-0.0041681489093451304,-0.0018667764568669949,0.0011003144105615002,0.005268463319906631
602,-1.4588556517225013,-0.0883568233056093,0.011570723908901959,0.023887743063867022,-0.0005827568729127573,0.0007784669919151181,0.0025573552955508857,0.003140112168463643
603,-1.3352903952468036,-0.0470206167243211,-0.06541186910716387,-0.01664994009659018,-0.007469713462774925,-0.00835217044310652,-0.009518508242108193,-0.0020487947793332677
604,-1.4314936523410968,-0.08135919244490158,-0.00016146625329695533,0.005122286401229461,-0.00048030057494607764,-0.0001771300295964847,0.00021910747115082646,0.0006994080460969041
605,-1.4217348429792596,-0.18616634698236867,0.011023929880816876,0.024759661686887466,-0.0007771989880941902,0.0007065894681931074,0.0025305973967741932,0.0033077963848683837
606,-1.3484274768306836,-0.11098527905328817,-0.13311132525827402,-0.090606928389592,-0.0100948258296153,-0.015001994918151632,-0.021065167670806042,-0.010970341841190742
607,-1.3336643663112466,-0.1328246724675564,-0.018495687314740307,-0.02936807015080338,0.00016756079440576196,-0.0016274245237757115,-0.003876439768972095,-0.004044000563377857
608,-1.288534879606695,-0.07537555943807286,-0.022711192868699586,0.045574620382579534,-0.007606170023049365,-0.00469876074780973,-0.0008259150248682164,0.006780254998181148
609,-1.3805122428069285,-0.16553663994655488,-0.04044676523736854,-0.08867410801360473,0.002708082113831695,-0.0026979478705692695,-0.00920006501436312,-0.011908147128194815
610,-1.2924843775647228,-0.10062567315350007,0.019003833722726557,0.07787661934113654,-0.004794403023336719,0.0001298094104774385,0.006651756771692728,0.011446159795029446
611,-1.3300886643146979,-0.17494436948685027,0.06866437022597799,0.11089024478169819,-0.0008148768844914587,0.0061207804221351456,0.0149821335229133,0.01579701040740476
612,-1.3792687508122718,-0.20939995514068854,0.06243738138655913,0.1388761291990452,-0.004385700642664263,0.00418995105222805,0.014998412451137318,0.01938411309380158
613,-1.3985982232017713,-0.13682819425201198,-0.02254689414716893,-0.014962899178559029,-0.001742742837402593,-0.002555542040448509,-0.0035650278514950816,-0.0018222850140924886
614,-1.3744356210592124,-0.21562503273374978,0.014563834544993812,0.058965802420990546,-0.0036031603706712855,0.00011938375170176632,0.004684860085657562,0.008288020456328846
615,-1.4207796767349035,-0.057154628309687226,-0.07313111940056675,0.02251422208849359,-0.011469017004315765,-0.010064366127283876,-0.008187438244776567,0.0032815787595391974
616,-1.4282441955242107,-0.10979423490094507,-0.06510677483952158,0.07356323661126704,-0.015005457753927517,-0.0105759839673317,-0.0047645783133853726,0.010240879440542146
617,-1.4250566557945943,-0.04188520375489753,0.028079533870155923,-0.025788114507247363,0.006082861911139032,0.004506021187876121,0.002411266435582133,-0.0036715954755568987
618,-1.4054347137930427,-0.14035085109904938,0.02026707492544825,0.03589818644957057,-0.0005225078791428476,0.0016072588637221499,0.004313464211707354,0.0048359720908502015
619,-1.4595403598253138,-0.04826288729510845,0.02813656729621496,-0.042559360859357125,0.00748544384280011,0.0049349128238325,0.0015799797646821976,-0.005905464078117912
620,-1.3727551333911088,-0.018837967895400955,0.042982386935654496,0.0005770663648839718,0.00583590761194466,0.005842666491141799,0.005851425856478245,1.551824453358431e-05
621,-1.3714753327550808,-0.06816914877482858,-0.04887440070414083,-0.007946054926972559,-0.005937023297744225,-0.006291788343113836,-0.0067508926513836975,-0.0008138693536394728
622,-1.3445197639210884,-0.05366337973587954,0.018928078027240676,0.034307164278285285,-0.0005615268704936302,0.0015119735675717596,0.004296574337547337,0.004858101208040967
623,-1.361056773904462,-0.08859257519282229,0.02198153011744964,0.01617859146502473,0.0015662734597235843,0.0025075293450434384,0.0037351305730370416,0.0021688571133134573
624,-1.3226368658909746,0.006470550334613679,0.06282171389311181,0.14365426518505947,-0.004552208881433797,0.004103572786394513,0.016540107301547837,0.021092316182981633
625,-1.436208530320429,-0.09720500830884532,-0.07260559224605243,0.03648587895741229,-0.012671238411090734,-0.010365966609271585,-0.007344884431390326,0.005326353979700408
626,-1.3578389687753243,-0.15912542099416083,0.05532907654820153,0.1264533719656391,-0.0041851709598239445,0.003619505624649915,0.013731325438205565,0.01791649639802951
627,-1.4022035420405528,-0.12080623108411954,-0.022239526809621955,-0.09693443295476116,0.005973504374567511,3.7846897030720344e-05,-0.007298899810535384,-0.013272404185102895
628,-1.2997769727459916,-0.1283537971240916,-0.007015097776567596,-0.019597407399558186,0.0008982660166107943,-0.0003506314919975411,-0.0019306621161020092,-0.0028289281327128035
629,-1.3596053381647872,-0.10557058915758367,-0.004416804125672233,-0.014822014844924116,0.0007771264604659757,-0.00013357408674087524,-0.0013006406569495532,-0.002077767117415529
630,-1.436324388322391,-0.010823528504080672,0.017531991728931495,-0.045278030985318476,0.0063001501359283,0.003661836752192493,0.00011472117482173265,-0.006185428961106567
631,-1.3492400803684417,-0.10988104614622496,0.07418965211812069,0.16435552459512454,-0.005035300828993981,0.005028212075467207,0.01861154822338704,0.02364684905238102
632,-1.457660039409289,-0.012068560953711581,-0.04808595102319891,0.014292133672592064,-0.007258393274054478,-0.00646320334300166,-0.005374990855469938,0.0018834024185845405
633,-1.3651079577583836,-0.11197193464137314,-0.07549423820402446,0.09223364398870151,-0.01859178727556678,-0.012905514771758345,-0.005405639498616748,0.01318614777695003
634,-1.429372437058616,-0.17695358112415513,0.007563473621411222,0.02428853386447504,-0.0012072058266326382,0.00025564944659636904,0.002065754851585822,0.0032729606782184607
635,-1.444378943305324,-0.12682765581728164,-0.043158452857874285,0.008656202755122477,-0.006530292039135503,-0.005833042947640596,-0.00492993630692091,0.0016003557322145931
636,-1.3882195996243936,-0.07053670107512172,0.012218772654124941,-0.01159740735831151,0.00274994412849316,0.002012730783549459,0.0010446519792574004,-0.0017052921492357596
637,-1.326680649315608,-0.061089475392669415,-0.025843221497218325,0.007781775240384314,-0.004347527674776774,-0.0038161568323646896,-0.003108747562311325,0.001238780112465449
638,-1.3386343478802496,-0.09211692042655462,-0.008110948996657777,0.008425617958004332,-0.0019443589708963056,-0.0013928202990249148,-0.0006724443933476933,0.0012719145775486123
639,-1.411853684624508,-0.11648609444202118,0.03420487235066574,-0.01060903154240073,0.005743657396675039,0.004942977217250945,0.003908442276141049,-0.0018352151205339902
640,-1.3578444255187725,-0.04934486552021839,-0.03199833740779696,-0.004473125830532339,-0.003972739538385127,-0.0041845975871790675,-0.004464117324270227,-0.0004913777858851004
641,-1.4049244956355935,-0.07416159959911092,-0.033345412129026746,0.021855029082491977,-0.006417573015437408,-0.005055301396616586,-0.003253778865860329,0.0031637941495770787
642,-1.339512715946567,-0.11165927448604444,-0.09976235392458173,0.04301984528359038,-0.017719405997715546,-0.014782708142475436,-0.010943470870987532,0.006775935126728014
643,-1.4150687795487855,-0.14057532223486985,0.006304343959438303,0.00684815232762394,0.0002383966206553698,0.0006301996609960363,0.0011216698746437932,0.0008832732539884233
644,-1.316045940915465,0.028853286746206873,0.018007960868259617,0.2031491027308403,-0.015644675292762335,-0.00400292264646431,0.013285159479342161,0.028929834772104496
645,-1.4583520827617915,-0.1990938442502981,-0.01564297959785294,-0.09345712237326784,0.006565570206174782,0.0007976307058144055,-0.00598730003315945,-0.012552870239334232
646,-1.3779604230366496,-0.03613787379713051,0.052512367893425276,-0.010165044744127258,0.008196301665423256,0.007503618654972188,0.00657335523731829,-0.0016229464281049657
647,-1.3384221896427648,-0.08766048071585157,0.003053647897435341,0.001544316298408753,0.00028649168848807573,0.00037398815763320766,0.00048744207037539896,0.00020095038188732323
648,-1.4576025775547863,-0.06539134425338561,0.051983489053327,-0.02497045704828826,0.00918848732547208,0.007572404720527779,0.005450298740432495,-0.0037381885850395853
649,-1.3669338933957869,-0.11088261993084365,-0.00046670847065118787,0.0118545026770389,-0.0011791042241853765,-0.00044027477030643316,0.0005122043751401104,0.001691308599325487
650,-1.38363294107907,-0.022862149005189458,0.04922161874326493,-0.017577803149523105,0.00836017830330901,0.00724848241509535,0.005749686695838023,-0.002610491607470986
651,-1.4324014394189737,-0.21798127761731692,-0.06425344974633593,-0.09186424387425732,-0.00039126291064607056,-0.005658331314637717,-0.011707870658838767,-0.011316607748192696
652,-1.3745413602665335,-0.14089190384486086,-0.017035320154879675,0.03819875963148729,-0.005963722736236966,-0.0035168801807794396,-0.000389049225247865,0.0055746735109891005
653,-1.4003179311869087,-0.05172132878582275,-0.0007058462893128788,-0.020988696992397318,0.0018062137191612866,0.0005555904423141486,-0.0010966423228988182,-0.002902856042060105
654,-1.3184441568265453,-0.1463075289454957,0.000483250900231616,-0.0012314907333346725,0.0001915697144793937,0.00010878445328847199,4.111754281778859e-06,-0.00018745796019761484
655,-1.291406298186857,-0.13971700339007892,0.03808728040986564,0.10307751127546044,-0.0045431710872268485,0.0020354928384474546,0.010615238135140637,0.015158409222367487
656,-1.3955497117690365,-0.1072412525820961,0.020596449257635034,0.006705569480672413,0.0022368249578340023,0.0025744471402968376,0.003003630930927092,0.0007668059730930898
657,-1.4243923149818172,-0.007622996266656244,-0.04707622076769724,-0.04950031076557498,-0.0018135311913610756,-0.004585683674510091,-0.008314087324951045,-0.006500556133589969
658,-1.375139393198335,-0.18441754995183424,-0.018868173347017403,0.029477081965703644,-0.005497445058812126,-0.003510396349704664,-0.0010313180863481446,0.004466126972463982
659,-1.364052558648871,-0.19912404477002232,-0.021746268164717066,0.023896379294088284,-0.005439821044909826,-0.003756247594206479,-0.0016674381906671566,0.003772382854242669
660,-1.3297165802846975,-0.11675913316403576,-0.02474621855297838,-0.0358066661708711,-0.00011266070520056817,-0.0022874919444233117,-0.005033748226611709,-0.004921087521411141
661,-1.3798438781280877,-0.1540568563616863,-0.061311235135199545,0.034113153060464,-0.01166393385697304,-0.009266457902579989,-0.006208018923602417,0.005455914933370624
662,-1.3697631607364251,-0.04935952725540027,-0.007856391168061333,-0.04314091490201956,0.002900524117700504,0.00029368932973356285,-0.0031333339279099237,-0.006033858045610428
663,-1.320658516349195,-0.1606526711480389,0.04371227353939263,0.11432947225968856,-0.004780998945223392,0.0024375529055233247,0.011759220709657233,0.016540219654880624
664,-1.3879633054921152,-0.09698355642982727,-0.049935423366659556,-0.001873343905692488,-0.006636588925557749,-0.006578961589563066,-0.006491626320277201,0.00014496260528054812
665,-1.313015695115885,-0.06250800447515305,-0.03225582584081824,-0.0017239658404704788,-0.0043909727600061265,-0.004426704430796471,-0.004470331976005342,-7.935921599921524e-05
666,-1.3912692815741285,-0.09185534127190356,0.027894048689466478,-0.015337705349542197,0.005313903293776869,0.004271221976387051,0.0029157471965510283,-0.002398156097225841
667,-1.3006383238357995,-0.10370738320933681,0.04082389581309965,0.12193652947679012,-0.005872076509685286,0.001780252850108592,0.012026026869043707,0.01789810337872899
668,-1.363696614236366,-0.11593490002604184,-0.021614276739025762,-0.02141787097903411,-0.0010260824314705717,-0.002271214353147205,-0.0038461838604914953,-0.0028201014290209236
669,-1.3441494521382693,-0.136052195728052,-0.03772781313942292,0.028353608923442825,-0.008029335859672786,-0.006086339350362904,-0.0035905983870990928,0.004438737472573694
670,-1.3756583081083364,-0.11465732192935608,-0.0217592298034417,0.027999826197647928,-0.00561236145807345,-0.003817473018091588,-0.0014935212822198948,0.004118840175853554
671,-1.3859138208083566,-0.041742101424847605,-0.0140510554989727,-0.04738779487969809,0.0024054048357154516,-0.0004071772765837019,-0.004114942288196888,-0.00652034712391234
672,-1.462212231495768,-0.06691361696150686,-0.027188504500851862,0.0246295441029913,-0.005633450422702294,-0.004182852591680439,-0.0022579079495523425,0.0033755424731499515
673,-1.4145528726483299,0.031502661079579226,-0.011074707175770285,-0.026979405394330008,0.000904433026425218,-0.0006256813769946761,-0.002750701356410368,-0.003655134382835586
674,-1.3758852365014234,-0.17428828264065893,-0.010799387605036181,0.03895199352915992,-0.0052317213945981145,-0.0027092112881072074,0.0004540275041820386,0.005685748898780153
675,-1.3304282232991815,-0.13247353524178612,0.008955500586014783,-0.011417510247823115,0.0024137927279657126,0.0016322364658171136,0.0006375646969122243,-0.0017762280310534883
676,-1.407836606456372,-0.0864288744637283,-0.014230647312767833,0.03312107520827294,-0.004901218713050972,-0.002899002311235713,-0.00026506763304227085,0.004636151080008701
677,-1.477852646902555,-0.2791027652091714,-0.09304442238592686,-0.1180575918272789,-0.001968604157898717,-0.008430916167046906,-0.015398548358449213,-0.013429944200550496
678,-1.393695601181571,-0.12127179439302158,-0.03188725505163485,0.0171456660553058,-0.005957058377231046,-0.0047866103327243335,-0.003276199903162966,0.0026808584740680803
679,-1.3629930038754405,-0.0734005537533078,0.0023968567851620124,0.02893558867498394,-0.0023471759039121816,-0.0005894777751361602,0.0017389825716975463,0.004086158475609728
680,-1.413338473968741,-0.160892962114896,-0.04866724673418283,-0.1314600772501424,0.00555230397812799,-0.0024161499632856928,-0.011891200761364733,-0.017443504739492723
681,-1.3204449282712647,-0.08351503992280204,0.023220990222224888,0.09496384520743714,-0.005700778472547725,0.00016211112516697975,0.00804139148844205,0.013742169960989776
682,-1.4179952505787161,-0.15816369833895297,0.013596403683451594,0.05558749257781112,-0.0032622827717567232,9.105003170252655e-05,0.004335604742927024,0.007597887514683746
683,-1.3573694301448804,-0.08887444906870322,-0.03681141359460521,0.015745462878645488,-0.006552765256838971,-0.005486058815189402,-0.00408509379359829,0.0024676714632406813
684,-1.3340505412255488,-0.1346178549248864,-0.04719139344459293,-0.09204627304327734,0.0020920930359444993,-0.0035834108147552615,-0.010551996692746814,-0.012644089728691313
685,-1.404264733721258,-0.1206125589511211,0.006985405120154774,-0.0038334635704189808,0.0013238958190066896,0.0010579725381795327,0.0007163663241761062,-0.0006075294948305834
686,-1.3924399677805726,-0.1034455273049864,-0.11617883045230672,0.05990504370397715,-0.02065123533304209,-0.016855348554881834,-0.011865620850755303,0.008785614482286788
687,-1.406557865179906,-0.22827904434410096,-0.1175015313453572,-0.2019130609487898,0.0025477441951708554,-0.009390405491872915,-0.022593244857034425,-0.02514098905220528
688,-1.3232541226181707,-0.07249248990685961,0.014302524397317943,-0.032111904251640226,0.005138782192563692,0.003057204802629765,0.0003404939112703947,-0.004798288281293297
689,-1.4295748773089132,-0.08100218436812473,-0.13903735375531842,0.15888759011980413,-0.030649141182352357,-0.02191625043681572,-0.01001935041396842,0.020629790768383935
690,-1.3330798685317822,-0.09162178865877059,-0.016945207710785982,-0.019907710705816435,-0.0005151636478953212,-0.0017085154445125213,-0.0032463771615546862,-0.002731213513659365
691,-1.4006530458011555,-0.06676105811135621,-0.022340645063037394,-0.07171448335180367,0.0035059662895887303,-0.0007556792356108828,-0.006242429138343348,-0.009748395427932079
692,-1.3466320014277133,-0.1312973433397706,-0.026928388473588548,0.024312129601505587,-0.0061208692891609115,-0.004480065210633045,-0.0023714709457285247,0.003749398343432387
693,-1.3740664147137045,-0.12808039967485457,0.05616680798422449,0.03009065317743783,0.005133683810061914,0.0068125591605533945,0.008949009622872563,0.003815325812810649
694,-1.3760304326950956,-0.09827028903962721,-0.031959566802543055,-0.014838404869967882,-0.003049101217693092,-0.003841072335220098,-0.004851065575439974,-0.0018019643577468821
695,-1.3645574710633226,-0.17017969899219387,0.04469863164952559,0.056190604321034725,0.001023872167636697,0.004410453387449953,0.008663446620423117,0.007639574452786421
696,-1.367528954963226,-0.10839004812814175,-0.04146272268803458,0.053111057143376314,-0.01058447552564185,-0.007240800837132771,-0.0028667058649937205,0.00771776966064813
697,-1.3340638537278469,-0.04861055800747725,-0.09024769482425497,0.009658060655529611,-0.01316738035359738,-0.012451540664423562,-0.011489752343637048,0.0016776280099603316
698,-1.4699835607894305,-0.1989212794854562,-0.002694969363110762,0.04915370859468818,-0.004831248984513119,-0.0018301406863598468,0.0018659863925385458,0.006697235377051665
699,-1.3965458338041616,-0.040994563163278604,0.02324016028446497,-0.07080242413332051,0.00970423509496395,0.005347851025321796,-0.0003648828492109515,-0.010069117944174902
700,-1.3203755812285787,-0.16451274336878302,0.03623241727487112,0.10321421403856555,-0.004794421119291311,0.0017402113956911036,0.010132239713783136,0.014926660833074448
701,-1.3438538851534345,-0.1071075478264737,-0.028412205813418547,-0.0279527990209714,-0.0013776623789854075,-0.0030185191963337924,-0.005103336681966628,-0.003725674302981221
702,-1.4808724646152376,-0.1901695939990946,-0.10775489017737827,-0.20501407583626519,0.004034889798826699,-0.007625105722475148,-0.020790169791420614,-0.024825059590247313
703,-1.3344457753372456,-0.05065150187737566,0.018831401235007872,0.11500740996951936,-0.008008477544934533,-0.0010885909141492764,0.008451167093873248,0.01645964463880778
704,-1.4669918359044931,-0.008627099308956197,0.04893176783972346,-0.08155451516272186,0.013598899590051537,0.008800843929577922,0.002412788867648617,-0.01118611072240292
705,-1.4046144511395005,-0.016179824540782685,0.025706053826151706,-0.04745680540433409,0.0077528180859275835,0.004904302828012648,0.001087415360872225,-0.006665402725055359
706,-1.3279714913692264,-0.10478890669234424,-0.013720615381188593,-0.0033651253761438765,-0.0016403782771535242,-0.0018024862039991874,-0.0020072212156051097,-0.0003668429384515856
707,-1.399565253021578,-0.2549777031581005,-0.022352752873667302,0.05116107731875404,-0.008123131634881075,-0.004640103377117611,-0.0004419669826753913,0.007681164652205684
708,-1.3493076397047046,-0.046864771706242696,-0.009447190927082625,-0.009157320624754745,-0.0004597890891452628,-0.0010009318556101876,-0.0017204945846800313,-0.0012607054955347686
709,-1.37900762916288,-0.16745379304160107,-0.009262793575549447,0.007855702819462396,-0.002064533268695888,-0.0015130795603478546,-0.0008200541142906391,0.0012444791544052487
710,-1.3467770664422483,-0.04542458152366844,0.013121904512104921,-0.002871174694679042,0.002097177392472066,0.0018996828200765117,0.001635228228591529,-0.0004619491638805371
711,-1.348277490097065,-0.1149438050579445,-0.026819636571198263,0.029573583171179474,-0.006551079370547773,-0.004617038581809054,-0.002109095957665381,0.0044419834128823915
712,-1.3778875363297427,-0.07677898796491829,-0.037389640899213136,-0.0007578408287746037,-0.005035190929601804,-0.004980066618895392,-0.004901822560820763,0.00013336836878104046
713,-1.3340736638711805,-0.056648565248322735,0.022148571400323176,0.011902535162532299,0.001999669016329092,0.002698494013457859,0.003627948993484989,0.0016282799771558968
714,-1.3397883454901647,-0.11583224587848664,-0.03447459294220419,0.01139487356878734,-0.0059552415261775096,-0.005108034817106031,-0.004007381854818143,0.0019478596713593662
715,-1.4111079164023055,-0.056831939464797955,-0.015661911543364968,-0.008921669322946375,-0.0012974277142300903,-0.0017902169131278594,-0.0024398270813239965,-0.0011423993670939062
716,-1.4453486742854378,-0.19239578925411505,0.007663638082930812,0.0405456416528215,-0.0026872546055140304,-0.00023186497464414187,0.0027937065752565303,0.005480961180770561
717,-1.409722946415515,-0.08050835481927486,-0.053660980506037875,0.01401622710450261,-0.008393292446673462,-0.007432098827421748,-0.00616403978784596,0.0022292526588275022
718,-1.3772875418314456,-0.08954931586290121,-0.031080244620751485,0.10932779219793261,-0.014031497122930149,-0.007531588032901712,0.0011986511148641518,0.0152301482377943
719,-1.3581484104991184,-0.00811952924522018,0.008016425149408117,-0.036506761212371897,0.004451772481023464,0.002248259247130427,-0.0007292820364531608,-0.005181054517476625
720,-1.4133732176445275,-0.11864380918881215,-0.057267517043709124,-0.001068849729791886,-0.0076425568233588195,-0.007468801038859382,-0.007225863112052834,0.00041669371130598556
721,-1.2985701121470032,-0.10861058839901419,0.037735437510882916,0.1105398903232617,-0.005240631401567505,0.0017203524705021354,0.010983402959782713,0.01622403436135022
722,-1.395250600628502,-0.043777371704551496,-0.08464596024085311,0.08096583189419444,-0.017968577630756665,-0.013371752777282447,-0.007082546699841644,0.01088603093091502
723,-1.4165947315906304,-0.008741700235223734,0.012142424969983155,-0.0399924306219846,0.005167404067496611,0.0028252018851878742,-0.0003335222824364607,-0.005500926349933072
724,-1.423499134745008,-0.03897055805494931,-0.021816282204552877,-0.02163919388544262,-0.0009683193819193107,-0.002187452143686398,-0.003808200300169669,-0.002839880918250358
725,-1.3347216764514163,-0.12575163662655586,0.035348086519791946,0.10179929219740813,-0.004679902790058945,0.0016391678064334066,0.00993575139866289,0.014615654188721836
726,-1.3682565613584943,-0.03279535264378911,0.06391963168937873,0.11765111757998034,-0.0020125773807544755,0.005002088818922472,0.014783337645904952,0.016795915026659426
727,-1.3743443229949839,-0.14401209160436862,-0.08061884662894936,-0.07748468598942732,-0.004047705882886637,-0.008412482989727776,-0.013714085190209035,-0.0096663793073224
728,-1.3646682142587117,-0.008479104567963037,0.0007146814182108116,0.023661256328174646,-0.0020380802678777207,-0.000645212575160358,0.0012711754411694274,0.003309255709047148
729,-1.3765631804369427,-0.18962711196685528,-0.01873697241033706,0.03215019395802358,-0.005737540780101092,-0.0035763036173409135,-0.0008868146507643905,0.004850726129336702
730,-1.4012424909559367,-0.12582249108657684,-0.06535777597726997,0.031328827560571954,-0.011681581125406109,-0.009549944600231945,-0.006795761593601936,0.004885819531804173
731,-1.4153522130906186,-0.011645572637234267,-0.03617624518541533,-0.006427347775955045,-0.0041515147852784805,-0.00449937550421578,-0.0049723134808749465,-0.000820798695596466
732,-1.3106350642219637,-0.0688265832390357,-0.019464932574449027,0.032041064912853336,-0.005781012240369497,-0.003753011218267438,-0.0010527304753528515,0.0047282817650166455
733,-1.278515469726685,-0.07876363139176543,-0.0632937737346313,0.13496955461307375,-0.021500987541447907,-0.013206508543654447,-0.0019017961764095427,0.019599191365038363
734,-1.3868147055494295,-0.08667847838224778,0.009472825430809195,-0.09306086907361635,0.010093604455561159,0.004229550586835107,-0.0032063463161532127,-0.01329995077171437
735,-1.3616210952540002,-0.08756309812227928,-0.012795549189319255,0.004373566218664334,-0.0021893036150063766,-0.0018819582659055508,-0.0014786331735815801,0.0007106704414247965
736,-1.4092128542548064,-0.11960644923146152,-0.02863336576835854,0.019261987894574735,-0.0056523961681166825,-0.004379601203502609,-0.002737863951348043,0.0029145322167686396
737,-1.37852035951136,-0.12946617487026968,-0.0667057795239391,0.041711827956941984,-0.012963420886300871,-0.010176547012406159,-0.006576163708445362,0.006387257177855509
738,-1.3428656302577162,-0.1213811374001022,-0.010915099885064833,0.014172304056806573,-0.0029043875275102625,-0.0019659971022799403,-0.0007582445094007816,0.002146143018109481
739,-1.4024394894945553,-0.058977610444527546,-0.0035358643595966317,-0.012024644449111568,0.0006102215762341112,-9.86848673440054e-05,-0.0010332233043557678,-0.001643444880589879
740,-1.318759223744285,-0.03638995293259404,-0.010600411142837933,0.014774495925600633,-0.0028631336719820103,-0.001946811554075479,-0.0007100209548555565,0.0021531127171264537
741,-1.2939603800644512,-0.062468251315906866,0.013436212768171987,0.0036786911464639412,0.0015845186074721874,0.001789930385059855,0.0020608184900821184,0.000476299882609931
742,-1.3918580068344744,-0.19544363664612138,0.029804607424369856,0.08941047380440033,-0.004265723579598982,0.0012350864630118724,0.0081184510700111,0.012384174649610082
743,-1.3717625048429074,-0.09791692682961882,-0.04137825555817786,0.04024351949084552,-0.009351345298990862,-0.006806236271789268,-0.0034678941465592175,0.005883451152431645
744,-1.3811202902066202,0.008344352200723451,0.12503730592897877,0.22168548502666996,-0.003084765145520435,0.010030186641896345,0.029289320420545665,0.0323740855660661
745,-1.4401165556113227,-0.022219697856245977,0.010279681556486816,-0.03516330930347073,0.004444743836632149,0.002399594510682601,-0.0003389676198408555,-0.004783711456473005
746,-1.3631836940097184,-0.09290992535214285,0.010896722037465875,0.01368792899651955,0.0002432339874600759,0.001057888519319111,0.002117820346486805,0.0018745863590267288
747,-1.3777757039188634,-0.12267193362851385,-0.016666747406063515,-0.04650346881358098,0.0020388719670992876,-0.0007968865019142256,-0.0043533593230871675,-0.006392231290186455
748,-1.3538735348454216,-0.028927838750815945,-0.01176785633835332,-0.0083792348795155,-0.000844579657433689,-0.0013351456901513198,-0.0019949058562016074,-0.0011503261987679185
749,-1.3677515361379582,-0.18015439139470374,-0.027463901221354378,0.09524756124176952,-0.012833189380564831,-0.006747846809686819,0.0009786320472836493,0.01381182142784848
750,-1.3672494604941225,-0.08718191080459575,0.022772274617846804,0.017740656639931213,0.0015241707591645583,0.002556979646971319,0.0039059916148045247,0.0023818208556399666
751,-1.3927265571884098,-0.02089804202508993,-0.0005864345117844033,-0.014261412650767052,0.0012019078698048467,0.0003632184628739674,-0.0007684558926350406,-0.0019703637624398874
752,-1.3309020299098169,-0.13713765569255162,0.0033694841286905416,-0.03591651332556749,0.0040035182638143,0.0016477679436749438,-0.001309749792400878,-0.005313268056215178
753,-1.4563319460369561,-0.10165490727148707,-0.0024246546720520304,0.004917783103462924,-0.0007591853119570297,-0.00046147179949010034,-7.691761360192973e-05,0.0006822676983551
754,-1.3649790163160271,-0.03082344117685335,0.06558973487628551,0.0799318053219455,0.0016576523915878974,0.006458864858859189,0.013086084387798654,0.011428431996210756
755,-1.4226822362321399,-0.07942836874283926,0.0018722720684885633,-0.012265497368154063,0.001360459272748453,0.0006231399655716963,-0.0003370837720477972,-0.0016975430447962502
756,-1.4466643666834385,-0.2193682553385741,-0.009544959797678554,0.04745962353876745,-0.005720102657476392,-0.002708008968747826,0.0009663464051641226,0.006686449062640515
757,-1.4479303316875252,-0.15853444366977984,-0.044115074044210986,0.026095141922077788,-0.0082710368847782,-0.006485176891646217,-0.00422347471821245,0.004047562166565749
758,-1.4257053637397277,-0.14726728494207966,-0.00822239071326833,0.03771226331874608,-0.004570982882393105,-0.0022439155631349835,0.0007104521239031124,0.005281435006296217
759,-1.3577209790966847,-0.10816164500221583,0.004498689600731701,-0.01622623454721938,0.0021794156628307925,0.0011397354667216232,-0.00019380558470918557,-0.002373221247539978
760,-1.4705130333942649,-0.020507320009333897,0.03984386444436562,-0.05169639813285556,0.009719645953067759,0.006686717955476156,0.0026414633771028903,-0.007078182575964868
761,-1.4040863979471547,-0.0390028146169369,-0.017257015207499234,0.0014814995167434916,-0.002429694147833229,-0.002320011577915133,-0.0021722803615218415,0.0002574137863113877
762,-1.3685989679530375,-0.11746654156099828,-0.012145219825377113,-0.005984967474044629,-0.0011444014796281596,-0.001466703963197471,-0.0018735064523073685,-0.0007291049726792088
763,-1.3531397636608324,-0.03177868002786619,0.03365549989881424,-0.04493603478010376,0.00892893339200149,0.006094793352719738,0.0023242554580152133,-0.006604677933986277
764,-1.4551099932700053,0.03568046828124892,-0.011820912370758316,-0.014121830344837006,-0.0002979836267751487,-0.0010822520696648055,-0.0021790485456703004,-0.0018810649188951518
765,-1.4496553957086191,-0.24846621803239924,0.02105172310805262,0.02646987668069488,0.00047242471617934433,0.0019872186278439012,0.00376037105049707,0.0032879463343177253
766,-1.376528424042488,-0.12156872054099944,0.02463031080844151,-5.107330076581417e-05,0.003489800750803393,0.0033818151733955113,0.003234078436866198,-0.0002557223139371947
767,-1.3883462242832678,-0.08405804012207185,-0.02464862466785296,-0.007536196084275887,-0.00268122677597755,-0.00306124405367225,-0.0035504499835088935,-0.0008692232075313434
768,-1.3827211183387262,-0.05363540444564409,-0.014392836797976703,-0.00021853884506611095,-0.0019346385317829836,-0.0019206595652422477,-0.0019009449914129115,3.3693540370072043e-05
769,-1.356544530739007,-0.008000662557266155,0.035694735807127606,0.019490494668722186,0.003101433595181813,0.004269336237755025,0.005874581462873407,0.0027731478676915945
770,-1.3345847514077953,-0.09240666855892338,-0.013965212817731491,-0.002126353306914776,-0.0017784521734653385,-0.0018661278390288928,-0.0019766355262384283,-0.00019818335277308982
771,-1.3187839977104923,-0.07134729889452793,0.009158357596075091,-0.0044437889688384085,0.0017339800320753764,0.0014302692114463935,0.0010295239807131195,-0.0007044560513622569
772,-1.3607708572996922,-0.07149093671514867,-0.016686339739504816,0.003927294935502507,-0.0026713894410105164,-0.0023912556541259185,-0.0020202912319791815,0.0006510982090313349
773,-1.3810808217267994,-0.2121183881019601,0.001243865181135742,0.06384690294143842,-0.0059460587944514115,-0.0018622143323689389,0.0031728417272736333,0.009118900521725044
774,-1.3681718929018947,-0.09355205221879506,-0.019469694085827716,0.007046785659503733,-0.003354651661163284,-0.00286112555932634,-0.002215233737938827,0.0011394179232244572
775,-1.3135231508762306,-0.03794016909464578,-0.014562378989476887,-0.014099518122451846,-0.0007220999306584736,-0.0015720812834192272,-0.0027075345842389065,-0.001985434653580433
776,-1.3780395300833863,-0.04801354538366255,0.06021757789601291,0.013227366018834388,0.007113802867334975,0.007831477837171934,0.008789761359397042,0.0016759584920620664
777,-1.3520662623440587,-0.08204666535641524,-0.042782461133989494,-0.09545777969217976,0.0029794880030289445,-0.0028155178560000625,-0.010158714541642494,-0.013138202544671438
778,-1.4103800568862264,-0.11511721873406983,-0.031161754991837196,0.01637758777689973,-0.005718739272909672,-0.004616666426896209,-0.0031911205597057552,0.0025276187132039166
779,-1.434837343659496,-0.040110841283011615,0.02837804346557852,-0.03621891187349359,0.007028739894329658,0.004840105612393358,0.0019399000659907758,-0.005088839828338882
780,-1.3747289184670946,-0.11050329575043424,-0.04753043277257401,-0.1311329190756781,0.005699131610447052,-0.0023121694327276096,-0.012171854991554971,-0.017870986602002023
781,-1.381083429215638,-0.20243680654076637,-0.004643883564044975,0.0073191106210912325,-0.001374927633383065,-0.000870043595367537,-0.0002493255116952333,0.0011256021216878315
782,-1.332954737555689,-0.13833747185989353,-0.044725483435844995,0.02620693142124843,-0.008866252564025946,-0.007013433512336392,-0.004632664907945428,0.004233587656080518
783,-1.3318566366446887,-0.09162443879906879,0.008233702227947627,-0.007705926980039617,0.0019150580900827816,0.001400087537834296,0.0007296408512551181,-0.0011854172388276636
784,-1.3596258430132104,0.010673182684724388,0.0065221867493142375,-0.031255277030952704,0.003728221778799175,0.0018704214272533427,-0.0006726671659511016,-0.004400888944750277
785,-1.3716185375276524,-0.11537481149289164,-0.07208208455827939,0.039503505889396016,-0.013462609661523947,-0.01083241105160148,-0.0074095664755109165,0.006053043186013031
786,-1.3623957494995667,-0.1884754187088148,0.016212945079813915,0.06888034050719491,-0.004304114223182064,2.9032726323229164e-05,0.00545080377081243,0.009754917993994494
787,-1.3539861880672535,-0.07163433746439637,-0.04318634132751192,0.06993821442822425,-0.012243883200624132,-0.008009447160448305,-0.002324658907532942,0.009919224293091191
788,-1.3430348720786207,-0.1018482757551353,-0.008828729906924052,-0.044785497468549644,0.003023050769580282,0.00021856887588757505,-0.0033551168418562067,-0.006378167611436489
789,-1.4207860384492255,-0.01050534762623854,-0.05321677618110898,0.01867928171946522,-0.008439953511994553,-0.007389120388822964,-0.005947623371663844,0.002492330140330709
790,-1.38592083242864,-0.1946563540690545,-0.02725596985504918,0.038940853970379045,-0.0075461685205897595,-0.00491575593161876,-0.001644091496257973,0.005902077024331787
791,-1.3111257705861508,-0.12216170293353218,-0.030575131404152876,0.028611388069038048,-0.0071490609675107855,-0.005211515004030712,-0.00270449542195062,0.004444565545560166
792,-1.4352831623448241,-0.16685767878840524,-0.011112780135864666,0.025466196528882594,-0.0038601771870121204,-0.002243019603797753,-0.00021796046954532532,0.003642216717466795
793,-1.3938343179812562,-0.12471469197825832,-0.0037440302844908065,-7.51336332751252e-05,-0.0005139442802740696,-0.0005022454586113113,-0.00048579507143765366,2.8149208836415925e-05
794,-1.4435185973926974,-0.08368411133715878,-0.04782017922659922,-0.17071008603589216,0.009018803306751148,-0.0010594346210811268,-0.013484933216246199,-0.022503736522997347
795,-1.3590362978880235,-0.07723680410667556,0.021887361842548844,0.04640304232467985,-0.0012758254063060324,0.001524551812369976,0.005244758026583067,0.0065205834328890995
796,-1.4213052275792808,-0.12244578025759853,-0.006356126110988462,0.02040672225398153,-0.0027250981099790437,-0.0014675363544516733,0.0001452167311859161,0.00287031484116496
797,-1.4347360272467284,-0.12827273359947353,0.01671359589271427,0.005534134526786183,0.001778741683175226,0.0020416631840745525,0.002368723865433697,0.0005899821822584711
798,-1.3711424782049895,-0.1961622860135426,0.04779230563096772,0.09478637156037556,-0.0022574249443588702,0.003584612395939487,0.010905032697352466,0.013162457641711336
799,-1.4253784295055123,0.006858746544161326,0.010190083864432126,-0.029533531090271424,0.003921784865326535,0.0022277090923155988,-8.664717004973094e-05,-0.004008432035376265
800,-1.3215793723434754,-0.036758724917783536,0.02004389528950272,0.02066820742723363,0.0008734134493309799,0.002129037750826808,0.0038258321104811996,0.0029524186611502197
801,-1.3401424425319886,-0.08907758647125316,-0.092567604010144,-0.08982988702420383,-0.004555093032511074,-0.00972952150628182,-0.01624765407665611,-0.011692561044145035
802,-1.4092133687059882,-0.1101435165934011,0.0019898066758255195,-0.010097202073490451,0.0012038489985979174,0.000579240150714857,-0.00022049966191428887,-0.0014243486605122063
803,-1.3519536254893223,-0.15991352890071156,0.010039847959923217,0.03741931459759987,-0.0021593032273755156,0.00018706330929545696,0.003145713826546074,0.00530501705392159
804,-1.350604541226402,-0.056122316152778504,-0.020441189903217485,-0.015724734270393757,-0.0013752986540383496,-0.002290459985534303,-0.003497004915166249,-0.0021217062611278994
805,-1.388493550503766,-0.10728091269802446,-0.024296357920293356,0.04206776789650903,-0.007169176783947582,-0.004554092697328462,-0.0011443253587138501,0.006024851425233732
806,-1.3802139053570297,-0.03152821305292341,-0.028171572669299254,0.00033399796910466364,-0.003812019273590878,-0.0037614910784786212,-0.0036926814957963525,0.00011933777779452558
807,-1.3071059837678187,-0.09123499541026428,-0.0031200761260384464,0.014727008099386124,-0.0018674758253681728,-0.0009222791252809274,0.00031402637687121297,0.002181502202239386
808,-1.3348134640990823,-0.1805831897874473,0.034313455278583774,0.09901809871474374,-0.004656360097843772,0.0015960055466563115,0.009534824549545086,0.014191184647388857
809,-1.3774301581139072,-0.20749964247091465,-0.031076695404688125,-0.11593034791918178,0.0068311613093636914,-0.0005699373823161782,-0.009208132005459042,-0.016039293314822733
810,-1.291042440725133,-0.1312230449635614,-0.025798385485278328,0.02832225159253194,-0.0065367025241383015,-0.0045970915190181654,-0.002098287796466837,0.004438414727671465
811,-1.4274152087516645,-0.10858165213775878,-0.022875404474130813,-0.11915519893352068,0.007848354987608021,0.0006354043087837485,-0.008277710517162895,-0.016126065504770914
812,-1.4064357823275206,-0.09015729251897509,-0.024897961590285414,-0.037217208184524175,1.3220899851382978e-06,-0.0021552830472003,-0.00491617382960693,-0.004917495919592068
813,-1.395878719111212,-0.04811113953282614,0.007742194806105301,0.002185674249550025,0.0008494106001579156,0.0009666969940451435,0.0011226522150219634,0.0002732416148640477
814,-1.2975639582425906,-0.11840155632728891,-0.014462266142307473,0.029516801773913717,-0.004970946346764153,-0.003020243012106057,-0.0004938542642670709,0.004477092082497082
815,-1.3977804618867642,-0.18326818958825014,0.05409940063388197,0.09199304828980473,-0.0010589023457267073,0.004483667417205753,0.011467425273946268,0.012526327619672976
816,-1.3398651502712737,-0.11437498634978636,0.008474138780411006,0.005755692164031938,0.0006620698098064338,0.0009944423200535374,0.001418840454348582,0.0007567706445421482
817,-1.300582668777639,-0.08906901189104237,0.011538013693228821,0.0845410467215867,-0.006442569913679386,-0.0011459481260354168,0.005929536598980321,0.012372106512659707
818,-1.4642552374187645,-0.15298723816639917,0.016802234440534577,0.02303099044084552,0.00018778015621917293,0.0014918808667503333,0.0031219930977753056,0.002934212941556133
819,-1.4017532559947725,-0.05869300357286638,0.020523782273129853,-0.05445850030983057,0.00782730659774321,0.004458638309538507,6.60736003585152e-05,-0.007761232997384695
820,-1.4071968998742839,-0.14526786261341865,-0.02118774820569398,0.008262042104813561,-0.003693611656969688,-0.003080531150919783,-0.0022974182343097555,0.0013961934226599327
821,-1.3303936866418342,-0.09235800579294792,-0.05848057235083166,0.0021287247336468883,-0.008400896615089515,-0.008082358976218883,-0.00765491343426718,0.0007459831808223358
822,-1.4430293138885757,-0.1177106450694373,-0.018234314635043318,-0.13195444958228814,0.009654554031805358,0.001631964488023924,-0.008185923125572848,-0.017840477157378208
823,-1.3686651207463691,-0.11341463869792896,-0.03599440337518026,-0.031337402627157826,-0.0021044904755414574,-0.003892987234966123,-0.006148479516619788,-0.00404398904107833
824,-1.4200254788612163,-0.15833502782533432,-0.018569642855283685,0.026074128909029028,-0.004954531885672357,-0.003262457627717243,-0.0011280761199130441,0.003826455765759313
825,-1.376887718245685,-0.10559485446510365,0.06865857452038276,0.08570817038100635,0.001582573800572998,0.006720734349432744,0.013507714363244182,0.011925140562671185
826,-1.3543948510325685,-0.03516456402949479,0.07326362015922576,0.10072034684228523,0.0008074841409916237,0.006901431329845084,0.015341286932445774,0.01453380279145415
827,-1.3724917764948175,-0.08032058814337045,-0.04453668126130503,0.03026755879196495,-0.008814024771394839,-0.006897467215075103,-0.0043644152907531195,0.004449609480641719
828,-1.331624539284914,-0.20452830269263217,-0.03034733367213678,-0.05795366379672739,0.0012561090074895088,-0.0023756094461315686,-0.006689913100774976,-0.007946022108264485
829,-1.384777776039013,-0.060885939615583334,-0.0025155973256111735,-0.06507268292474673,0.005672298668699636,0.0017010082715611297,-0.0034493550099587746,-0.009121653678658411
830,-1.3331273875657754,-0.1181653552873169,-0.002265293740848325,-0.007718753265332989,0.0004174144728796655,-6.590276283299441e-05,-0.0006826112198163834,-0.0011000256926960489
831,-1.3350869279281166,-0.2166937075594811,-0.00011260800475958177,0.04815671815576837,-0.004773811295155613,-0.0015921995229755156,0.002315259188937187,0.0070890704840928
832,-1.3078293824242957,-0.17107123422853163,-0.04021984108243188,-0.03739203108117777,-0.002249360832339999,-0.004458983958688304,-0.0071399624320277345,-0.004890601599687735
833,-1.4142601242128845,-0.20550566206939785,-0.09544376027534777,-0.10759747082686624,-0.003305204944848649,-0.009298619031564833,-0.01618127982316138,-0.01287607487831273
834,-1.311804672092039,-0.07901041588089078,-0.046139966468350654,0.022588082741840786,-0.008634454326816369,-0.0071217237530371985,-0.005120725930407482,0.0035137283964088864
835,-1.5241059297887114,-0.15740143480606855,-0.027372137782127364,0.044133862879216335,-0.007305481084865089,-0.004653718934630142,-0.0013082451725651293,0.00599723591229996
836,-1.3174607628477164,-0.07910261945169025,0.020284110148562268,0.05481142097533489,-0.0023335288273835385,0.0010606306302193794,0.005579731087574389,0.007913259914957928
837,-1.4941032090203596,-0.16115676594593162,0.036421640199000405,-0.0364657055590645,0.008250871831114923,0.005809013014610067,0.0027826985454683624,-0.005468173285646561
838,-1.4007320321447005,-0.12488327658012177,-0.0169714289748085,0.01688305493727795,-0.003890350305745936,-0.0027901911839046524,-0.0013777336049938976,0.0025126167007520385
839,-1.4279549293494238,-0.149921954935257,-0.06698403985697494,0.03910671943045284,-0.012502608181205252,-0.009863504107805841,-0.006495090595380189,0.006007517585825063
840,-1.455342107020833,-0.0280146005290133,-0.015350505956114504,-0.016472778258527325,-0.0005581722978174187,-0.0014722890075638815,-0.0026980164814594883,-0.0021398441836420696
841,-1.4208499503052752,-0.051207695013146245,-0.07638101158009233,-0.07859513105007136,-0.0031447753344734986,-0.007503552278891067,-0.013145131270319691,-0.010000355935846193
842,-1.3065158454821415,-0.06746314643214121,0.08844093200973113,0.20884258903811148,-0.0072451276007136104,0.00568621012370646,0.02379243939611101,0.031037566996824622
843,-1.4221830037157914,-0.2126192982091848,-0.11301317063157267,-0.23483719107888698,0.006335236120169911,-0.0077137884815822975,-0.023289267285722774,-0.029624503405892684
844,-1.327050142698167,-0.008796628559819395,-0.02782446708349487,-0.016041822793824944,-0.002353730741348422,-0.0033049493566169696,-0.00459760218410152,-0.002243871442753098
845,-1.3882925686935643,-0.06336517465284637,-0.00697906582015686,-0.03214883550801936,0.001991862224694763,6.582517284727573e-05,-0.0024517293585692235,-0.004443591583263986
846,-1.4426345265335685,-0.1725072194757555,-0.015616149549034456,0.043624146769229974,-0.006101101749777956,-0.003370525919306301,5.1736845762438946e-05,0.006152838595540395
847,-1.3843982988042904,-0.12923056584398313,0.019978020499006766,0.018529161442288056,0.0010652885181585677,0.002137639806041703,0.0034996587646994697,0.002434370246540902
848,-1.4464566941653185,-0.001418212532274886,-0.0558639169148691,-0.0030654896210505055,-0.006800433578461243,-0.0069641267610708255,-0.007188447984370616,-0.00038801440590937285
849,-1.442260000230381,-0.06501361550599047,0.016984065438411883,-0.05776852386843052,0.0074810546288364985,0.003988129006187902,-0.0005382842042239823,-0.00801933883306048
850,-1.3675730142949571,0.003870247016940699,0.055779056773032375,0.0757491465438175,0.0006848075550992443,0.00519864443166906,0.011552785330648987,0.010867977775549743
851,-1.3918845215070486,-0.17754053177358214,0.021001049249625967,0.08329428846019767,-0.004894801305665611,0.00022442175325801915,0.006690782221649305,0.011585583527314916
852,-1.369158465118144,-0.11490888719706978,-0.039381296702722314,-0.10642316411820028,0.0045219572655134,-0.0019950014515997426,-0.010057179992461831,-0.01457913725797523
853,-1.3769893952980363,-0.07945923653790217,-0.05410008331462209,0.009618598942419877,-0.008220720251629818,-0.0075031909703691495,-0.006554097762593021,0.0016666224890367976
854,-1.3481483436960238,-0.11850076119588561,0.01648954748616034,0.03121602987919178,-0.0006269769953503755,0.0012824107724226303,0.003744149580249946,0.004371126575600322
855,-1.4195494196399285,-0.04420991181278538,0.02766474576199029,-0.035317673983942525,0.006924071947614944,0.004763885768674603,0.0019065843764373162,-0.005017487571177628
856,-1.4023950708691175,-0.2761056237008444,-0.07909347237100679,-0.1509074562955084,0.0032320939381422728,-0.00595735300874769,-0.015984907560220165,-0.01921700149836244
857,-1.3569742775791482,-0.06295474312093544,-0.09924764481827208,0.019918845052282946,-0.015138969539205144,-0.013776370334651337,-0.0119581608897642,0.003180808649440944
858,-1.3358293206599279,-0.1601799727333365,-0.044296691706239885,-0.09881279398622933,0.0032029001741960624,-0.0029740626498003238,-0.010428657091715258,-0.01363155726591132
859,-1.3819973051098657,-0.14642988120506265,-0.11861266756860646,-0.1657854072617054,-0.0010808548017732854,-0.010660453046982944,-0.021991161565190175,-0.02091030676341689
860,-1.3747781924571736,-0.01699154529229027,-0.029114319265834798,-0.030447022154235007,-0.0011768690427861243,-0.002943825330195173,-0.00532138169576328,-0.004144512652977156
861,-1.3125654132629485,-0.06271240803656855,-0.019565868865277156,0.037203705729592876,-0.006255791245069555,-0.003925341395932796,-0.0008072893121712393,0.005448501932898316
862,-1.3263541898021176,-0.09979316655555767,0.030142455106069468,0.0842844846375858,-0.003737580202934022,0.00148142054802398,0.008405069797193262,0.012142650000127285
863,-1.3470812810124162,-0.07603289570179861,-0.007083694419217648,0.022758802479268418,-0.003113585581314913,-0.0016981737869475888,0.00017192137192102288,0.003285506953235936
864,-1.3657127136588114,-0.059911199636953016,-0.04577159603619691,0.013538173987403944,-0.007450435825204375,-0.006555850391737123,-0.005363482690809483,0.0020869531343948927
865,-1.3605455137436833,-0.11255447593156452,-0.038230006622254675,-0.05695395856833868,-1.603928954818626e-05,-0.003408708489243345,-0.007668939027299892,-0.0076528997377517055
866,-1.4255597951208172,-0.16042155475270647,-0.03188246960771307,-0.001848476088603026,-0.004211703308846007,-0.004145425913089906,-0.004041488363445343,0.00017021494540066413
867,-1.2842457363494266,-0.07562330907846218,-0.03416056522099416,0.006560064329640413,-0.005546841076325014,-0.005044272763304077,-0.004377677656137669,0.001169163420187345
868,-1.259411851523878,-0.08840765986411389,0.029813431367990372,0.08291631593760698,-0.003776330524096159,0.0015341031785446244,0.008631369160999066,0.012407699685095225
869,-1.3224734222655659,-0.08692979399360047,0.004975106481491028,0.012999794701136304,-0.0005320332482309666,0.00027369268836137226,0.0013278954819032933,0.0018599287301342598
870,-1.3952368845622793,-0.12875237523589578,0.01857655916265688,0.009081434029638513,0.0017484767405620664,0.002231969225536855,0.0028400317728718397,0.0010915550323097733
871,-1.3737776912780484,-0.12855086356909953,-0.01807497347127314,0.028069832741119342,-0.005146618829739295,-0.0033357188267300144,-0.001009493083874212,0.004137125745865083
872,-1.4269012015898583,-0.1666254866061624,-0.0014373122904749736,0.05756756204977657,-0.005486591122341067,-0.001962153084535247,0.0024828168948564447,0.007969408017197512
873,-1.3086284992911335,-0.07930781909658016,0.01575174671576364,0.027944464574449816,-0.00042351057576770775,0.0013080716326628018,0.0035946329818333607,0.004018143557601069
874,-1.310465426111386,-0.0507373467915615,0.05787186431555968,0.1898234007920544,-0.00963051449837275,0.0019382778333100997,0.018228125802419053,0.027858640300791805
875,-1.3654273018007774,-0.14235492170560396,0.013144784334017102,-0.028378827042953567,0.004620987985896997,0.0027301248714581513,0.000355000969015755,-0.004265987016881242
876,-1.49163664864204,-0.18947318634785798,-0.027384383690514807,0.041284626449145795,-0.007302481610286457,-0.004690893648957157,-0.0014516672688025267,0.005850814341483931
877,-1.427294029970108,-0.109437097420958,-0.07212163937596869,0.054144783651657105,-0.014251437575828597,-0.010895726268621949,-0.0065116775651697855,0.0077397600106588115
878,-1.3638893256322557,-0.061255547276182855,-0.039129292117977776,-0.06670161931589565,0.0007632737433904018,-0.003194931200796407,-0.008317297438526132,-0.009080571181916533
879,-1.3676430248291183,-0.0744854002110196,-0.04956567775503597,0.012176866878584823,-0.007871676039439805,-0.007020831238575253,-0.0058942667133414835,0.0019774093260983214
880,-1.2904533205679363,-0.07607154113222515,-0.01949243784770897,0.035616985871937505,-0.006205610242375101,-0.0039203767555838,-0.0008858331980198261,0.005319777044355275
881,-1.3621235096606583,-0.08454597353997409,0.0442649885189578,0.037717878060092344,0.0026713930649259806,0.00490405877983427,0.007846376111141097,0.005174983046215116
882,-1.3804726134569005,-0.17405331831595772,0.02148709776192986,0.01552615161939467,0.001591685441501161,0.002460736493169441,0.0035258705143075358,0.0019341850728063748
883,-1.2943922175819147,-0.0472356117120527,-0.036428759105615216,-0.010919543941232825,-0.004133156458716395,-0.004747840913532598,-0.005563182687230986,-0.001430026228514591
884,-1.4070190749287192,-0.11576085709817932,-0.0061931551325336166,0.011701162647707894,-0.0019239646136197735,-0.0011883508680507909,-0.00024238674156476652,0.001681577872055007
885,-1.345330742015209,-0.14754214419796513,-0.01225753248211466,0.0602127873454242,-0.007477948394655639,-0.0036268864308294704,0.0013087457081545743,0.008786694102810213
886,-1.3676336466370684,-0.12524611265766283,0.013444308737736234,-0.02275181202804595,0.004087311592704209,0.0025806943877342906,0.0006668537904879453,-0.003420457802216264
887,-1.367045780968057,-0.10739075094332515,0.04662884183324964,0.061545132805599354,0.0007654852048788223,0.004462772174532152,0.009304729443473731,0.008539244238594909
888,-1.376246892034891,-0.04841621785922809,0.06050748417373567,0.10159640888109815,-0.0010203863859342556,0.0050331547313029225,0.013355840692134717,0.014376227078068972
889,-1.385136147807129,-0.029288353936076046,-0.0058321376280836175,-0.03278395819554145,0.002182934401678702,0.00023901789163995117,-0.002355583360683955,-0.004538517762362657
890,-1.42578310603004,-0.24068810848474778,-0.00016435335375435817,-0.01657638648664579,0.00156706169643556,0.0004965256358980053,-0.0007684008527684493,-0.0023354625492040095
891,-1.383358054730627,-0.16190691412759442,-0.031163958155541405,0.012876806355438968,-0.005590392857101762,-0.004614076158378931,-0.0033739709430513523,0.00221642191405041
892,-1.412335984899686,-0.1478624245031921,-0.01503999853891258,0.03936118779435662,-0.005685582585482666,-0.003214410197030034,-7.258749549149606e-05,0.00561299508999117
893,-1.3906412678652305,-0.12227189766037708,-0.012318624527930724,-0.00037354817943670955,-0.0016766750011418983,-0.001646945511702819,-0.001604106709667046,7.256829147485235e-05
894,-1.3706214695723955,-0.17060219926845893,-0.013319780136964627,0.028101545773799995,-0.004572201859734104,-0.002716137113700374,-0.00038683205044498373,0.0041853698092891205
895,-1.3971629660216338,-0.08447118949591037,0.0021698261742210934,-0.06872521748675599,0.006684682310196237,0.0024419141764632675,-0.0029774875821005657,-0.009662169892296802
896,-1.420615669806366,-0.011161371191899264,0.002436362913005974,-0.09540715021282958,0.008863786706515574,0.0032392181547141064,-0.004204512391934189,-0.013068299098449762
897,-1.3800712377348516,-0.03366675980263561,0.029471540601609503,0.008210267550108022,0.0032720942452761316,0.0037331420140376075,0.004354135003466738,0.001082040758190606
898,-1.3674951139669556,-0.14703723808850916,-0.05765332744385221,-0.0267686139467702,-0.005603164764165592,-0.0069639174131576964,-0.008621547056729196,-0.0030183822925636044
899,-1.2974511143776684,-0.09380222164212859,0.016185564126483157,0.15561371511018024,-0.01247505713079845,-0.0028210238218000843,0.010309094665893432,0.02278415179669188
900,-1.3820897616029373,-0.0809625651167073,-0.07053426329099133,0.0030193698661035205,-0.009794541175333574,-0.009419181650701876,-0.008916510273612703,0.0008780309017208717
901,-1.4518099850471604,0.11685568002247296,-0.07702219746686818,0.3178281994957685,-0.032389242894947816,-0.01812555409181813,0.005293059443263977,0.03768230233821179
902,-1.386463579869064,-0.22544722761944655,0.014785508664703045,0.029810269178999503,-0.0007492649207053112,0.001082261567442691,0.0032852947330029173,0.004034559653708228
903,-1.3763401869233864,-0.12786473749706467,-0.025768986341967424,0.03279055578629145,-0.006629784177622127,-0.004508934083956562,-0.0017791377283286219,0.004850646449293505
904,-1.336937254864701,-0.04455845292594855,0.016934023743488732,0.17467388520818386,-0.013553398089557366,-0.0032409454835381833,0.011284691429965209,0.024838089519522575
905,-1.39274575038517,0.0041493266565194005,-0.002120931824749525,-0.04074333724654747,0.003356503815162195,0.0009762619538264845,-0.0022590080813687657,-0.005615511896530961
906,-1.415406160811853,-0.06256315408432571,-0.0009130448056912099,0.0013724703717638972,-0.0002457157098394747,-0.00016260776107215741,-5.2722348907939576e-05,0.00019299336093153515
907,-1.3635592533195382,-0.12596401927239628,-0.009194319081612973,0.020812126439200718,-0.003256913390603054,-0.001919396032530879,-0.00020276321901927267,0.0030541501715837813
908,-1.2988783807239586,-0.09500955986398683,-0.002719645512238318,0.024344624281209405,-0.0027479209322886613,-0.0011863499541939144,0.0008573958320196792,0.0036053167643083405
909,-1.3640887685725573,-0.11362216726149854,-0.00951553836962243,-0.09807330062129502,0.008042483339272875,0.001826434417946396,-0.005915974990847346,-0.013958458330120221
910,-1.3672560712678823,-0.15216269254922699,-0.042549777580162255,-0.03234857542447052,-0.0029688925317308827,-0.004770277699590286,-0.006974667362570426,-0.004005774830839543
911,-1.5781158803511468,-0.25540579959583015,-0.04061914886606432,-0.15360351051131843,0.00833391010218824,-0.0006040749371109157,-0.010419333932918511,-0.018753244035106753
912,-1.3120138356674171,-0.0844827575397227,-0.037879294660381334,0.08075611653204051,-0.012870686707058843,-0.007842824442578982,-0.0011175538028198391,0.011753132904239004
913,-1.4067250443259205,-0.1450320005009281,-0.010054649353661326,0.0023924394807230513,-0.0016187180578727922,-0.0014201677960581688,-0.001164997013256752,0.0004537210446160403
914,-1.4268946500389939,-0.016458490281184363,-0.0822545669050544,0.2557002469108998,-0.03079251921839734,-0.017683719767029284,0.0015243429553831623,0.0323168621737805
915,-1.3173264968557998,-0.03424132549663774,-0.060357743045600654,0.0708294906476934,-0.014686417988848545,-0.010470285286504875,-0.004680030574394497,0.010006387414454048
916,-1.4183328998265252,-0.056031791404339115,-0.03258368781389668,-0.0069159395537180465,-0.0037049333028156984,-0.004041205119834138,-0.004482849410056474,-0.0007779161072407753
917,-1.3922610792855443,0.06329256211287601,0.0478848067631179,0.1872411758461891,-0.009780837483970302,0.0005771930377606266,0.016248168429151246,0.026029005913121548
918,-1.4865105993929695,-0.12995993106548012,0.017581763969666472,-0.02184131294213783,0.004296627562350838,0.0029120560201839492,0.001164159584717986,-0.0031324679776328517
919,-1.35531407874694,-0.14061104707871425,-0.003808920413964457,0.045264434764285044,-0.004837644427985844,-0.0019730595366004426,0.001694209972796972,0.006531854400782816
920,-1.4255771810976061,-0.11782515236334228,-0.07051897125148703,-0.18462668530003465,0.007346203198480771,-0.003623010422902273,-0.016795285305968674,-0.024141488504449443
921,-1.3642079467738697,-0.10472366842520255,-0.007508817136519595,-0.04888117375072485,0.003568926892418067,0.0005274928859707477,-0.0033343489440672888,-0.006903275836485355
922,-1.4291881259953843,-0.04516015759219996,0.016917600244802267,-0.08379019688340694,0.009862690683915024,0.004805663511723539,-0.001775473265279685,-0.011638163949194709
923,-1.4036419456225324,-0.09777877075982355,-0.02595192432345332,0.03991914415058872,-0.007107902947905529,-0.00465821868673912,-0.0014495280349998362,0.005658374912905693
924,-1.3194560199229572,-0.09692251681172986,-0.010344929423657417,-0.02450310676060914,0.0008717112030312952,-0.0006520908329855649,-0.002611101494713295,-0.00348281269774459
925,-1.365781128359176,-0.07487182455797213,0.015120908658722464,-0.01232679725857964,0.003267156688174877,0.0024632486088497557,0.0014092500925184989,-0.0018579065956563783
926,-1.4159269476692786,-0.1340804862649194,0.0230454059657607,-0.0023118476366435596,0.003418468842189665,0.003166523035181826,0.002836760145149176,-0.0005817086970404889
927,-1.3398404649882918,-0.011176025003374184,0.04640793449638021,0.1770337006493673,-0.009705086386645988,0.0007246700804249212,0.01571970790801818,0.02542479429466417
928,-1.3980690341732427,-0.1767337021747155,-0.04069081579285383,0.0652527611186914,-0.011673140580690444,-0.0074466597040005016,-0.0021123389752624377,0.009560801605428007
929,-1.3927847284828347,-0.0801734847665,-0.012753082473736889,-0.06487845422377164,0.004238500725394279,0.0003115988463678271,-0.004717298688040139,-0.008955799413434417
930,-1.379608318257349,-0.12611246495372602,-0.014937621912142048,0.017466995566691054,-0.0037127984857082408,-0.002570678714841569,-0.0011047587154656491,0.0026080397702425914
931,-1.3481558325453835,-0.12770417813707716,0.01807531253311688,0.03102577952226427,-0.0003844787970004593,0.0015112731671003523,0.003940915366902183,0.004325394163902642
932,-1.4674810277154204,-0.017021000596092947,-0.05569284305115986,0.012803901773225119,-0.008041343083663837,-0.007319526220573124,-0.00633527504921452,0.0017060680344493174
933,-1.3627796400307075,-0.08658841074107815,0.026889702150551115,0.037149289449413925,0.00028346914621476193,0.0025092925858359667,0.005439713438573843,0.0051562442923590805
934,-1.3439428851697417,-0.16730280557305022,-0.005634478135402973,0.04511334303395824,-0.005163522406713394,-0.002241188182990764,0.0014463184186944587,0.006609840825407853
935,-1.3015798114085682,-0.09234612621761537,-0.01586966811912048,-0.05383353173774641,0.002937872730487526,-0.0004759864336869343,-0.004843838091128381,-0.007781710821615908
936,-1.2981880416577425,-0.07663568722747358,-0.041652535049181746,0.03886734016418833,-0.00958534858480938,-0.007078399524700368,-0.0037467944328597284,0.005838554151949652
937,-1.3585866527481008,-0.2006002239365409,-0.004063784731235508,0.02294012543779374,-0.002823013351822904,-0.0013036664136477224,0.0005665795074790938,0.0033895928593019975
938,-1.342775694820458,-0.13773104010038126,-0.031969410929494804,-0.019746990164634486,-0.0026877984039182503,-0.003782971250179181,-0.005142043745258934,-0.002454245341340684
939,-1.4185956990577746,0.03040992069071463,0.040716807342954076,-0.05224372111090071,0.00999260701964748,0.006986448946214533,0.002848097894087522,-0.0071445091255599585
940,-1.2881891135810317,-0.01902829707855396,0.047180635768707437,0.07310562626910586,-0.00024786637481891285,0.004306572969164342,0.010622082026461211,0.010869948401280125
941,-1.397724858730997,-0.23621779305647425,-0.03296725730950989,-0.04120555955266435,-0.0007801623145365632,-0.0031756904388347273,-0.005942540062655821,-0.005162377748119258
942,-1.3881952854774018,-0.11228663300105302,-0.035612452438416216,0.008073107851761,-0.005636831586409766,-0.005010238657267851,-0.00419397192481051,0.0014428596615992566
943,-1.5336466831894566,-0.2047504062182114,-0.030440489070835963,0.06762656290484277,-0.009795557848390035,-0.0056984057116023805,-0.0006447094855896289,0.009150848362800406
944,-1.3275333331769417,-0.10786057029703681,0.030625099744500447,0.05438917094751672,-0.0008284720631961909,0.0025298813826987484,0.006922441908220859,0.00775091397141705
945,-1.3830077078085,-0.10029156954488834,-0.033682625055537124,-0.01857589726743932,-0.00293246806084501,-0.00393993388034699,-0.005222797043175239,-0.0022903289823302288
946,-1.3318665093392053,-0.16410409896155992,-0.022594189906641877,0.03830338125908072,-0.0069652788298146945,-0.004388876483185345,-0.0011274401695742225,0.005837838660240472
947,-1.3577436113205263,-0.11211957606335117,-0.0294765711098435,0.006457470760333766,-0.004736791249847225,-0.004223386778449228,-0.0035537315474314184,0.0011830597024158067
948,-1.3630904060370646,-0.06127300797057712,-0.05752378965525774,-0.019452970348309027,-0.006078035418102268,-0.007107477201955471,-0.008453111243916483,-0.0023750758258142156
949,-1.4134089695970957,-0.1563976531281334,0.05286286672865912,0.027409890189731567,0.004860162743463176,0.006314299611559513,0.008118060820934808,0.003257898077471632
950,-1.319003781017752,-0.12296473488498925,-0.033485287218206906,0.03858050464090741,-0.008469234706406542,-0.0059082567429734,-0.0025907869611183536,0.005878447745288188
951,-1.3491795951140826,-0.05507044302843117,0.002090457985018085,0.01831069060666632,-0.001409981706147121,-0.00029669386696943976,0.0011900068291705707,0.0025999885353176918
952,-1.3318242815468533,-0.11076064189968511,-0.015152437391400658,0.0383698522172449,-0.00579271865844068,-0.0033373047636423734,-0.0001408914680685254,0.0056518271903721546
953,-1.4137244811143024,-0.16661172038181882,5.98318680031934e-05,0.029806590565306844,-0.0027673172840898073,-0.0009188358805875551,0.001394423306452979,0.004161740590542786
954,-1.3242607973683986,-0.0837653074370692,-0.001469215267842941,-0.02497888453097744,0.0021846138327712935,0.0006064022154022785,-0.0014408059070698878,-0.0036254197398411813
955,-1.359469884759462,-0.14953219144826363,-0.014034519792841654,0.0007346200552290696,-0.0020741417125079054,-0.0019541788885622585,-0.0017950902966163734,0.00027905141589153193
956,-1.4051812526617293,-0.1589682823509026,0.01703941295057309,0.018636294833210575,0.0006412019418956825,0.0017178245714998279,0.0030578646527634765,0.002416662710867794
957,-1.323380606451028,-0.04320291272466018,0.0630762252746589,0.19565595845538522,-0.009355486618552003,0.00246217259395887,0.019206398762168335,0.02856188538072034
958,-1.4335519373098933,-0.18760646000022013,-0.10042704225130006,-0.24107639324357413,0.008643898077913314,-0.00582520978686515,-0.022120156176476787,-0.0307640542543901
959,-1.3512645363632405,-0.12987219187838014,-0.03302498090064795,0.04196564804955804,-0.008587680721474608,-0.0058481570304627925,-0.0023142972065404908,0.006273383514934117
960,-1.4456603248426236,-0.14212968611861462,-0.10280123453561282,-0.12981298966439672,-0.0021565935687431906,-0.009316005554015107,-0.017864831931159564,-0.015708238362416374
961,-1.3309997669081044,-0.12266160053247349,0.04820602158470098,0.06706058599681056,0.00048002335287763076,0.004607393052216158,0.009976490991629155,0.009496467638751524
962,-1.3830004492711216,-0.14375354768129986,0.0010078338291305625,-0.022287205397386135,0.0022581568272585606,0.0008437219357777319,-0.0009265282056247449,-0.0031846850328833055
963,-1.388711484251571,-0.036801957715974866,0.06790297010917018,0.06275887244313595,0.0035231922197467114,0.00724286102388525,0.012332725229787848,0.008809533010041136
964,-1.3870028953886475,-0.07072740288817247,-0.040679023287986615,-0.019274088349068786,-0.003773311139663576,-0.004815576751560474,-0.006170395020713039,-0.0023970838810494634
965,-1.5199844213526748,-0.12289168674533582,-0.036099462057191015,0.03616887640417979,-0.007642901749330414,-0.005478783962497119,-0.002695193435591542,0.004947708313738872
966,-1.2920586260488793,-0.1507175301200413,0.038793402763354,0.09423125962155476,-0.003588206000400618,0.0024374846813206997,0.01022468342330352,0.01381288942370414
967,-1.403862827791021,-0.006516053641324265,-0.003909610312848047,-0.046616513294844175,0.0036360703790105932,0.000914999364344016,-0.0027520477689924696,-0.006388118148003063
968,-1.4120893329499973,-0.033952103711303916,-0.01737287652655195,-0.031228628554398775,0.000469446806889394,-0.0013291591275271558,-0.0037220992891095614,-0.004191546095998955
969,-1.357594299783222,-0.103360619294555,0.00443060230571379,-0.009819553336637723,0.0015566705842967833,0.0009242262942353788,0.00010882941575251673,-0.0014478411685442665
970,-1.3789029159617854,-0.13716772426178322,-0.04736205738413179,0.024261459090146556,-0.008815390723186746,-0.007114497750399926,-0.00493073064611418,0.003884660077072566
971,-1.3831551945875433,-0.11188888404017487,-0.07752865261478195,0.04111546035607781,-0.01421150790867763,-0.011503052059085922,-0.007971848462609902,0.006239659446067728
972,-1.387309328918538,-0.11008907109827576,-0.01309859088714131,-0.04713753968639767,0.0025784045002021382,-0.0002899982760473586,-0.003915414098615838,-0.006493818598817976
973,-1.44898142115872,0.011384058461250178,0.02643407756126378,-0.0904212462196908,0.011397386073584459,0.006162593518263334,-0.0008723768136676601,-0.012269762887252119
974,-1.3517916177836442,-0.12155596343123899,-0.00828812722871427,0.02789027190444363,-0.003811390059970511,-0.002032676960055913,0.00026006406190342944,0.004071454121873941
975,-1.420360148258125,0.012577265631706656,0.029139057890371432,-0.01465377160286824,0.005116573114912675,0.004281364374668772,0.003130815602161376,-0.001985757512751299
976,-1.4766215829408513,-0.07100234676965826,-0.010067013037837587,-0.035979756622115736,0.001826553414302349,-0.0002173011611219477,-0.002865923721817872,-0.004692477136120221
977,-1.4546560291726243,-0.12753448058604888,0.0018527352543865894,0.02449321598254327,-0.0019480802305345795,-0.0004988023910759088,0.0013512854783153552,0.0032993657088499348
978,-1.3799862900831326,-0.04741596452587783,0.04276139894548282,0.007480853363458677,0.005201251280870682,0.005588879918361557,0.006104942357476186,0.0009036910766055039
979,-1.41628175035984,-0.18812997400959278,0.08396491459705245,0.13011968308501473,-0.00043887393242553863,0.007332235111541575,0.01720887786954446,0.01764775180197
980,-1.327006055165742,-0.08801565460820432,-0.03202960918502491,0.027183665592127315,-0.007064333410793433,-0.0052938952800035575,-0.0029637445268938536,0.004100588883899579
981,-1.4137775209537964,-0.11893211741186707,-0.004294017943309109,-0.028436402887863452,0.0020332675737816572,0.0003083321555630275,-0.0018720433330791527,-0.00390531090686081
982,-1.3793106010347345,-0.14029600027290018,0.012910805615787085,-0.006389178210907752,0.002440054120759753,0.001971460866920557,0.0013738840559746543,-0.0010661700647850987
983,-1.3926176267367585,-0.11959909098856315,-0.00379267820803473,-0.03974457574605309,0.003193423532161194,0.0007353816288245196,-0.002363954197278167,-0.005557377729439361
984,-1.323048459340884,-0.08689274654276254,-0.019464295743826483,-0.04669261029663145,0.0016899252539755215,-0.0012022810885451323,-0.004917173382202487,-0.006607098636178008
985,-1.4006003678419536,-0.14478479448304385,-0.022066889738165542,0.03112785219690426,-0.0059245934683242575,-0.003913943768657621,-0.0013537779157953385,0.004570815552528919
986,-1.4133768457232798,-0.08769167477752152,0.010326820881428094,0.013491477221686053,0.0001762048063365545,0.0009562809726145887,0.001973212286767183,0.0017970074804306286
987,-1.324161718360936,-0.015260434213376294,0.03266936414111655,0.044537292104775014,0.0003982494116413056,0.00311073986744586,0.006850453023940138,0.006452203612298832
988,-1.3978241356340493,-0.1921730154280738,0.03303866794813323,0.0776583468430774,-0.0026853411636730937,0.002046292459193177,0.007951844563574728,0.010637185727247821
989,-1.4180736551966853,-0.11473007489338802,-0.005561332501882835,-0.033922038715994675,0.0023568309812695308,0.00030831611879846433,-0.0022826386757545344,-0.004639469657024066
990,-1.3469869738569293,-0.05275014609478307,0.0011191730383718224,0.004155531176471363,-0.00023119810481235888,2.110730038813918e-05,0.00035704197579415674,0.0005882400806065157
991,-1.3851582468472319,-0.1831672429454904,0.017575747307405954,0.004438697056478661,0.0020987179211288806,0.002272674134188507,0.002471942863462128,0.0003732249423332476
992,-1.3257211079720421,-0.10249045558488248,-0.06842929107320084,0.03449060706001024,-0.01280223864100081,-0.01046633512725762,-0.007405207779687336,0.005397030861313474
993,-1.3395655149854608,-0.10962631076953552,0.01693054878590823,0.0008182803377129984,0.002350591947632245,0.002337947567559309,0.002316108884534489,-3.448306309775627e-05
994,-1.4491941970122302,-0.12863684077078832,-0.01649646236602446,-0.014052047968940155,-0.0009558744347455446,-0.001720736931339193,-0.0026773532798854936,-0.0017214788451399492
995,-1.3311566201972433,-0.06427680275033246,-0.0024391552938695243,-0.08389184170617964,0.007690947094420922,0.0023787839399915215,-0.0044720961419277925,-0.012163043236348713
996,-1.4463546948820944,-0.1294447939834963,0.03113057800505314,-0.06670045572873766,0.010483461913263414,0.006186569567810773,0.0008262195780349672,-0.009657242335228447
997,-1.3073884948031633,-0.11389210878577535,0.006592944023226188,0.029698130583089732,-0.0019272024524845948,-4.349018829426248e-05,0.0023964808248533686,0.004323683277337963
998,-1.4263079450858134,-0.16479042654959353,0.0065978804793114625,0.042399698742781426,-0.0030045621701986357,-0.0004324810205583756,0.002796923023255674,0.00580148519345431
