source,country,unit_id,unit_name,admin_level,years_observed,year_min,year_max,crop_rows,crops,total_area_ha,has_2plus_vintages
eurostat_apro_cpshr_2026,AL,AL,AL,1,24,2000,2024,363,25,64012370.0,True
eurostat_apro_cpshr_2026,AL,AL0,AL0,1,8,2014,2024,108,23,14804720.0,True
eurostat_apro_cpshr_2026,AL,AL01,AL01,2,4,2021,2024,69,18,1528350.0,True
eurostat_apro_cpshr_2026,AL,AL02,AL02,2,4,2021,2024,69,18,1007520.0,True
eurostat_apro_cpshr_2026,AL,AL03,AL03,2,4,2021,2024,69,18,2966720.0,True
eurostat_apro_cpshr_2026,AT,AT,AT,1,25,2000,2024,522,25,183886360.0,True
eurostat_apro_cpshr_2026,AT,AT1,AT1,1,25,2000,2024,435,25,71244700.0,True
eurostat_apro_cpshr_2026,AT,AT11,AT11,2,25,2000,2024,435,25,12548790.0,True
eurostat_apro_cpshr_2026,AT,AT12,AT12,2,25,2000,2024,435,25,58261720.0,True
eurostat_apro_cpshr_2026,AT,AT13,AT13,2,25,2000,2024,435,25,435160.0,True
eurostat_apro_cpshr_2026,AT,AT2,AT2,1,25,2000,2024,435,25,37502620.0,True
eurostat_apro_cpshr_2026,AT,AT21,AT21,2,25,2000,2024,435,25,14168290.0,True
eurostat_apro_cpshr_2026,AT,AT22,AT22,2,25,2000,2024,435,25,23335280.0,True
eurostat_apro_cpshr_2026,AT,AT3,AT3,1,25,2000,2024,435,25,64369380.0,True
eurostat_apro_cpshr_2026,AT,AT31,AT31,2,25,2000,2024,435,25,31993980.0,True
eurostat_apro_cpshr_2026,AT,AT32,AT32,2,25,2000,2024,435,25,11056650.0,True
eurostat_apro_cpshr_2026,AT,AT33,AT33,2,25,2000,2024,435,25,16644560.0,True
eurostat_apro_cpshr_2026,AT,AT34,AT34,2,25,2000,2024,435,25,4673600.0,True
eurostat_apro_cpshr_2026,BA,BA,BA,1,25,2000,2024,424,24,100832100.0,True
eurostat_apro_cpshr_2026,BE,BE,BE,1,25,2000,2024,520,25,91677520.0,True
eurostat_apro_cpshr_2026,BE,BE1,BE1,1,25,2000,2024,424,25,115510.0,True
eurostat_apro_cpshr_2026,BE,BE10,BE10,2,25,2000,2024,424,25,115510.0,True
eurostat_apro_cpshr_2026,BE,BE2,BE2,1,25,2000,2024,424,25,40280310.0,True
eurostat_apro_cpshr_2026,BE,BE21,BE21,2,25,2000,2024,424,25,6069360.0,True
eurostat_apro_cpshr_2026,BE,BE22,BE22,2,25,2000,2024,424,25,5566180.0,True
eurostat_apro_cpshr_2026,BE,BE23,BE23,2,25,2000,2024,424,25,9584440.0,True
eurostat_apro_cpshr_2026,BE,BE24,BE24,2,25,2000,2024,424,25,5649100.0,True
eurostat_apro_cpshr_2026,BE,BE25,BE25,2,25,2000,2024,424,25,13412560.0,True
eurostat_apro_cpshr_2026,BE,BE3,BE3,1,25,2000,2024,424,25,44609450.0,True
eurostat_apro_cpshr_2026,BE,BE31,BE31,2,25,2000,2024,424,25,4268640.0,True
eurostat_apro_cpshr_2026,BE,BE32,BE32,2,25,2000,2024,424,25,13732200.0,True
eurostat_apro_cpshr_2026,BE,BE33,BE33,2,25,2000,2024,424,25,9085080.0,True
eurostat_apro_cpshr_2026,BE,BE34,BE34,2,25,2000,2024,424,25,7894180.0,True
eurostat_apro_cpshr_2026,BE,BE35,BE35,2,25,2000,2024,424,25,9628960.0,True
eurostat_apro_cpshr_2026,BE,BEZ,BEZ,1,10,2015,2024,10,1,0.0,True
eurostat_apro_cpshr_2026,BE,BEZZ,BEZZ,2,10,2015,2024,10,1,0.0,True
eurostat_apro_cpshr_2026,BG,BG,BG,1,25,2000,2024,486,25,334129170.0,True
eurostat_apro_cpshr_2026,BG,BG3,BG3,1,18,2007,2024,196,23,159487160.0,True
eurostat_apro_cpshr_2026,BG,BG31,BG31,2,18,2007,2024,179,23,45957970.0,True
eurostat_apro_cpshr_2026,BG,BG32,BG32,2,18,2007,2024,182,23,35816200.0,True
eurostat_apro_cpshr_2026,BG,BG33,BG33,2,18,2007,2024,181,23,39168090.0,True
eurostat_apro_cpshr_2026,BG,BG34,BG34,2,18,2007,2024,181,23,38601130.0,True
eurostat_apro_cpshr_2026,BG,BG4,BG4,1,18,2007,2024,194,23,56250740.0,True
eurostat_apro_cpshr_2026,BG,BG41,BG41,2,22,2000,2024,212,23,29683870.0,True
eurostat_apro_cpshr_2026,BG,BG42,BG42,2,18,2007,2024,182,23,32511550.0,True
eurostat_apro_cpshr_2026,CH,CH,CH,1,20,2005,2024,500,25,70048580.0,True
eurostat_apro_cpshr_2026,CH,CH0,CH0,1,20,2005,2024,500,25,70048580.0,True
eurostat_apro_cpshr_2026,CH,CH01,CH01,2,20,2005,2024,500,25,12268000.0,True
eurostat_apro_cpshr_2026,CH,CH02,CH02,2,20,2005,2024,500,25,22232310.0,True
eurostat_apro_cpshr_2026,CH,CH03,CH03,2,20,2005,2024,500,25,4320930.0,True
eurostat_apro_cpshr_2026,CH,CH04,CH04,2,20,2005,2024,500,25,3783720.0,True
eurostat_apro_cpshr_2026,CH,CH05,CH05,2,20,2005,2024,500,25,17795300.0,True
eurostat_apro_cpshr_2026,CH,CH06,CH06,2,20,2005,2024,499,25,8057100.0,True
eurostat_apro_cpshr_2026,CH,CH07,CH07,2,20,2005,2024,496,25,1591210.0,True
eurostat_apro_cpshr_2026,CY,CY,CY,1,25,2000,2024,581,25,9747110.0,True
eurostat_apro_cpshr_2026,CY,CY0,CY0,1,25,2000,2024,489,25,8260150.0,True
eurostat_apro_cpshr_2026,CY,CY00,CY00,2,25,2000,2024,489,25,8260150.0,True
eurostat_apro_cpshr_2026,CY,CYZ,CYZ,1,21,2004,2024,42,2,0.0,True
eurostat_apro_cpshr_2026,CY,CYZZ,CYZZ,2,21,2004,2024,42,2,0.0,True
eurostat_apro_cpshr_2026,CZ,CZ,CZ,1,25,2000,2024,625,25,249097310.0,True
eurostat_apro_cpshr_2026,CZ,CZ0,CZ0,1,25,2000,2024,459,25,229374420.0,True
eurostat_apro_cpshr_2026,CZ,CZ01,CZ01,2,25,2000,2024,287,23,644960.0,True
eurostat_apro_cpshr_2026,CZ,CZ02,CZ02,2,25,2000,2024,287,23,31630930.0,True
eurostat_apro_cpshr_2026,CZ,CZ03,CZ03,2,25,2000,2024,285,23,41705890.0,True
eurostat_apro_cpshr_2026,CZ,CZ04,CZ04,2,25,2000,2024,287,23,17613210.0,True
eurostat_apro_cpshr_2026,CZ,CZ05,CZ05,2,25,2000,2024,286,23,32227230.0,True
eurostat_apro_cpshr_2026,CZ,CZ06,CZ06,2,25,2000,2024,287,23,41739070.0,True
eurostat_apro_cpshr_2026,CZ,CZ07,CZ07,2,25,2000,2024,287,23,22267110.0,True
eurostat_apro_cpshr_2026,CZ,CZ08,CZ08,2,25,2000,2024,286,23,11965510.0,True
eurostat_apro_cpshr_2026,CZ,CZZ,CZZ,1,11,2000,2010,21,2,0.0,True
eurostat_apro_cpshr_2026,CZ,CZZZ,CZZZ,2,11,2000,2010,21,2,0.0,True
eurostat_apro_cpshr_2026,DE,DE,DE,1,25,2000,2024,541,25,1148159020.0,True
eurostat_apro_cpshr_2026,DE,DE1,DE1,1,24,2000,2024,369,23,83462510.0,True
eurostat_apro_cpshr_2026,DE,DE11,DE11,2,3,2002,2004,11,9,1015700.0,True
eurostat_apro_cpshr_2026,DE,DE12,DE12,2,3,2002,2004,11,9,436800.0,True
eurostat_apro_cpshr_2026,DE,DE13,DE13,2,3,2002,2004,11,9,710400.0,True
eurostat_apro_cpshr_2026,DE,DE14,DE14,2,3,2002,2004,11,9,924300.0,True
eurostat_apro_cpshr_2026,DE,DE2,DE2,1,25,2000,2024,368,23,196383700.0,True
eurostat_apro_cpshr_2026,DE,DE21,DE21,2,3,2002,2004,11,9,1725200.0,True
eurostat_apro_cpshr_2026,DE,DE22,DE22,2,3,2002,2004,11,9,1167400.0,True
eurostat_apro_cpshr_2026,DE,DE23,DE23,2,3,2002,2004,11,9,900500.0,True
eurostat_apro_cpshr_2026,DE,DE24,DE24,2,3,2002,2004,11,9,678200.0,True
eurostat_apro_cpshr_2026,DE,DE25,DE25,2,3,2002,2004,11,9,746600.0,True
eurostat_apro_cpshr_2026,DE,DE26,DE26,2,3,2002,2004,11,9,759900.0,True
eurostat_apro_cpshr_2026,DE,DE27,DE27,2,3,2002,2004,11,9,1107000.0,True
eurostat_apro_cpshr_2026,DE,DE3,DE3,1,25,2000,2024,305,23,119780.0,True
eurostat_apro_cpshr_2026,DE,DE30,DE30,2,5,2000,2004,41,9,20200.0,True
eurostat_apro_cpshr_2026,DE,DE4,DE4,1,25,2000,2024,403,23,84507930.0,True
eurostat_apro_cpshr_2026,DE,DE5,DE5,1,25,2000,2024,296,23,443780.0,True
eurostat_apro_cpshr_2026,DE,DE50,DE50,2,5,2000,2004,41,9,89700.0,True
eurostat_apro_cpshr_2026,DE,DE6,DE6,1,25,2000,2024,376,23,809460.0,True
eurostat_apro_cpshr_2026,DE,DE60,DE60,2,5,2000,2004,40,9,131600.0,True
eurostat_apro_cpshr_2026,DE,DE7,DE7,1,25,2000,2024,379,23,45716260.0,True
eurostat_apro_cpshr_2026,DE,DE71,DE71,2,3,2002,2004,11,9,494000.0,True
eurostat_apro_cpshr_2026,DE,DE72,DE72,2,3,2002,2004,11,9,418700.0,True
eurostat_apro_cpshr_2026,DE,DE73,DE73,2,3,2002,2004,11,9,690500.0,True
eurostat_apro_cpshr_2026,DE,DE8,DE8,1,25,2000,2024,392,23,85557430.0,True
eurostat_apro_cpshr_2026,DE,DE80,DE80,2,5,2000,2004,41,9,14494500.0,True
eurostat_apro_cpshr_2026,DE,DE9,DE9,1,25,2000,2024,354,23,164599050.0,True
eurostat_apro_cpshr_2026,DE,DE91,DE91,2,3,2002,2004,11,9,805400.0,True
eurostat_apro_cpshr_2026,DE,DE92,DE92,2,3,2002,2004,11,9,1051500.0,True
eurostat_apro_cpshr_2026,DE,DE93,DE93,2,3,2002,2004,11,9,1764000.0,True
eurostat_apro_cpshr_2026,DE,DE94,DE94,2,3,2002,2004,11,9,2036800.0,True
eurostat_apro_cpshr_2026,DE,DEA,DEA,1,25,2000,2024,380,23,94943920.0,True
eurostat_apro_cpshr_2026,DE,DEA1,DEA1,2,3,2002,2004,11,9,497100.0,True
eurostat_apro_cpshr_2026,DE,DEA2,DEA2,2,3,2002,2004,11,9,622600.0,True
eurostat_apro_cpshr_2026,DE,DEA3,DEA3,2,3,2002,2004,11,9,903100.0,True
eurostat_apro_cpshr_2026,DE,DEA4,DEA4,2,3,2002,2004,11,9,730800.0,True
eurostat_apro_cpshr_2026,DE,DEA5,DEA5,2,3,2002,2004,11,9,526700.0,True
eurostat_apro_cpshr_2026,DE,DEB,DEB,1,25,2000,2024,378,23,44867420.0,True
eurostat_apro_cpshr_2026,DE,DEB1,DEB1,2,3,2002,2004,11,9,545900.0,True
eurostat_apro_cpshr_2026,DE,DEB2,DEB2,2,3,2002,2004,11,9,388400.0,True
eurostat_apro_cpshr_2026,DE,DEB3,DEB3,2,3,2002,2004,11,9,605600.0,True
eurostat_apro_cpshr_2026,DE,DEC,DEC,1,25,2000,2024,379,23,5194190.0,True
eurostat_apro_cpshr_2026,DE,DEC0,DEC0,2,5,2000,2004,43,9,822400.0,True
eurostat_apro_cpshr_2026,DE,DED,DED,1,25,2000,2024,403,23,55987040.0,True
eurostat_apro_cpshr_2026,DE,DED2,DED2,2,3,2002,2004,11,9,782300.0,True
eurostat_apro_cpshr_2026,DE,DEE,DEE,1,25,2000,2024,406,23,75478620.0,True
eurostat_apro_cpshr_2026,DE,DEF,DEF,1,25,2000,2024,378,23,61975170.0,True
eurostat_apro_cpshr_2026,DE,DEF0,DEF0,2,5,2000,2004,41,9,10999600.0,True
eurostat_apro_cpshr_2026,DE,DEG,DEG,1,25,2000,2024,406,23,49750380.0,True
eurostat_apro_cpshr_2026,DE,DEG0,DEG0,2,5,2000,2004,43,9,8398100.0,True
eurostat_apro_cpshr_2026,DK,DK,DK,1,25,2000,2024,482,25,194725590.0,True
eurostat_apro_cpshr_2026,DK,DK0,DK0,1,25,2000,2024,324,23,175566020.0,True
eurostat_apro_cpshr_2026,DK,DK01,DK01,2,19,2006,2024,147,21,4293740.0,True
eurostat_apro_cpshr_2026,DK,DK02,DK02,2,19,2006,2024,147,21,19599200.0,True
eurostat_apro_cpshr_2026,DK,DK03,DK03,2,19,2006,2024,147,21,34221770.0,True
eurostat_apro_cpshr_2026,DK,DK04,DK04,2,19,2006,2024,147,21,34203370.0,True
eurostat_apro_cpshr_2026,DK,DK05,DK05,2,19,2006,2024,146,21,21328670.0,True
eurostat_apro_cpshr_2026,EE,EE,EE,1,25,2000,2024,509,25,63158120.0,True
eurostat_apro_cpshr_2026,EE,EE0,EE0,1,20,2000,2024,393,25,49811620.0,True
eurostat_apro_cpshr_2026,EE,EE00,EE00,2,20,2000,2024,393,25,49811620.0,True
eurostat_apro_cpshr_2026,EL,EL,EL,1,25,2000,2024,622,25,320376490.0,True
eurostat_apro_cpshr_2026,EL,EL1,EL1,1,15,2000,2014,270,18,86100040.0,True
eurostat_apro_cpshr_2026,EL,EL11,EL11,2,15,2000,2014,270,18,18393770.0,True
eurostat_apro_cpshr_2026,EL,EL12,EL12,2,15,2000,2014,262,18,32922180.0,True
eurostat_apro_cpshr_2026,EL,EL13,EL13,2,15,2000,2014,270,18,11912260.0,True
eurostat_apro_cpshr_2026,EL,EL14,EL14,2,15,2000,2014,270,18,24912930.0,True
eurostat_apro_cpshr_2026,EL,EL2,EL2,1,15,2000,2014,270,18,50395950.0,True
eurostat_apro_cpshr_2026,EL,EL21,EL21,2,15,2000,2014,260,18,8860590.0,True
eurostat_apro_cpshr_2026,EL,EL22,EL22,2,15,2000,2014,240,18,2586980.0,True
eurostat_apro_cpshr_2026,EL,EL23,EL23,2,15,2000,2014,259,18,10110540.0,True
eurostat_apro_cpshr_2026,EL,EL24,EL24,2,15,2000,2014,270,18,13144070.0,True
eurostat_apro_cpshr_2026,EL,EL25,EL25,2,15,2000,2014,249,18,15697880.0,True
eurostat_apro_cpshr_2026,EL,EL3,EL3,1,25,2000,2024,622,25,5335940.0,True
eurostat_apro_cpshr_2026,EL,EL30,EL30,2,25,2000,2024,622,25,5335940.0,True
eurostat_apro_cpshr_2026,EL,EL4,EL4,1,25,2000,2024,622,25,56394220.0,True
eurostat_apro_cpshr_2026,EL,EL41,EL41,2,25,2000,2024,622,25,11193550.0,True
eurostat_apro_cpshr_2026,EL,EL41_42,EL41_42,1,15,2000,2014,242,18,4683650.0,True
eurostat_apro_cpshr_2026,EL,EL42,EL42,2,25,2000,2024,622,25,7787650.0,True
eurostat_apro_cpshr_2026,EL,EL43,EL43,2,25,2000,2024,622,25,37412990.0,True
eurostat_apro_cpshr_2026,EL,EL5,EL5,1,25,2000,2024,622,25,122689430.0,True
eurostat_apro_cpshr_2026,EL,EL51,EL51,2,25,2000,2024,622,25,33293260.0,True
eurostat_apro_cpshr_2026,EL,EL52,EL52,2,25,2000,2024,622,25,57472250.0,True
eurostat_apro_cpshr_2026,EL,EL53,EL53,2,25,2000,2024,622,25,18962140.0,True
eurostat_apro_cpshr_2026,EL,EL54,EL54,2,25,2000,2024,622,25,12962310.0,True
eurostat_apro_cpshr_2026,EL,EL6,EL6,1,25,2000,2024,622,25,135956320.0,True
eurostat_apro_cpshr_2026,EL,EL61,EL61,2,25,2000,2024,622,25,42130990.0,True
eurostat_apro_cpshr_2026,EL,EL62,EL62,2,25,2000,2024,622,25,6626290.0,True
eurostat_apro_cpshr_2026,EL,EL63,EL63,2,25,2000,2024,622,25,24823170.0,True
eurostat_apro_cpshr_2026,EL,EL64,EL64,2,25,2000,2024,622,25,30866410.0,True
eurostat_apro_cpshr_2026,EL,EL65,EL65,2,25,2000,2024,622,25,31509280.0,True
eurostat_apro_cpshr_2026,ES,ES,ES,1,25,2000,2024,499,25,1630178780.0,True
eurostat_apro_cpshr_2026,ES,ES1,ES1,1,20,2000,2024,385,25,69769180.0,True
eurostat_apro_cpshr_2026,ES,ES11,ES11,2,20,2000,2024,385,25,44324180.0,True
eurostat_apro_cpshr_2026,ES,ES12,ES12,2,20,2000,2024,385,25,16133820.0,True
eurostat_apro_cpshr_2026,ES,ES13,ES13,2,20,2000,2024,385,25,9311860.0,True
eurostat_apro_cpshr_2026,ES,ES2,ES2,1,20,2000,2024,385,25,165809080.0,True
eurostat_apro_cpshr_2026,ES,ES21,ES21,2,20,2000,2024,385,25,10254960.0,True
eurostat_apro_cpshr_2026,ES,ES22,ES22,2,20,2000,2024,385,25,24479790.0,True
eurostat_apro_cpshr_2026,ES,ES23,ES23,2,20,2000,2024,385,25,12557720.0,True
eurostat_apro_cpshr_2026,ES,ES24,ES24,2,20,2000,2024,385,25,118517260.0,True
eurostat_apro_cpshr_2026,ES,ES3,ES3,1,20,2000,2024,385,25,17913090.0,True
eurostat_apro_cpshr_2026,ES,ES30,ES30,2,20,2000,2024,385,25,17913090.0,True
eurostat_apro_cpshr_2026,ES,ES4,ES4,1,20,2000,2024,385,25,619943720.0,True
eurostat_apro_cpshr_2026,ES,ES41,ES41,2,20,2000,2024,385,25,266226590.0,True
eurostat_apro_cpshr_2026,ES,ES42,ES42,2,20,2000,2024,385,25,236923440.0,True
eurostat_apro_cpshr_2026,ES,ES43,ES43,2,20,2000,2024,385,25,116793790.0,True
eurostat_apro_cpshr_2026,ES,ES5,ES5,1,20,2000,2024,385,25,107772370.0,True
eurostat_apro_cpshr_2026,ES,ES51,ES51,2,20,2000,2024,385,25,57071000.0,True
eurostat_apro_cpshr_2026,ES,ES52,ES52,2,20,2000,2024,385,25,40091580.0,True
eurostat_apro_cpshr_2026,ES,ES53,ES53,2,20,2000,2024,385,25,10609640.0,True
eurostat_apro_cpshr_2026,ES,ES6,ES6,1,20,2000,2024,385,25,283946500.0,True
eurostat_apro_cpshr_2026,ES,ES61,ES61,2,20,2000,2024,385,25,257554290.0,True
eurostat_apro_cpshr_2026,ES,ES62,ES62,2,20,2000,2024,385,25,26390530.0,True
eurostat_apro_cpshr_2026,ES,ES63,ES63,2,15,2010,2024,340,25,0.0,True
eurostat_apro_cpshr_2026,ES,ES64,ES64,2,15,2010,2024,340,25,0.0,True
eurostat_apro_cpshr_2026,ES,ES7,ES7,1,20,2000,2024,385,25,4915770.0,True
eurostat_apro_cpshr_2026,ES,ES70,ES70,2,20,2000,2024,385,25,4915770.0,True
eurostat_apro_cpshr_2026,EU,EU,EU,1,25,2000,2024,286,19,9945931040.0,True
eurostat_apro_cpshr_2026,EU,EU27_2020,EU27_2020,1,25,2000,2024,267,19,9009162290.0,True
eurostat_apro_cpshr_2026,EU,EU28,EU28,2,20,2000,2019,190,19,7544182150.0,True
eurostat_apro_cpshr_2026,FI,FI,FI,1,25,2000,2024,485,25,169563600.0,True
eurostat_apro_cpshr_2026,FI,FI1,FI1,1,25,2000,2024,378,25,148484400.0,True
eurostat_apro_cpshr_2026,FI,FI13,FI13,2,20,2000,2019,136,23,12819400.0,True
eurostat_apro_cpshr_2026,FI,FI18,FI18,2,20,2000,2019,138,23,28065400.0,True
eurostat_apro_cpshr_2026,FI,FI19,FI19,2,25,2000,2024,380,25,51775540.0,True
eurostat_apro_cpshr_2026,FI,FI1A,FI1A,2,20,2000,2019,138,23,11590100.0,True
eurostat_apro_cpshr_2026,FI,FI1B,FI1B,2,13,2011,2024,282,25,5951500.0,True
eurostat_apro_cpshr_2026,FI,FI1C,FI1C,2,13,2011,2024,282,25,20345700.0,True
eurostat_apro_cpshr_2026,FI,FI1D,FI1D,2,13,2011,2024,281,25,22345000.0,True
eurostat_apro_cpshr_2026,FI,FI2,FI2,1,25,2000,2024,378,25,1145700.0,True
eurostat_apro_cpshr_2026,FI,FI20,FI20,2,25,2000,2024,378,25,1145700.0,True
eurostat_apro_cpshr_2026,FI,FIZ,FIZ,1,7,2011,2019,26,8,0.0,True
eurostat_apro_cpshr_2026,FI,FIZZ,FIZZ,2,7,2011,2019,26,8,0.0,True
eurostat_apro_cpshr_2026,FR,FR,FR,1,25,2000,2024,557,25,1836524330.0,True
eurostat_apro_cpshr_2026,FR,FR1,FR1,1,23,2000,2024,446,25,36326040.0,True
eurostat_apro_cpshr_2026,FR,FR10,FR10,2,23,2000,2024,446,25,36326040.0,True
eurostat_apro_cpshr_2026,FR,FR2,FR2,1,23,2000,2024,238,25,344925500.0,True
eurostat_apro_cpshr_2026,FR,FR21,FR21,2,15,2010,2024,15,1,0.0,True
eurostat_apro_cpshr_2026,FR,FR22,FR22,2,15,2010,2024,15,1,0.0,True
eurostat_apro_cpshr_2026,FR,FR23,FR23,2,15,2010,2024,15,1,0.0,True
eurostat_apro_cpshr_2026,FR,FR24,FR24,2,15,2010,2024,15,1,0.0,True
eurostat_apro_cpshr_2026,FR,FR25,FR25,2,15,2010,2024,15,1,0.0,True
eurostat_apro_cpshr_2026,FR,FR26,FR26,2,15,2010,2024,15,1,0.0,True
eurostat_apro_cpshr_2026,FR,FR3,FR3,1,23,2000,2024,238,25,31342760.0,True
eurostat_apro_cpshr_2026,FR,FR30,FR30,2,15,2010,2024,15,1,0.0,True
eurostat_apro_cpshr_2026,FR,FR4,FR4,1,23,2000,2024,238,25,78181400.0,True
eurostat_apro_cpshr_2026,FR,FR41,FR41,2,15,2010,2024,15,1,0.0,True
eurostat_apro_cpshr_2026,FR,FR42,FR42,2,15,2010,2024,15,1,0.0,True
eurostat_apro_cpshr_2026,FR,FR43,FR43,2,15,2010,2024,15,1,0.0,True
eurostat_apro_cpshr_2026,FR,FR5,FR5,1,23,2000,2024,238,25,224697220.0,True
eurostat_apro_cpshr_2026,FR,FR51,FR51,2,15,2010,2024,15,1,0.0,True
eurostat_apro_cpshr_2026,FR,FR52,FR52,2,15,2010,2024,15,1,0.0,True
eurostat_apro_cpshr_2026,FR,FR53,FR53,2,15,2010,2024,15,1,0.0,True
eurostat_apro_cpshr_2026,FR,FR6,FR6,1,23,2000,2024,238,25,181130680.0,True
eurostat_apro_cpshr_2026,FR,FR61,FR61,2,15,2010,2024,15,1,0.0,True
eurostat_apro_cpshr_2026,FR,FR62,FR62,2,15,2010,2024,15,1,0.0,True
eurostat_apro_cpshr_2026,FR,FR63,FR63,2,15,2010,2024,15,1,0.0,True
eurostat_apro_cpshr_2026,FR,FR7,FR7,1,23,2000,2024,239,25,107530430.0,True
eurostat_apro_cpshr_2026,FR,FR71,FR71,2,15,2010,2024,15,1,0.0,True
eurostat_apro_cpshr_2026,FR,FR72,FR72,2,15,2010,2024,15,1,0.0,True
eurostat_apro_cpshr_2026,FR,FR8,FR8,1,23,2000,2024,239,25,76631970.0,True
eurostat_apro_cpshr_2026,FR,FR81,FR81,2,15,2010,2024,15,1,0.0,True
eurostat_apro_cpshr_2026,FR,FR82,FR82,2,15,2010,2024,15,1,0.0,True
eurostat_apro_cpshr_2026,FR,FR83,FR83,2,15,2010,2024,15,1,0.0,True
eurostat_apro_cpshr_2026,FR,FR9,FR9,1,22,2000,2024,138,23,3369110.0,True
eurostat_apro_cpshr_2026,FR,FR91,FR91,2,22,2000,2024,159,23,2064650.0,True
eurostat_apro_cpshr_2026,FR,FR92,FR92,2,22,2000,2024,159,23,782310.0,True
eurostat_apro_cpshr_2026,FR,FR93,FR93,2,22,2000,2024,159,23,611200.0,True
eurostat_apro_cpshr_2026,FR,FR94,FR94,2,22,2000,2024,159,23,1199330.0,True
eurostat_apro_cpshr_2026,FR,FRA,FRA,1,15,2010,2024,63,25,907020.0,True
eurostat_apro_cpshr_2026,FR,FRA1,FRA1,2,15,2010,2024,15,1,0.0,True
eurostat_apro_cpshr_2026,FR,FRA2,FRA2,2,15,2010,2024,15,1,0.0,True
eurostat_apro_cpshr_2026,FR,FRA3,FRA3,2,15,2010,2024,15,1,0.0,True
eurostat_apro_cpshr_2026,FR,FRA4,FRA4,2,15,2010,2024,15,1,0.0,True
eurostat_apro_cpshr_2026,FR,FRA5,FRA5,2,15,2010,2024,15,1,0.0,True
eurostat_apro_cpshr_2026,FR,FRB,FRB,1,23,2000,2024,446,25,144643230.0,True
eurostat_apro_cpshr_2026,FR,FRB0,FRB0,2,23,2000,2024,446,25,144643230.0,True
eurostat_apro_cpshr_2026,FR,FRC,FRC,1,23,2000,2024,446,25,137746070.0,True
eurostat_apro_cpshr_2026,FR,FRC1,FRC1,2,23,2000,2024,446,25,100620050.0,True
eurostat_apro_cpshr_2026,FR,FRC2,FRC2,2,23,2000,2024,446,25,37126220.0,True
eurostat_apro_cpshr_2026,FR,FRD,FRD,1,23,2000,2024,446,25,119723100.0,True
eurostat_apro_cpshr_2026,FR,FRD1,FRD1,2,23,2000,2024,446,25,72112720.0,True
eurostat_apro_cpshr_2026,FR,FRD2,FRD2,2,23,2000,2024,446,25,47610630.0,True
eurostat_apro_cpshr_2026,FR,FRE,FRE,1,23,2000,2024,446,25,135202470.0,True
eurostat_apro_cpshr_2026,FR,FRE1,FRE1,2,23,2000,2024,446,25,51338710.0,True
eurostat_apro_cpshr_2026,FR,FRE2,FRE2,2,23,2000,2024,446,25,83863840.0,True
eurostat_apro_cpshr_2026,FR,FRF,FRF,1,23,2000,2024,446,25,180830370.0,True
eurostat_apro_cpshr_2026,FR,FRF1,FRF1,2,23,2000,2024,446,25,20091080.0,True
eurostat_apro_cpshr_2026,FR,FRF2,FRF2,2,23,2000,2024,446,25,95064900.0,True
eurostat_apro_cpshr_2026,FR,FRF3,FRF3,2,23,2000,2024,446,25,65674940.0,True
eurostat_apro_cpshr_2026,FR,FRG,FRG,1,23,2000,2024,446,25,131619330.0,True
eurostat_apro_cpshr_2026,FR,FRG0,FRG0,2,23,2000,2024,446,25,131619330.0,True
eurostat_apro_cpshr_2026,FR,FRH,FRH,1,23,2000,2024,446,25,105769760.0,True
eurostat_apro_cpshr_2026,FR,FRH0,FRH0,2,23,2000,2024,446,25,105769760.0,True
eurostat_apro_cpshr_2026,FR,FRI,FRI,1,23,2000,2024,446,25,241549020.0,True
eurostat_apro_cpshr_2026,FR,FRI1,FRI1,2,23,2000,2024,446,25,88852240.0,True
eurostat_apro_cpshr_2026,FR,FRI2,FRI2,2,23,2000,2024,446,25,46123450.0,True
eurostat_apro_cpshr_2026,FR,FRI3,FRI3,2,23,2000,2024,446,25,106573700.0,True
eurostat_apro_cpshr_2026,FR,FRJ,FRJ,1,23,2000,2024,447,25,201129760.0,True
eurostat_apro_cpshr_2026,FR,FRJ1,FRJ1,2,23,2000,2024,447,25,56960480.0,True
eurostat_apro_cpshr_2026,FR,FRJ2,FRJ2,2,23,2000,2024,446,25,144169500.0,True
eurostat_apro_cpshr_2026,FR,FRK,FRK,1,23,2000,2024,447,25,164635230.0,True
eurostat_apro_cpshr_2026,FR,FRK1,FRK1,2,23,2000,2024,447,25,78314380.0,True
eurostat_apro_cpshr_2026,FR,FRK2,FRK2,2,23,2000,2024,447,25,86320980.0,True
eurostat_apro_cpshr_2026,FR,FRL,FRL,1,23,2000,2024,447,25,48185130.0,True
eurostat_apro_cpshr_2026,FR,FRL0,FRL0,2,23,2000,2024,447,25,48185130.0,True
eurostat_apro_cpshr_2026,FR,FRM,FRM,1,23,2000,2024,447,25,11703280.0,True
eurostat_apro_cpshr_2026,FR,FRM0,FRM0,2,23,2000,2024,447,25,11703280.0,True
eurostat_apro_cpshr_2026,FR,FRY,FRY,1,15,2010,2024,375,25,6500360.0,True
eurostat_apro_cpshr_2026,FR,FRY1,FRY1,2,15,2010,2024,375,25,1768190.0,True
eurostat_apro_cpshr_2026,FR,FRY2,FRY2,2,15,2010,2024,375,25,1175150.0,True
eurostat_apro_cpshr_2026,FR,FRY3,FRY3,2,15,2010,2024,373,25,1268760.0,True
eurostat_apro_cpshr_2026,FR,FRY4,FRY4,2,15,2010,2024,375,25,1786920.0,True
eurostat_apro_cpshr_2026,FR,FRY5,FRY5,2,15,2010,2024,375,25,501850.0,True
eurostat_apro_cpshr_2026,FR,FRZ,FRZ,1,15,2010,2024,15,1,0.0,True
eurostat_apro_cpshr_2026,FR,FRZZ,FRZZ,2,15,2010,2024,15,1,0.0,True
eurostat_apro_cpshr_2026,HR,HR,HR,1,25,2000,2024,533,25,90855710.0,True
eurostat_apro_cpshr_2026,HR,HR0,HR0,1,25,2000,2024,549,25,91999710.0,True
eurostat_apro_cpshr_2026,HR,HR01,HR01,2,16,2005,2024,143,22,5590180.0,True
eurostat_apro_cpshr_2026,HR,HR02,HR02,2,19,2005,2024,354,25,43901690.0,True
eurostat_apro_cpshr_2026,HR,HR03,HR03,2,20,2005,2024,433,25,15468970.0,True
eurostat_apro_cpshr_2026,HR,HR04,HR04,2,10,2013,2024,178,25,20887470.0,True
eurostat_apro_cpshr_2026,HR,HR05,HR05,2,9,2016,2024,178,25,254990.0,True
eurostat_apro_cpshr_2026,HR,HR06,HR06,2,9,2016,2024,178,25,5552000.0,True
eurostat_apro_cpshr_2026,HU,HU,HU,1,25,2000,2024,495,25,379991580.0,True
eurostat_apro_cpshr_2026,HU,HU1,HU1,1,25,2000,2024,386,24,22499330.0,True
eurostat_apro_cpshr_2026,HU,HU10,HU10,2,25,2000,2024,219,24,15034120.0,True
eurostat_apro_cpshr_2026,HU,HU11,HU11,2,12,2013,2024,279,24,1182850.0,True
eurostat_apro_cpshr_2026,HU,HU12,HU12,2,12,2013,2024,279,24,10484460.0,True
eurostat_apro_cpshr_2026,HU,HU2,HU2,1,25,2000,2024,386,24,122962930.0,True
eurostat_apro_cpshr_2026,HU,HU21,HU21,2,25,2000,2024,383,24,37428120.0,True
eurostat_apro_cpshr_2026,HU,HU22,HU22,2,25,2000,2024,383,24,36641480.0,True
eurostat_apro_cpshr_2026,HU,HU23,HU23,2,25,2000,2024,383,24,48893250.0,True
eurostat_apro_cpshr_2026,HU,HU3,HU3,1,25,2000,2024,386,24,191229100.0,True
eurostat_apro_cpshr_2026,HU,HU31,HU31,2,25,2000,2024,383,24,39906130.0,True
eurostat_apro_cpshr_2026,HU,HU32,HU32,2,25,2000,2024,383,24,74099300.0,True
eurostat_apro_cpshr_2026,HU,HU33,HU33,2,25,2000,2024,383,24,77222900.0,True
eurostat_apro_cpshr_2026,HU,HUZ,HUZ,1,12,2013,2024,37,4,0.0,True
eurostat_apro_cpshr_2026,HU,HUZZ,HUZZ,2,12,2013,2024,37,4,0.0,True
eurostat_apro_cpshr_2026,IE,IE,IE,1,25,2000,2024,579,25,233793770.0,True
eurostat_apro_cpshr_2026,IE,IE0,IE0,1,25,2000,2024,579,25,233793630.0,True
eurostat_apro_cpshr_2026,IE,IE01,IE01,2,23,2000,2024,372,25,68212620.0,True
eurostat_apro_cpshr_2026,IE,IE02,IE02,2,23,2000,2024,372,25,90245080.0,True
eurostat_apro_cpshr_2026,IE,IE04,IE04,2,12,2013,2024,275,25,35813640.0,True
eurostat_apro_cpshr_2026,IE,IE05,IE05,2,12,2013,2024,275,25,51398300.0,True
eurostat_apro_cpshr_2026,IE,IE06,IE06,2,12,2013,2024,275,25,24954130.0,True
eurostat_apro_cpshr_2026,IE,IEZ,IEZ,1,21,2002,2024,38,4,0.0,True
eurostat_apro_cpshr_2026,IE,IEZZ,IEZZ,2,21,2002,2024,38,4,0.0,True
eurostat_apro_cpshr_2026,IS,IS,IS,1,13,2011,2024,269,25,40943100.0,True
eurostat_apro_cpshr_2026,IS,IS0,IS0,1,13,2011,2024,208,25,31554000.0,True
eurostat_apro_cpshr_2026,IS,IS00,IS00,2,10,2011,2024,198,25,31554000.0,True
eurostat_apro_cpshr_2026,IT,IT,IT,1,25,2000,2024,477,25,873990960.0,True
eurostat_apro_cpshr_2026,IT,ITC,ITC,1,22,2000,2024,351,25,118680220.0,True
eurostat_apro_cpshr_2026,IT,ITC1,ITC1,2,22,2000,2024,351,25,54074330.0,True
eurostat_apro_cpshr_2026,IT,ITC2,ITC2,2,22,2000,2024,345,25,3989360.0,True
eurostat_apro_cpshr_2026,IT,ITC3,ITC3,2,22,2000,2024,347,25,4329490.0,True
eurostat_apro_cpshr_2026,IT,ITC4,ITC4,2,22,2000,2024,349,25,58664470.0,True
eurostat_apro_cpshr_2026,IT,ITD,ITD,1,11,2000,2012,96,15,70761480.0,True
eurostat_apro_cpshr_2026,IT,ITD1,ITD1,2,11,2000,2012,91,15,7530530.0,True
eurostat_apro_cpshr_2026,IT,ITD2,ITD2,2,11,2000,2012,90,15,5963490.0,True
eurostat_apro_cpshr_2026,IT,ITD3,ITD3,2,11,2000,2012,94,15,21953390.0,True
eurostat_apro_cpshr_2026,IT,ITD4,ITD4,2,11,2000,2012,88,14,8007520.0,True
eurostat_apro_cpshr_2026,IT,ITD5,ITD5,2,11,2000,2012,96,15,30721820.0,True
eurostat_apro_cpshr_2026,IT,ITE,ITE,1,11,2000,2012,94,15,65146210.0,True
eurostat_apro_cpshr_2026,IT,ITE1,ITE1,2,11,2000,2012,96,15,21124550.0,True
eurostat_apro_cpshr_2026,IT,ITE2,ITE2,2,11,2000,2012,93,15,9666630.0,True
eurostat_apro_cpshr_2026,IT,ITE3,ITE3,2,11,2000,2012,94,15,13499880.0,True
eurostat_apro_cpshr_2026,IT,ITE4,ITE4,2,11,2000,2012,93,14,21043880.0,True
eurostat_apro_cpshr_2026,IT,ITF,ITF,1,22,2000,2024,352,25,216315410.0,True
eurostat_apro_cpshr_2026,IT,ITF1,ITF1,2,22,2000,2024,350,25,25401320.0,True
eurostat_apro_cpshr_2026,IT,ITF2,ITF2,2,22,2000,2024,347,25,11414330.0,True
eurostat_apro_cpshr_2026,IT,ITF3,ITF3,2,22,2000,2024,350,25,33773850.0,True
eurostat_apro_cpshr_2026,IT,ITF4,ITF4,2,22,2000,2024,352,25,86722410.0,True
eurostat_apro_cpshr_2026,IT,ITF5,ITF5,2,22,2000,2024,347,25,24346670.0,True
eurostat_apro_cpshr_2026,IT,ITF6,ITF6,2,22,2000,2024,350,25,34277210.0,True
eurostat_apro_cpshr_2026,IT,ITG,ITG,1,22,2000,2024,349,25,141403210.0,True
eurostat_apro_cpshr_2026,IT,ITG1,ITG1,2,22,2000,2024,350,25,83305910.0,True
eurostat_apro_cpshr_2026,IT,ITG2,ITG2,2,22,2000,2024,347,25,59604010.0,True
eurostat_apro_cpshr_2026,IT,ITH,ITH,1,11,2014,2024,256,25,73693930.0,True
eurostat_apro_cpshr_2026,IT,ITH1,ITH1,2,11,2014,2024,256,25,5486040.0,True
eurostat_apro_cpshr_2026,IT,ITH2,ITH2,2,11,2014,2024,256,25,3146120.0,True
eurostat_apro_cpshr_2026,IT,ITH3,ITH3,2,11,2014,2024,256,25,24622910.0,True
eurostat_apro_cpshr_2026,IT,ITH4,ITH4,2,11,2014,2024,256,25,7211220.0,True
eurostat_apro_cpshr_2026,IT,ITH5,ITH5,2,11,2014,2024,256,25,33228000.0,True
eurostat_apro_cpshr_2026,IT,ITI,ITI,1,11,2014,2024,256,25,63026630.0,True
eurostat_apro_cpshr_2026,IT,ITI1,ITI1,2,11,2014,2024,256,25,20885810.0,True
eurostat_apro_cpshr_2026,IT,ITI2,ITI2,2,11,2014,2024,256,25,9616960.0,True
eurostat_apro_cpshr_2026,IT,ITI3,ITI3,2,11,2014,2024,256,25,12213580.0,True
eurostat_apro_cpshr_2026,IT,ITI4,ITI4,2,11,2014,2024,256,25,20310630.0,True
eurostat_apro_cpshr_2026,LT,LT,LT,1,25,2000,2024,497,25,187863600.0,True
eurostat_apro_cpshr_2026,LT,LT0,LT0,1,25,2000,2024,386,23,186798510.0,True
eurostat_apro_cpshr_2026,LT,LT01,LT01,2,12,2013,2024,110,19,7680540.0,True
eurostat_apro_cpshr_2026,LT,LT02,LT02,2,12,2013,2024,111,20,73508160.0,True
eurostat_apro_cpshr_2026,LU,LU,LU,1,25,2000,2024,521,25,8141060.0,True
eurostat_apro_cpshr_2026,LU,LU0,LU0,1,25,2000,2024,521,25,8141060.0,True
eurostat_apro_cpshr_2026,LU,LU00,LU00,2,25,2000,2024,521,25,8141060.0,True
eurostat_apro_cpshr_2026,LV,LV,LV,1,25,2000,2024,467,25,121736600.0,True
eurostat_apro_cpshr_2026,LV,LV0,LV0,1,24,2000,2024,364,25,95639400.0,True
eurostat_apro_cpshr_2026,LV,LV00,LV00,2,20,2000,2024,355,24,95639400.0,True
eurostat_apro_cpshr_2026,LV,LVZ,LVZ,1,23,2000,2024,41,8,0.0,True
eurostat_apro_cpshr_2026,LV,LVZZ,LVZZ,2,23,2000,2024,41,8,0.0,True
eurostat_apro_cpshr_2026,ME,ME,ME,1,18,2007,2024,444,25,8879510.0,True
eurostat_apro_cpshr_2026,ME,ME0,ME0,1,18,2007,2024,349,25,6239790.0,True
eurostat_apro_cpshr_2026,ME,ME00,ME00,2,13,2007,2024,319,25,6239790.0,True
eurostat_apro_cpshr_2026,MK,MK,MK,1,25,2000,2024,434,21,73304000.0,True
eurostat_apro_cpshr_2026,MK,MK0,MK0,1,20,2000,2024,341,21,58270800.0,True
eurostat_apro_cpshr_2026,MK,MK00,MK00,2,20,2000,2024,341,21,58270800.0,True
eurostat_apro_cpshr_2026,MT,MT,MT,1,25,2000,2024,560,25,787000.0,True
eurostat_apro_cpshr_2026,MT,MT0,MT0,1,25,2000,2024,560,25,787000.0,True
eurostat_apro_cpshr_2026,MT,MT00,MT00,2,25,2000,2024,560,25,787000.0,True
eurostat_apro_cpshr_2026,NL,NL,NL,1,25,2000,2024,479,23,122425800.0,True
eurostat_apro_cpshr_2026,NL,NL1,NL1,1,25,2000,2024,357,22,32466960.0,True
eurostat_apro_cpshr_2026,NL,NL11,NL11,2,25,2000,2024,357,22,10218070.0,True
eurostat_apro_cpshr_2026,NL,NL12,NL12,2,25,2000,2024,357,22,12603410.0,True
eurostat_apro_cpshr_2026,NL,NL13,NL13,2,25,2000,2024,354,22,9645470.0,True
eurostat_apro_cpshr_2026,NL,NL2,NL2,1,25,2000,2024,357,22,31742210.0,True
eurostat_apro_cpshr_2026,NL,NL21,NL21,2,25,2000,2024,357,22,11920680.0,True
eurostat_apro_cpshr_2026,NL,NL22,NL22,2,25,2000,2024,357,22,13816330.0,True
eurostat_apro_cpshr_2026,NL,NL23,NL23,2,25,2000,2024,357,22,6004910.0,True
eurostat_apro_cpshr_2026,NL,NL3,NL3,1,25,2000,2024,357,22,26964020.0,True
eurostat_apro_cpshr_2026,NL,NL31,NL31,2,23,2000,2022,315,22,3389930.0,True
eurostat_apro_cpshr_2026,NL,NL32,NL32,2,25,2000,2024,357,22,7865100.0,True
eurostat_apro_cpshr_2026,NL,NL33,NL33,2,23,2000,2022,317,22,6885000.0,True
eurostat_apro_cpshr_2026,NL,NL34,NL34,2,25,2000,2024,357,22,7901860.0,True
eurostat_apro_cpshr_2026,NL,NL35,NL35,2,2,2023,2024,40,20,315280.0,True
eurostat_apro_cpshr_2026,NL,NL36,NL36,2,2,2023,2024,40,20,609900.0,True
eurostat_apro_cpshr_2026,NL,NL4,NL4,1,25,2000,2024,357,22,22705650.0,True
eurostat_apro_cpshr_2026,NL,NL41,NL41,2,25,2000,2024,357,22,16277400.0,True
eurostat_apro_cpshr_2026,NL,NL42,NL42,2,25,2000,2024,357,22,6427880.0,True
eurostat_apro_cpshr_2026,NO,NO,NO,1,24,2000,2024,407,24,68309620.0,True
eurostat_apro_cpshr_2026,NO,NO0,NO0,1,15,2010,2024,130,19,29997530.0,True
eurostat_apro_cpshr_2026,NO,NO01,NO01,2,10,2010,2019,78,11,1537440.0,True
eurostat_apro_cpshr_2026,NO,NO02,NO02,2,15,2010,2024,130,19,6208330.0,True
eurostat_apro_cpshr_2026,NO,NO03,NO03,2,10,2010,2019,78,11,3796400.0,True
eurostat_apro_cpshr_2026,NO,NO04,NO04,2,10,2010,2019,78,11,2594580.0,True
eurostat_apro_cpshr_2026,NO,NO05,NO05,2,10,2010,2019,78,11,2770090.0,True
eurostat_apro_cpshr_2026,NO,NO06,NO06,2,15,2010,2024,130,19,4909180.0,True
eurostat_apro_cpshr_2026,NO,NO07,NO07,2,15,2010,2024,130,19,2658300.0,True
eurostat_apro_cpshr_2026,NO,NO08,NO08,2,9,2016,2024,84,19,3778950.0,True
eurostat_apro_cpshr_2026,NO,NO09,NO09,2,9,2016,2024,84,19,1747890.0,True
eurostat_apro_cpshr_2026,NO,NO0A,NO0A,2,9,2016,2024,84,19,4222690.0,True
eurostat_apro_cpshr_2026,NO,NO0B,NO0B,2,9,2016,2024,84,19,0.0,True
eurostat_apro_cpshr_2026,PL,PL,PL,1,25,2000,2024,476,25,1062343910.0,True
eurostat_apro_cpshr_2026,PL,PL1,PL1,1,19,2000,2018,150,21,116611400.0,True
eurostat_apro_cpshr_2026,PL,PL11,PL11,2,16,2000,2018,88,12,25716400.0,True
eurostat_apro_cpshr_2026,PL,PL12,PL12,2,19,2000,2018,150,21,76831900.0,True
eurostat_apro_cpshr_2026,PL,PL2,PL2,1,25,2000,2024,252,21,61060800.0,True
eurostat_apro_cpshr_2026,PL,PL21,PL21,2,25,2000,2024,252,21,36139520.0,True
eurostat_apro_cpshr_2026,PL,PL22,PL22,2,25,2000,2024,252,21,24920890.0,True
eurostat_apro_cpshr_2026,PL,PL3,PL3,1,19,2000,2018,149,21,143782600.0,True
eurostat_apro_cpshr_2026,PL,PL31,PL31,2,16,2000,2018,88,12,34970200.0,True
eurostat_apro_cpshr_2026,PL,PL32,PL32,2,16,2000,2018,88,12,18437500.0,True
eurostat_apro_cpshr_2026,PL,PL33,PL33,2,16,2000,2018,88,12,14187200.0,True
eurostat_apro_cpshr_2026,PL,PL34,PL34,2,16,2000,2018,88,12,26011100.0,True
eurostat_apro_cpshr_2026,PL,PL4,PL4,1,25,2000,2024,252,21,186714930.0,True
eurostat_apro_cpshr_2026,PL,PL41,PL41,2,25,2000,2024,252,21,104824120.0,True
eurostat_apro_cpshr_2026,PL,PL42,PL42,2,25,2000,2024,252,21,55083080.0,True
eurostat_apro_cpshr_2026,PL,PL43,PL43,2,25,2000,2024,252,21,26807360.0,True
eurostat_apro_cpshr_2026,PL,PL5,PL5,1,25,2000,2024,253,21,88331060.0,True
eurostat_apro_cpshr_2026,PL,PL51,PL51,2,25,2000,2024,252,21,56402660.0,True
eurostat_apro_cpshr_2026,PL,PL52,PL52,2,25,2000,2024,252,21,31927940.0,True
eurostat_apro_cpshr_2026,PL,PL6,PL6,1,25,2000,2024,252,21,170858350.0,True
eurostat_apro_cpshr_2026,PL,PL61,PL61,2,25,2000,2024,252,21,63595130.0,True
eurostat_apro_cpshr_2026,PL,PL62,PL62,2,25,2000,2024,252,21,61245770.0,True
eurostat_apro_cpshr_2026,PL,PL63,PL63,2,25,2000,2024,252,21,46017680.0,True
eurostat_apro_cpshr_2026,PL,PL7,PL7,1,25,2000,2024,253,21,93357100.0,True
eurostat_apro_cpshr_2026,PL,PL71,PL71,2,25,2000,2024,252,21,61602080.0,True
eurostat_apro_cpshr_2026,PL,PL72,PL72,2,25,2000,2024,252,21,31754860.0,True
eurostat_apro_cpshr_2026,PL,PL8,PL8,1,25,2000,2024,253,21,186952810.0,True
eurostat_apro_cpshr_2026,PL,PL81,PL81,2,25,2000,2024,252,21,86469540.0,True
eurostat_apro_cpshr_2026,PL,PL82,PL82,2,25,2000,2024,252,21,38024470.0,True
eurostat_apro_cpshr_2026,PL,PL84,PL84,2,25,2000,2024,252,21,62458900.0,True
eurostat_apro_cpshr_2026,PL,PL9,PL9,1,11,2014,2024,152,19,56174550.0,True
eurostat_apro_cpshr_2026,PL,PL91,PL91,2,11,2014,2024,149,19,7991340.0,True
eurostat_apro_cpshr_2026,PL,PL92,PL92,2,11,2014,2024,151,19,47975640.0,True
eurostat_apro_cpshr_2026,PL,PLZ,PLZ,1,5,2014,2018,7,3,0.0,True
eurostat_apro_cpshr_2026,PL,PLZZ,PLZZ,2,5,2014,2018,7,3,0.0,True
eurostat_apro_cpshr_2026,PT,PT,PT,1,25,2000,2024,625,25,238802160.0,True
eurostat_apro_cpshr_2026,PT,PT1,PT1,1,25,2000,2024,625,25,231838700.0,True
eurostat_apro_cpshr_2026,PT,PT11,PT11,2,25,2000,2024,625,25,44786610.0,True
eurostat_apro_cpshr_2026,PT,PT15,PT15,2,25,2000,2024,625,25,7524850.0,True
eurostat_apro_cpshr_2026,PT,PT16,PT16,2,25,2000,2024,579,25,38936670.0,True
eurostat_apro_cpshr_2026,PT,PT17,PT17,2,25,2000,2024,579,25,5046250.0,True
eurostat_apro_cpshr_2026,PT,PT18,PT18,2,25,2000,2024,579,25,121277630.0,True
eurostat_apro_cpshr_2026,PT,PT19,PT19,2,4,2021,2024,54,25,2714980.0,True
eurostat_apro_cpshr_2026,PT,PT1A,PT1A,2,4,2021,2024,54,25,148450.0,True
eurostat_apro_cpshr_2026,PT,PT1B,PT1B,2,4,2021,2024,54,25,243790.0,True
eurostat_apro_cpshr_2026,PT,PT1C,PT1C,2,4,2021,2024,54,25,9640790.0,True
eurostat_apro_cpshr_2026,PT,PT1D,PT1D,2,4,2021,2024,54,25,1519530.0,True
eurostat_apro_cpshr_2026,PT,PT2,PT2,1,25,2000,2024,625,25,6543340.0,True
eurostat_apro_cpshr_2026,PT,PT20,PT20,2,25,2000,2024,625,25,6543340.0,True
eurostat_apro_cpshr_2026,PT,PT3,PT3,1,25,2000,2024,625,25,420690.0,True
eurostat_apro_cpshr_2026,PT,PT30,PT30,2,25,2000,2024,625,25,420690.0,True
eurostat_apro_cpshr_2026,PT,PTZ,PTZ,1,25,2000,2024,29,2,0.0,True
eurostat_apro_cpshr_2026,PT,PTZZ,PTZZ,2,25,2000,2024,29,2,0.0,True
eurostat_apro_cpshr_2026,RO,RO,RO,1,25,2000,2024,625,25,924333960.0,True
eurostat_apro_cpshr_2026,RO,RO1,RO1,1,25,2000,2024,193,10,197622680.0,True
eurostat_apro_cpshr_2026,RO,RO11,RO11,2,25,2000,2024,190,10,101203150.0,True
eurostat_apro_cpshr_2026,RO,RO12,RO12,2,25,2000,2024,190,10,96419610.0,True
eurostat_apro_cpshr_2026,RO,RO2,RO2,1,25,2000,2024,193,10,222676580.0,True
eurostat_apro_cpshr_2026,RO,RO21,RO21,2,25,2000,2024,190,10,106328890.0,True
eurostat_apro_cpshr_2026,RO,RO22,RO22,2,25,2000,2024,190,10,116347900.0,True
eurostat_apro_cpshr_2026,RO,RO3,RO3,1,25,2000,2024,193,10,127805430.0,True
eurostat_apro_cpshr_2026,RO,RO31,RO31,2,25,2000,2024,190,10,122846470.0,True
eurostat_apro_cpshr_2026,RO,RO32,RO32,2,25,2000,2024,190,10,4959150.0,True
eurostat_apro_cpshr_2026,RO,RO4,RO4,1,25,2000,2024,193,10,178595180.0,True
eurostat_apro_cpshr_2026,RO,RO41,RO41,2,25,2000,2024,190,10,88105330.0,True
eurostat_apro_cpshr_2026,RO,RO42,RO42,2,25,2000,2024,190,10,90490050.0,True
eurostat_apro_cpshr_2026,RS,RS,RS,1,18,2007,2024,450,25,178040680.0,True
eurostat_apro_cpshr_2026,RS,RS1,RS1,1,8,2017,2024,200,25,40974160.0,True
eurostat_apro_cpshr_2026,RS,RS11,RS11,2,8,2017,2024,200,25,3535730.0,True
eurostat_apro_cpshr_2026,RS,RS12,RS12,2,8,2017,2024,200,25,37438350.0,True
eurostat_apro_cpshr_2026,RS,RS2,RS2,1,8,2017,2024,200,25,37274130.0,True
eurostat_apro_cpshr_2026,RS,RS21,RS21,2,8,2017,2024,200,25,21413680.0,True
eurostat_apro_cpshr_2026,RS,RS22,RS22,2,8,2017,2024,200,25,15860590.0,True
eurostat_apro_cpshr_2026,SE,SE,SE,1,25,2000,2024,502,25,217790070.0,True
eurostat_apro_cpshr_2026,SE,SE1,SE1,1,24,2000,2024,355,25,47890870.0,True
eurostat_apro_cpshr_2026,SE,SE11,SE11,2,24,2000,2024,364,25,5333630.0,True
eurostat_apro_cpshr_2026,SE,SE12,SE12,2,24,2000,2024,365,25,42553670.0,True
eurostat_apro_cpshr_2026,SE,SE2,SE2,1,24,2000,2024,356,25,93194730.0,True
eurostat_apro_cpshr_2026,SE,SE21,SE21,2,24,2000,2024,366,25,25557120.0,True
eurostat_apro_cpshr_2026,SE,SE22,SE22,2,24,2000,2024,366,25,30575320.0,True
eurostat_apro_cpshr_2026,SE,SE23,SE23,2,24,2000,2024,366,25,37062080.0,True
eurostat_apro_cpshr_2026,SE,SE3,SE3,1,24,2000,2024,355,25,27618700.0,True
eurostat_apro_cpshr_2026,SE,SE31,SE31,2,24,2000,2024,364,25,14672700.0,True
eurostat_apro_cpshr_2026,SE,SE32,SE32,2,24,2000,2024,362,25,6231210.0,True
eurostat_apro_cpshr_2026,SE,SE33,SE33,2,24,2000,2024,361,25,6707780.0,True
eurostat_apro_cpshr_2026,SE,SEZ,SEZ,1,10,2015,2024,20,2,0.0,True
eurostat_apro_cpshr_2026,SE,SEZZ,SEZZ,2,10,2015,2024,20,2,0.0,True
eurostat_apro_cpshr_2026,SI,SI,SI,1,25,2000,2024,512,25,29477340.0,True
eurostat_apro_cpshr_2026,SI,SI0,SI0,1,25,2000,2024,512,25,29477340.0,True
eurostat_apro_cpshr_2026,SI,SI01,SI01,2,17,2007,2024,79,16,4958850.0,True
eurostat_apro_cpshr_2026,SI,SI02,SI02,2,17,2007,2024,82,16,2160680.0,True
eurostat_apro_cpshr_2026,SI,SI03,SI03,2,18,2007,2024,336,24,14811390.0,True
eurostat_apro_cpshr_2026,SI,SI04,SI04,2,18,2007,2024,336,24,5658260.0,True
eurostat_apro_cpshr_2026,SI,SIZ,SIZ,1,10,2015,2024,24,3,0.0,True
eurostat_apro_cpshr_2026,SI,SIZZ,SIZZ,2,10,2015,2024,24,3,0.0,True
eurostat_apro_cpshr_2026,SK,SK,SK,1,25,2000,2024,501,25,132743730.0,True
eurostat_apro_cpshr_2026,SK,SK0,SK0,1,25,2000,2024,504,25,132776090.0,True
eurostat_apro_cpshr_2026,SK,SK01,SK01,2,25,2000,2024,403,25,5293290.0,True
eurostat_apro_cpshr_2026,SK,SK02,SK02,2,25,2000,2024,415,25,54900900.0,True
eurostat_apro_cpshr_2026,SK,SK03,SK03,2,25,2000,2024,403,25,27817830.0,True
eurostat_apro_cpshr_2026,SK,SK04,SK04,2,25,2000,2024,411,25,34030980.0,True
eurostat_apro_cpshr_2026,SK,SKZ,SKZ,1,4,2021,2024,11,3,0.0,True
eurostat_apro_cpshr_2026,SK,SKZZ,SKZZ,2,4,2021,2024,11,3,0.0,True
eurostat_apro_cpshr_2026,TR,TR,TR,1,22,2000,2024,355,22,1979923200.0,True
eurostat_apro_cpshr_2026,TR,TR1,TR1,1,18,2000,2024,235,22,3980900.0,True
eurostat_apro_cpshr_2026,TR,TR10,TR10,2,18,2000,2024,214,22,3980920.0,True
eurostat_apro_cpshr_2026,TR,TR2,TR2,1,18,2000,2024,270,22,84938300.0,True
eurostat_apro_cpshr_2026,TR,TR21,TR21,2,18,2000,2024,259,22,47772700.0,True
eurostat_apro_cpshr_2026,TR,TR22,TR22,2,18,2000,2024,259,22,37164400.0,True
eurostat_apro_cpshr_2026,TR,TR3,TR3,1,18,2000,2024,276,22,151850500.0,True
eurostat_apro_cpshr_2026,TR,TR31,TR31,2,18,2000,2024,265,22,18718100.0,True
eurostat_apro_cpshr_2026,TR,TR32,TR32,2,18,2000,2024,266,22,47837600.0,True
eurostat_apro_cpshr_2026,TR,TR33,TR33,2,18,2000,2024,260,22,85298100.0,True
eurostat_apro_cpshr_2026,TR,TR4,TR4,1,18,2000,2024,273,22,79718400.0,True
eurostat_apro_cpshr_2026,TR,TR41,TR41,2,18,2000,2024,261,22,55186300.0,True
eurostat_apro_cpshr_2026,TR,TR42,TR42,2,18,2000,2024,266,22,24530000.0,True
eurostat_apro_cpshr_2026,TR,TR5,TR5,1,18,2000,2024,268,22,198426600.0,True
eurostat_apro_cpshr_2026,TR,TR51,TR51,2,18,2000,2024,245,22,65843300.0,True
eurostat_apro_cpshr_2026,TR,TR52,TR52,2,18,2000,2024,260,22,132582600.0,True
eurostat_apro_cpshr_2026,TR,TR6,TR6,1,18,2000,2024,276,22,124570900.0,True
eurostat_apro_cpshr_2026,TR,TR61,TR61,2,18,2000,2024,273,22,37872500.0,True
eurostat_apro_cpshr_2026,TR,TR62,TR62,2,18,2000,2024,265,22,43577500.0,True
eurostat_apro_cpshr_2026,TR,TR63,TR63,2,18,2000,2024,265,22,41566900.0,True
eurostat_apro_cpshr_2026,TR,TR7,TR7,1,18,2000,2024,259,22,239145800.0,True
eurostat_apro_cpshr_2026,TR,TR71,TR71,2,18,2000,2024,247,22,97238200.0,True
eurostat_apro_cpshr_2026,TR,TR72,TR72,2,18,2000,2024,248,22,141906900.0,True
eurostat_apro_cpshr_2026,TR,TR8,TR8,1,18,2000,2024,264,22,114762500.0,True
eurostat_apro_cpshr_2026,TR,TR81,TR81,2,18,2000,2024,229,22,7374400.0,True
eurostat_apro_cpshr_2026,TR,TR82,TR82,2,18,2000,2024,252,22,29994500.0,True
eurostat_apro_cpshr_2026,TR,TR83,TR83,2,18,2000,2024,252,22,77392600.0,True
eurostat_apro_cpshr_2026,TR,TR9,TR9,1,18,2000,2024,256,22,50024700.0,True
eurostat_apro_cpshr_2026,TR,TR90,TR90,2,18,2000,2024,239,22,50024900.0,True
eurostat_apro_cpshr_2026,TR,TRA,TRA,1,18,2000,2024,259,22,145148900.0,True
eurostat_apro_cpshr_2026,TR,TRA1,TRA1,2,18,2000,2024,247,22,79903300.0,True
eurostat_apro_cpshr_2026,TR,TRA2,TRA2,2,18,2000,2024,236,22,65246000.0,True
eurostat_apro_cpshr_2026,TR,TRB,TRB,1,18,2000,2024,259,22,122365300.0,True
eurostat_apro_cpshr_2026,TR,TRB1,TRB1,2,18,2000,2024,242,22,54044600.0,True
eurostat_apro_cpshr_2026,TR,TRB2,TRB2,2,18,2000,2024,247,22,68323100.0,True
eurostat_apro_cpshr_2026,TR,TRC,TRC,1,18,2000,2024,265,22,163437100.0,True
eurostat_apro_cpshr_2026,TR,TRC1,TRC1,2,18,2000,2024,257,22,36333900.0,True
eurostat_apro_cpshr_2026,TR,TRC2,TRC2,2,18,2000,2024,253,22,90120300.0,True
eurostat_apro_cpshr_2026,TR,TRC3,TRC3,2,18,2000,2024,242,22,36985800.0,True
eurostat_apro_cpshr_2026,UK,UK,UK,1,20,2000,2019,342,25,813700800.0,True
eurostat_apro_cpshr_2026,UK,UKC,UKC,1,19,2000,2019,266,25,24354000.0,True
eurostat_apro_cpshr_2026,UK,UKD,UKD,1,19,2000,2019,265,25,38519600.0,True
eurostat_apro_cpshr_2026,UK,UKE,UKE,1,19,2000,2019,262,25,47921400.0,True
eurostat_apro_cpshr_2026,UK,UKF,UKF,1,19,2000,2019,263,25,52601500.0,True
eurostat_apro_cpshr_2026,UK,UKG,UKG,1,19,2000,2019,266,25,40043000.0,True
eurostat_apro_cpshr_2026,UK,UKH,UKH,1,19,2000,2019,266,25,61802500.0,True
eurostat_apro_cpshr_2026,UK,UKI,UKI,1,19,2000,2019,262,25,490400.0,True
eurostat_apro_cpshr_2026,UK,UKJ,UKJ,1,19,2000,2019,263,25,46709400.0,True
eurostat_apro_cpshr_2026,UK,UKJ1,UKJ1,2,1,2007,2007,3,3,470900.0,False
eurostat_apro_cpshr_2026,UK,UKK,UKK,1,19,2000,2019,263,25,74438100.0,True
eurostat_apro_cpshr_2026,UK,UKK1,UKK1,2,1,2007,2007,3,3,1057400.0,False
eurostat_apro_cpshr_2026,UK,UKL,UKL,1,19,2000,2019,263,25,62938500.0,True
eurostat_apro_cpshr_2026,UK,UKM,UKM,1,19,2000,2019,263,25,217380500.0,True
eurostat_apro_cpshr_2026,UK,UKN,UKN,1,19,2000,2019,263,25,52259100.0,True
eurostat_apro_cpshr_2026,UK,UKN0,UKN0,2,4,2000,2007,17,6,7073600.0,True
eurostat_apro_cpshr_2026,XK,XK,XK,1,18,2007,2024,351,21,18561420.0,True
fao_subnational_2024,Burkina Faso,GADM:BFA.10_1,Nord,1,24,1995,2018,237,15,8324985.706053,True
fao_subnational_2024,Burkina Faso,GADM:BFA.11_1,Plateau Central,1,24,1995,2018,217,15,5256080.22473,True
fao_subnational_2024,Burkina Faso,GADM:BFA.12_1,Sahel,1,24,1995,2018,229,15,9115319.72378,True
fao_subnational_2024,Burkina Faso,GADM:BFA.13_1,Sud Ouest,1,24,1995,2018,235,15,5853588.90133,True
fao_subnational_2024,Burkina Faso,GADM:BFA.1_1,Boucle Du Mouhoun,1,24,1995,2018,236,15,19824668.84604,True
fao_subnational_2024,Burkina Faso,GADM:BFA.2_1,Cascades,1,24,1995,2018,241,15,3682944.663773,True
fao_subnational_2024,Burkina Faso,GADM:BFA.3_1,Centre Est,1,24,1995,2018,224,14,7136099.333729,True
fao_subnational_2024,Burkina Faso,GADM:BFA.4_1,Centre Nord,1,24,1995,2018,208,15,7554322.6472,True
fao_subnational_2024,Burkina Faso,GADM:BFA.5_1,Centre Ouest,1,24,1995,2018,223,14,10264321.99854,True
fao_subnational_2024,Burkina Faso,GADM:BFA.6_1,Centre Sud,1,24,1995,2018,227,15,5265092.057955,True
fao_subnational_2024,Burkina Faso,GADM:BFA.7_1,Centre,1,24,1995,2018,192,13,1281365.97516,True
fao_subnational_2024,Burkina Faso,GADM:BFA.8_1,Est,1,24,1995,2018,228,15,11121910.963658,True
fao_subnational_2024,Burkina Faso,GADM:BFA.9_1,Hauts Bassins,1,24,1995,2018,243,15,14150506.57701,True
fao_subnational_2024,El Salvador,GADM:nan,Region I,1,8,2010,2017,32,4,1142605.632858,True
fao_subnational_2024,El Salvador,GADM:nan,Region II,1,8,2010,2017,32,4,1094578.737576,True
fao_subnational_2024,El Salvador,GADM:nan,Region III,1,8,2010,2017,32,4,628599.539037,True
fao_subnational_2024,El Salvador,GADM:nan,Region IV,1,8,2010,2017,32,4,1045618.817382,True
fao_subnational_2024,Ethiopia,GADM:ETH.10_1,SNNPR,1,12,2007,2018,542,58,106713119.77,True
fao_subnational_2024,Ethiopia,GADM:ETH.11_1,Tigray,1,12,2007,2018,357,46,10862589.79,True
fao_subnational_2024,Ethiopia,GADM:ETH.2_1,Afar,1,11,2007,2017,38,18,244818.98,True
fao_subnational_2024,Ethiopia,GADM:ETH.3_1,Amhara,1,12,2007,2018,543,55,54784089.45,True
fao_subnational_2024,Ethiopia,GADM:ETH.4_1,Benishangul Gumuz,1,12,2007,2018,424,50,2868281.3,True
fao_subnational_2024,Ethiopia,GADM:ETH.5_1,Dire Dawa,1,12,2007,2018,141,19,151363.6,True
fao_subnational_2024,Ethiopia,GADM:ETH.6_1,Gambela,1,11,2007,2017,230,39,229705.48,True
fao_subnational_2024,Ethiopia,GADM:ETH.7_1,Harari,1,12,2007,2018,148,22,192845.63,True
fao_subnational_2024,Ethiopia,GADM:ETH.8_1,Oromia,1,12,2007,2018,556,57,199930552.06,True
fao_subnational_2024,Ethiopia,GADM:ETH.9_1,Somali,1,11,2007,2017,96,17,861262.14,True
fao_subnational_2024,Haiti,GADM:HTI.10_1,Sud,1,2,2014,2016,12,8,171612.28,True
fao_subnational_2024,Haiti,GADM:HTI.1_1,Centre,1,2,2014,2016,12,7,233644.99,True
fao_subnational_2024,Haiti,GADM:HTI.2_1,Grand Anse,1,2,2014,2016,12,9,127206.56,True
fao_subnational_2024,Haiti,GADM:HTI.3_1,Artibonite,1,2,2014,2016,17,10,605640.49,True
fao_subnational_2024,Haiti,GADM:HTI.4_1,Nippes,1,2,2014,2016,9,6,48335.42,True
fao_subnational_2024,Haiti,GADM:HTI.5_1,Nord Est,1,2,2014,2016,14,10,103249.89,True
fao_subnational_2024,Haiti,GADM:HTI.6_1,Nord Ouest,1,2,2014,2016,11,8,97324.0,True
fao_subnational_2024,Haiti,GADM:HTI.7_1,Nord,1,2,2014,2016,14,11,136884.02,True
fao_subnational_2024,Haiti,GADM:HTI.8_1,Ouest,1,2,2014,2016,16,11,418168.47000000003,True
fao_subnational_2024,Haiti,GADM:HTI.9_1,Sud Est,1,2,2014,2016,9,5,164068.16999999998,True
fao_subnational_2024,Haiti,GADM:nan,Autre Departement,1,2,2014,2016,12,9,328726.93,True
fao_subnational_2024,Indonesia,GADM:IDN.10_1,Jawa Tengah,1,27,1993,2019,368,39,91165276.6252,True
fao_subnational_2024,Indonesia,GADM:IDN.11_1,Jawa Timur,1,27,1993,2019,367,39,122288589.1843,True
fao_subnational_2024,Indonesia,GADM:IDN.12_1,Kalimantan Barat,1,27,1993,2019,342,34,24953534.1971,True
fao_subnational_2024,Indonesia,GADM:IDN.13_1,Kalimantan Selatan,1,27,1993,2019,337,34,21346556.4048,True
fao_subnational_2024,Indonesia,GADM:IDN.14_1,Kalimantan Tengah,1,27,1993,2019,332,33,16065796.3898,True
fao_subnational_2024,Indonesia,GADM:IDN.15_1,Kalimantan Timur,1,27,1993,2019,348,36,10302022.3868,True
fao_subnational_2024,Indonesia,GADM:IDN.16_1,Kepulauan Riau,1,7,2013,2019,167,33,544309.5315,True
fao_subnational_2024,Indonesia,GADM:IDN.17_1,Lampung,1,27,1993,2019,359,38,43499916.034,True
fao_subnational_2024,Indonesia,GADM:IDN.18_1,Maluku Utara,1,17,2003,2019,273,36,2660209.622,True
fao_subnational_2024,Indonesia,GADM:IDN.19_1,Maluku,1,27,1993,2019,328,31,2996032.1683,True
fao_subnational_2024,Indonesia,GADM:IDN.1_1,Aceh,1,27,1993,2019,355,38,20516258.4875,True
fao_subnational_2024,Indonesia,GADM:IDN.20_1,Nusa Tenggara Barat,1,27,1993,2019,353,36,20228328.1694,True
fao_subnational_2024,Indonesia,GADM:IDN.21_1,Nusa Tenggara Timur,1,27,1993,2019,351,36,19839810.6264,True
fao_subnational_2024,Indonesia,GADM:IDN.22_1,Papua Barat,1,15,2005,2019,238,32,927330.7464,True
fao_subnational_2024,Indonesia,GADM:IDN.23_1,Papua,1,27,1993,2019,348,37,4427356.0838,True
fao_subnational_2024,Indonesia,GADM:IDN.24_1,Riau,1,27,1993,2019,324,31,22588244.5578,True
fao_subnational_2024,Indonesia,GADM:IDN.25_1,Sulawesi Barat,1,15,2005,2019,250,32,4694239.0301,True
fao_subnational_2024,Indonesia,GADM:IDN.26_1,Sulawesi Selatan,1,27,1993,2019,372,41,45941659.1255,True
fao_subnational_2024,Indonesia,GADM:IDN.27_1,Sulawesi Tengah,1,27,1993,2019,364,40,12173089.4748,True
fao_subnational_2024,Indonesia,GADM:IDN.28_1,Sulawesi Tenggara,1,27,1993,2019,351,37,8506892.3489,True
fao_subnational_2024,Indonesia,GADM:IDN.29_1,Sulawesi Utara,1,27,1993,2019,342,35,10114906.0032,True
fao_subnational_2024,Indonesia,GADM:IDN.2_1,Bali,1,27,1993,2019,355,37,7673846.4045,True
fao_subnational_2024,Indonesia,GADM:IDN.30_1,Sumatera Barat,1,27,1993,2019,358,37,21778710.6025,True
fao_subnational_2024,Indonesia,GADM:IDN.31_1,Sumatera Selatan,1,27,1993,2019,353,36,37819739.5577,True
fao_subnational_2024,Indonesia,GADM:IDN.32_1,Sumatera Utara,1,27,1993,2019,368,39,47221520.8861,True
fao_subnational_2024,Indonesia,GADM:IDN.3_1,Kepulauan Bangka Belitung,1,7,2013,2019,156,31,1952874.7911,True
fao_subnational_2024,Indonesia,GADM:IDN.4_1,Banten,1,19,2001,2019,290,35,11147838.9566,True
fao_subnational_2024,Indonesia,GADM:IDN.5_1,Bengkulu,1,27,1993,2019,348,36,8423965.8478,True
fao_subnational_2024,Indonesia,GADM:IDN.6_1,Gorontalo,1,19,2001,2019,260,29,4960916.9328,True
fao_subnational_2024,Indonesia,GADM:IDN.7_1,Dki Jakarta,1,26,1993,2018,154,19,77149.2654,True
fao_subnational_2024,Indonesia,GADM:IDN.8_1,Jambi,1,27,1993,2019,355,37,12965575.8978,True
fao_subnational_2024,Indonesia,GADM:IDN.9_1,Jawa Barat,1,27,1993,2019,368,39,79717607.524,True
fao_subnational_2024,Indonesia,GADM:nan,Kalimantan Utara,1,7,2013,2019,157,29,1473042.2371,True
fao_subnational_2024,Laos,GADM:LAO.10_1,Phongsaly,1,10,2009,2018,124,11,360213.0,True
fao_subnational_2024,Laos,GADM:LAO.11_1,Saravane,1,10,2009,2018,119,11,1341503.0,True
fao_subnational_2024,Laos,GADM:LAO.12_1,Savannakhet,1,10,2009,2018,100,10,2228682.0,True
fao_subnational_2024,Laos,GADM:LAO.13_1,Vientiane Capital,1,10,2009,2018,98,9,876438.0,True
fao_subnational_2024,Laos,GADM:LAO.14_1,Vientiane,1,10,2009,2018,109,10,976045.0,True
fao_subnational_2024,Laos,GADM:LAO.15_1,Xayaboury,1,10,2009,2018,118,10,1275179.0,True
fao_subnational_2024,Laos,GADM:LAO.16_1,Xaysomboon,1,5,2014,2018,48,9,62412.0,True
fao_subnational_2024,Laos,GADM:LAO.17_1,Sekong,1,10,2009,2018,124,11,333532.0,True
fao_subnational_2024,Laos,GADM:LAO.18_1,Xiengkhuang,1,10,2009,2018,119,11,587235.0,True
fao_subnational_2024,Laos,GADM:LAO.1_1,Attapeu,1,10,2009,2018,104,10,306280.0,True
fao_subnational_2024,Laos,GADM:LAO.2_1,Bokeo,1,10,2009,2018,88,7,365606.0,True
fao_subnational_2024,Laos,GADM:LAO.3_1,Borikhamxay,1,10,2009,2018,109,9,607152.0,True
fao_subnational_2024,Laos,GADM:LAO.4_1,Champasack,1,10,2009,2018,129,12,2076585.0,True
fao_subnational_2024,Laos,GADM:LAO.5_1,Huaphanh,1,10,2009,2018,123,12,580367.0,True
fao_subnational_2024,Laos,GADM:LAO.6_1,Khammuane,1,10,2009,2018,101,10,824314.0,True
fao_subnational_2024,Laos,GADM:LAO.7_1,Luangnamtha,1,10,2009,2018,117,11,290714.0,True
fao_subnational_2024,Laos,GADM:LAO.8_1,Luangprabang,1,10,2009,2018,137,12,630898.0,True
fao_subnational_2024,Laos,GADM:LAO.9_1,Oudomxay,1,10,2009,2018,129,12,777977.0,True
fao_subnational_2024,Pakistan,GADM:PAK.2_1,Balochistan,1,71,1947,2017,1919,32,41057575.880210444,True
fao_subnational_2024,Pakistan,GADM:PAK.5_1,Khyber Pakhtoonkhaw,1,71,1947,2017,2062,34,104735216.51153378,True
fao_subnational_2024,Pakistan,GADM:PAK.7_1,Punjab,1,71,1947,2017,2114,34,774780182.112505,True
fao_subnational_2024,Pakistan,GADM:PAK.8_1,Sindh,1,71,1947,2017,1840,30,206649214.89275596,True
fao_subnational_2024,Senegal,GADM:SEN.11_1,Sedhiou,1,10,2010,2019,104,11,4182461.0,True
fao_subnational_2024,Senegal,GADM:SEN.12_1,Tambacounda,1,11,2009,2019,108,11,7992948.0,True
fao_subnational_2024,Senegal,GADM:SEN.14_1,Ziguinchor,1,11,2009,2019,99,9,2519044.0,True
fao_subnational_2024,Senegal,GADM:SEN.2_1,Diourbel,1,11,2009,2019,85,8,9563938.0,True
fao_subnational_2024,Senegal,GADM:SEN.4_1,Kaffrine,1,10,2010,2019,97,11,10984740.0,True
fao_subnational_2024,Senegal,GADM:SEN.5_1,Kaolack,1,11,2009,2019,107,11,16089972.0,True
fao_subnational_2024,Senegal,GADM:SEN.8_1,Louga,1,11,2009,2019,79,9,12104028.0,True
fao_subnational_2024,Yemen,GADM:YEM.10_1,Amran,1,11,2009,2019,469,53,947894.0,True
fao_subnational_2024,Yemen,GADM:YEM.11_1,Dhamar,1,11,2009,2019,474,52,1083951.0,True
fao_subnational_2024,Yemen,GADM:YEM.12_1,Hadramout,1,11,2009,2019,412,45,491771.0,True
fao_subnational_2024,Yemen,GADM:YEM.13_1,Hajjah,1,11,2009,2019,480,51,1286975.0,True
fao_subnational_2024,Yemen,GADM:YEM.14_1,Ibb,1,11,2009,2019,460,51,903664.0,True
fao_subnational_2024,Yemen,GADM:YEM.15_1,Lahj,1,11,2009,2019,437,45,356391.0,True
fao_subnational_2024,Yemen,GADM:YEM.16_1,Mareb,1,11,2009,2019,461,50,422297.0,True
fao_subnational_2024,Yemen,GADM:YEM.17_1,Raimeh,1,11,2009,2019,334,35,258008.0,True
fao_subnational_2024,Yemen,GADM:YEM.18_1,Sa'Adah,1,11,2009,2019,462,49,430296.0,True
fao_subnational_2024,Yemen,GADM:YEM.19_1,Sana'a,1,11,2009,2019,496,55,1610046.0,True
fao_subnational_2024,Yemen,GADM:YEM.1_1,Aden,1,11,2009,2019,253,30,14573.0,True
fao_subnational_2024,Yemen,GADM:YEM.20_1,Shabwah,1,11,2009,2019,376,41,258098.0,True
fao_subnational_2024,Yemen,GADM:YEM.21_1,Taiz,1,11,2009,2019,468,51,858755.0,True
fao_subnational_2024,Yemen,GADM:YEM.2_1,Abyan,1,11,2009,2019,395,42,486108.0,True
fao_subnational_2024,Yemen,GADM:YEM.3_1,Al-Baida,1,11,2009,2019,432,49,334635.0,True
fao_subnational_2024,Yemen,GADM:YEM.4_1,Al-Daleh,1,11,2009,2019,313,34,149900.0,True
fao_subnational_2024,Yemen,GADM:YEM.5_1,Al-Hodeidah,1,11,2009,2019,382,41,3401693.0,True
fao_subnational_2024,Yemen,GADM:YEM.6_1,Al-Jawf,1,11,2009,2019,372,40,500658.0,True
fao_subnational_2024,Yemen,GADM:YEM.7_1,Al-Maharah,1,11,2009,2019,222,25,30022.0,True
fao_subnational_2024,Yemen,GADM:YEM.8_1,Al-Mahweet,1,11,2009,2019,433,45,296775.0,True
fao_subnational_2024,Yemen,GADM:nan,Sana'a City,1,11,2009,2019,425,52,71705.0,True
fao_subnational_2024,Zimbabwe,GADM:ZWE.10_1,Midlands,1,2,2012,2015,44,22,715955.0,True
fao_subnational_2024,Zimbabwe,GADM:ZWE.3_1,Manicaland,1,2,2012,2015,56,30,563565.0,True
fao_subnational_2024,Zimbabwe,GADM:ZWE.4_1,Mashonaland Central,1,2,2012,2015,48,27,523077.0,True
fao_subnational_2024,Zimbabwe,GADM:ZWE.5_1,Mashonaland East,1,2,2012,2015,56,30,508623.0,True
fao_subnational_2024,Zimbabwe,GADM:ZWE.6_1,Mashonaland West,1,2,2012,2015,50,24,618643.0,True
fao_subnational_2024,Zimbabwe,GADM:ZWE.7_1,Masvingo,1,2,2012,2015,52,25,906346.0,True
fao_subnational_2024,Zimbabwe,GADM:ZWE.8_1,Matabeleland North,1,2,2012,2015,33,18,340081.0,True
fao_subnational_2024,Zimbabwe,GADM:ZWE.9_1,Matabeleland South,1,2,2012,2015,29,15,283619.0,True
harveststat_africa_v1.2,Angola,HV1:AO:Bengo,Bengo,1,21,1996,2016,98,12,1146924.8,True
harveststat_africa_v1.2,Angola,HV1:AO:Benguela,Benguela,1,21,1996,2016,178,23,5708398.92,True
harveststat_africa_v1.2,Angola,HV1:AO:Bie,Bie,1,21,1996,2016,183,19,7790938.44,True
harveststat_africa_v1.2,Angola,HV1:AO:Cabinda,Cabinda,1,21,1996,2016,130,13,1862462.27,True
harveststat_africa_v1.2,Angola,HV1:AO:Cunene,Cunene,1,21,1996,2016,104,12,2853177.7,True
harveststat_africa_v1.2,Angola,HV1:AO:Huambo,Huambo,1,21,1996,2016,184,21,10053715.18,True
harveststat_africa_v1.2,Angola,HV1:AO:Huila,Huila,1,21,1996,2016,172,21,8143206.02,True
harveststat_africa_v1.2,Angola,HV1:AO:Kuando Kubango,Kuando Kubango,1,21,1996,2016,145,10,2938696.7,True
harveststat_africa_v1.2,Angola,HV1:AO:Kuanza Norte,Kuanza Norte,1,21,1996,2016,158,19,2217678.73,True
harveststat_africa_v1.2,Angola,HV1:AO:Kuanza Sul,Kuanza Sul,1,21,1996,2016,163,21,8111034.4,True
harveststat_africa_v1.2,Angola,HV1:AO:Luanda,Luanda,1,21,1996,2016,104,13,188087.7,True
harveststat_africa_v1.2,Angola,HV1:AO:Lunda Norte,Lunda Norte,1,21,1996,2016,149,18,2005864.63,True
harveststat_africa_v1.2,Angola,HV1:AO:Lunda Sul,Lunda Sul,1,21,1996,2016,163,19,2204154.16,True
harveststat_africa_v1.2,Angola,HV1:AO:Malanje,Malanje,1,21,1996,2016,166,22,4815858.04,True
harveststat_africa_v1.2,Angola,HV1:AO:Moxico,Moxico,1,21,1996,2016,185,18,2855143.86,True
harveststat_africa_v1.2,Angola,HV1:AO:Namibe,Namibe,1,21,1996,2016,146,16,779746.95,True
harveststat_africa_v1.2,Angola,HV1:AO:Uige,Uige,1,21,1996,2016,169,21,6284698.53,True
harveststat_africa_v1.2,Angola,HV1:AO:Zaire,Zaire,1,21,1996,2016,121,11,1103107.55,True
harveststat_africa_v1.2,Benin,HV1:BJ:Alibori,Alibori,1,29,1995,2023,2727,28,11488281.367187746,True
harveststat_africa_v1.2,Benin,HV1:BJ:Atacora,Atacora,1,29,1995,2023,4669,34,8920990.732671676,True
harveststat_africa_v1.2,Benin,HV1:BJ:Atlantique,Atlantique,1,29,1995,2023,2392,22,4746180.727956889,True
harveststat_africa_v1.2,Benin,HV1:BJ:Borgou,Borgou,1,29,1995,2023,3792,28,10500804.419764087,True
harveststat_africa_v1.2,Benin,HV1:BJ:Collines,Collines,1,29,1995,2023,2923,26,9699284.493328428,True
harveststat_africa_v1.2,Benin,HV1:BJ:Couffo,Couffo,1,29,1995,2023,2257,25,3820150.0151637155,True
harveststat_africa_v1.2,Benin,HV1:BJ:Donga,Donga,1,29,1995,2023,2131,33,3074107.4688926344,True
harveststat_africa_v1.2,Benin,HV1:BJ:Littoral,Littoral,1,24,1995,2021,156,14,2028.6440816697568,True
harveststat_africa_v1.2,Benin,HV1:BJ:Mono,Mono,1,29,1995,2023,1982,22,1979709.628578877,True
harveststat_africa_v1.2,Benin,HV1:BJ:Ouémé,Ouémé,1,29,1995,2023,2478,27,2223204.5099817677,True
harveststat_africa_v1.2,Benin,HV1:BJ:Plateau,Plateau,1,29,1995,2023,1601,29,7864140.4287637165,True
harveststat_africa_v1.2,Benin,HV1:BJ:Zou,Zou,1,29,1995,2023,4583,29,5477818.18509118,True
harveststat_africa_v1.2,Burkina Faso,HV1:BF:Boucle du Mouhoun,Boucle du Mouhoun,1,40,1984,2023,2457,14,32377900.153379865,True
harveststat_africa_v1.2,Burkina Faso,HV1:BF:Cascades,Cascades,1,40,1984,2023,1051,14,7156358.578642288,True
harveststat_africa_v1.2,Burkina Faso,HV1:BF:Centre,Centre,1,40,1984,2023,412,12,3027150.6448340956,True
harveststat_africa_v1.2,Burkina Faso,HV1:BF:Centre-Est,Centre-Est,1,40,1984,2023,1220,13,12143147.585889945,True
harveststat_africa_v1.2,Burkina Faso,HV1:BF:Centre-Nord,Centre-Nord,1,40,1984,2023,1106,15,12438252.702644618,True
harveststat_africa_v1.2,Burkina Faso,HV1:BF:Centre-Ouest,Centre-Ouest,1,40,1984,2023,1359,14,16612279.082319615,True
harveststat_africa_v1.2,Burkina Faso,HV1:BF:Centre-Sud,Centre-Sud,1,40,1984,2023,1245,13,8521236.758512314,True
harveststat_africa_v1.2,Burkina Faso,HV1:BF:Est,Est,1,40,1984,2023,1949,14,17111663.736359656,True
harveststat_africa_v1.2,Burkina Faso,HV1:BF:Hauts-Bassins,Hauts-Bassins,1,40,1984,2023,1507,14,21567703.059085507,True
harveststat_africa_v1.2,Burkina Faso,HV1:BF:Nord,Nord,1,38,1985,2023,1048,15,9744353.092464613,True
harveststat_africa_v1.2,Burkina Faso,HV1:BF:Plateau-Central,Plateau-Central,1,40,1984,2023,1048,14,8492219.435896754,True
harveststat_africa_v1.2,Burkina Faso,HV1:BF:Sahel,Sahel,1,40,1984,2023,1120,13,12644193.599651298,True
harveststat_africa_v1.2,Burkina Faso,HV1:BF:Sud-Ouest,Sud-Ouest,1,40,1984,2023,1545,14,8331118.524696993,True
harveststat_africa_v1.2,Burundi,HV1:BI:Bubanza,Bubanza,1,4,2012,2015,118,17,143855.0,True
harveststat_africa_v1.2,Burundi,HV1:BI:Bujumbura Rural,Bujumbura Rural,1,4,2012,2015,112,17,167262.8,True
harveststat_africa_v1.2,Burundi,HV1:BI:Bururi,Bururi,1,4,2012,2015,105,17,197532.0,True
harveststat_africa_v1.2,Burundi,HV1:BI:Cankuzo,Cankuzo,1,4,2012,2015,132,19,151082.0,True
harveststat_africa_v1.2,Burundi,HV1:BI:Cibitoke,Cibitoke,1,4,2012,2015,119,18,161291.0,True
harveststat_africa_v1.2,Burundi,HV1:BI:Gitega,Gitega,1,4,2012,2015,136,19,310038.0,True
harveststat_africa_v1.2,Burundi,HV1:BI:Karuzi,Karuzi,1,4,2012,2015,130,20,228248.0,True
harveststat_africa_v1.2,Burundi,HV1:BI:Kayanza,Kayanza,1,4,2012,2015,130,18,179224.8,True
harveststat_africa_v1.2,Burundi,HV1:BI:Kirundo,Kirundo,1,4,2012,2015,134,20,464219.0,True
harveststat_africa_v1.2,Burundi,HV1:BI:Makamba,Makamba,1,4,2012,2015,132,19,212730.0,True
harveststat_africa_v1.2,Burundi,HV1:BI:Muramvya,Muramvya,1,4,2012,2015,123,18,124669.0,True
harveststat_africa_v1.2,Burundi,HV1:BI:Muyinga,Muyinga,1,4,2012,2015,116,16,321247.0,True
harveststat_africa_v1.2,Burundi,HV1:BI:Mwaro,Mwaro,1,4,2012,2015,130,18,97243.0,True
harveststat_africa_v1.2,Burundi,HV1:BI:Ngozi,Ngozi,1,4,2012,2015,119,20,200525.0,True
harveststat_africa_v1.2,Burundi,HV1:BI:Rutana,Rutana,1,4,2012,2015,142,20,174592.0,True
harveststat_africa_v1.2,Burundi,HV1:BI:Ruyigi,Ruyigi,1,4,2012,2015,136,19,256478.0,True
harveststat_africa_v1.2,Cameroon,HV1:CM:Adamawa,Adamawa,1,11,1998,2008,329,17,856309.0,True
harveststat_africa_v1.2,Cameroon,HV1:CM:Centre,Centre,1,11,1998,2008,1000,18,2626871.0,True
harveststat_africa_v1.2,Cameroon,HV1:CM:East,East,1,11,1998,2008,309,13,1720451.0,True
harveststat_africa_v1.2,Cameroon,HV1:CM:Far North,Far North,1,11,1998,2008,509,16,3410659.0,True
harveststat_africa_v1.2,Cameroon,HV1:CM:Littoral,Littoral,1,11,1998,2008,563,18,2341382.0,True
harveststat_africa_v1.2,Cameroon,HV1:CM:North,North,1,11,1998,2008,369,14,2457823.0,True
harveststat_africa_v1.2,Cameroon,HV1:CM:Northwest,Northwest,1,11,1998,2008,874,18,1885237.0,True
harveststat_africa_v1.2,Cameroon,HV1:CM:South,South,1,11,1998,2008,261,9,967096.0,True
harveststat_africa_v1.2,Cameroon,HV1:CM:Southwest,Southwest,1,11,1998,2008,605,16,1568969.0,True
harveststat_africa_v1.2,Cameroon,HV1:CM:West,West,1,11,1998,2008,959,20,1384297.0,True
harveststat_africa_v1.2,Central African Republic,HV1:CF:Bamingui-Bangoran,Bamingui-Bangoran,1,3,2014,2016,12,4,9800.75859682,True
harveststat_africa_v1.2,Central African Republic,HV1:CF:Basse-Kotto,Basse-Kotto,1,3,2014,2016,15,5,94569.29164841,True
harveststat_africa_v1.2,Central African Republic,HV1:CF:Haut-Mbomou,Haut-Mbomou,1,3,2014,2016,15,5,7556.9794969899995,True
harveststat_africa_v1.2,Central African Republic,HV1:CF:Haute-Kotto,Haute-Kotto,1,3,2014,2016,15,5,57570.91478662,True
harveststat_africa_v1.2,Central African Republic,HV1:CF:Kemo,Kemo,1,3,2014,2016,15,5,77100.71620052,True
harveststat_africa_v1.2,Central African Republic,HV1:CF:Lobaye,Lobaye,1,3,2014,2016,15,5,91310.50440292,True
harveststat_africa_v1.2,Central African Republic,HV1:CF:Mambere-Kadei,Mambere-Kadei,1,3,2014,2016,12,4,39272.83811133,True
harveststat_africa_v1.2,Central African Republic,HV1:CF:Mbomou,Mbomou,1,3,2014,2016,15,5,76092.62436792,True
harveststat_africa_v1.2,Central African Republic,HV1:CF:Nana-Grebizi,Nana-Grebizi,1,3,2014,2016,15,5,41870.32850256,True
harveststat_africa_v1.2,Central African Republic,HV1:CF:Nana-Mambere,Nana-Mambere,1,3,2014,2016,15,5,64673.07843316,True
harveststat_africa_v1.2,Central African Republic,HV1:CF:Ombella-Mpoko,Ombella-Mpoko,1,3,2014,2016,15,5,270664.84269,True
harveststat_africa_v1.2,Central African Republic,HV1:CF:Ouaka,Ouaka,1,3,2014,2016,15,5,81232.41292374,True
harveststat_africa_v1.2,Central African Republic,HV1:CF:Ouham,Ouham,1,3,2014,2016,15,5,184114.18660763,True
harveststat_africa_v1.2,Central African Republic,HV1:CF:Ouham-Pende,Ouham-Pende,1,3,2014,2016,15,5,182567.18537972998,True
harveststat_africa_v1.2,Central African Republic,HV1:CF:Sangha-Mbaere,Sangha-Mbaere,1,3,2014,2016,9,3,18770.09259572,True
harveststat_africa_v1.2,Central African Republic,HV1:CF:Vakaga,Vakaga,1,3,2014,2016,9,3,7165.8592725,True
harveststat_africa_v1.2,Chad,HV1:TD:Barh el Gazel,Barh el Gazel,1,32,1983,2017,97,7,1077779.8471797886,True
harveststat_africa_v1.2,Chad,HV1:TD:Batha,Batha,1,32,1983,2017,178,9,6193647.5915,True
harveststat_africa_v1.2,Chad,HV1:TD:Chari-Baguirmi,Chari-Baguirmi,1,32,1983,2017,246,10,8173541.335534443,True
harveststat_africa_v1.2,Chad,HV1:TD:Guera,Guera,1,32,1983,2017,221,10,4571733.622,True
harveststat_africa_v1.2,Chad,HV1:TD:Hadjer-Lamis,Hadjer-Lamis,1,32,1983,2017,235,9,4034840.7672155667,True
harveststat_africa_v1.2,Chad,HV1:TD:Kanem,Kanem,1,32,1983,2017,79,7,495471.6228202115,True
harveststat_africa_v1.2,Chad,HV1:TD:Lac,Lac,1,30,1985,2017,163,11,2266912.27296,True
harveststat_africa_v1.2,Chad,HV1:TD:Logone Occidental,Logone Occidental,1,32,1983,2017,251,12,4882198.1444,True
harveststat_africa_v1.2,Chad,HV1:TD:Logone Oriental,Logone Oriental,1,32,1983,2017,246,12,5660716.28762,True
harveststat_africa_v1.2,Chad,HV1:TD:Mandoul,Mandoul,1,32,1983,2017,245,12,5057187.78754867,True
harveststat_africa_v1.2,Chad,HV1:TD:Mayo-Kebbi Est,Mayo-Kebbi Est,1,32,1983,2017,285,12,6114657.256967972,True
harveststat_africa_v1.2,Chad,HV1:TD:Mayo-Kebbi Ouest,Mayo-Kebbi Ouest,1,32,1983,2017,285,12,4182091.466812028,True
harveststat_africa_v1.2,Chad,HV1:TD:Moyen-Chari,Moyen-Chari,1,32,1983,2017,271,12,3430008.238884661,True
harveststat_africa_v1.2,Chad,HV1:TD:Ouaddai,Ouaddai,1,32,1983,2017,185,7,7211400.570325625,True
harveststat_africa_v1.2,Chad,HV1:TD:Salamat,Salamat,1,32,1983,2017,241,10,5694686.530694,True
harveststat_africa_v1.2,Chad,HV1:TD:Sila,Sila,1,32,1983,2017,194,8,6204627.087114374,True
harveststat_africa_v1.2,Chad,HV1:TD:Tandjile,Tandjile,1,32,1983,2017,278,12,5366492.4645,True
harveststat_africa_v1.2,Chad,HV1:TD:Wadi Fira,Wadi Fira,1,30,1985,2017,124,5,3320505.782,True
harveststat_africa_v1.2,"Congo, The Democratic Republic of the",HV1:CD:Bas-Uele,Bas-Uele,1,4,2013,2016,16,4,2091836355.95,True
harveststat_africa_v1.2,"Congo, The Democratic Republic of the",HV1:CD:Equateur,Equateur,1,4,2013,2016,16,4,2436318.24,True
harveststat_africa_v1.2,"Congo, The Democratic Republic of the",HV1:CD:Haut-Katanga,Haut-Katanga,1,4,2013,2016,16,4,107393251.34,True
harveststat_africa_v1.2,"Congo, The Democratic Republic of the",HV1:CD:Haut-Lomami,Haut-Lomami,1,4,2013,2016,16,4,1151254.09,True
harveststat_africa_v1.2,"Congo, The Democratic Republic of the",HV1:CD:Haut-Uele,Haut-Uele,1,4,2013,2016,16,4,1162305.28,True
harveststat_africa_v1.2,"Congo, The Democratic Republic of the",HV1:CD:Kasai,Kasai,1,4,2013,2016,16,4,1586256.97,True
harveststat_africa_v1.2,"Congo, The Democratic Republic of the",HV1:CD:Kasai-Central,Kasai-Central,1,4,2013,2016,16,4,1556428.18,True
harveststat_africa_v1.2,"Congo, The Democratic Republic of the",HV1:CD:Kongo-Central,Kongo-Central,1,4,2013,2016,16,4,2143110.63,True
harveststat_africa_v1.2,"Congo, The Democratic Republic of the",HV1:CD:Kwango,Kwango,1,4,2013,2016,16,4,4286173.28,True
harveststat_africa_v1.2,"Congo, The Democratic Republic of the",HV1:CD:Kwilu,Kwilu,1,4,2013,2016,16,4,956542.68,True
harveststat_africa_v1.2,"Congo, The Democratic Republic of the",HV1:CD:Lomami,Lomami,1,4,2013,2016,16,4,1093433.76,True
harveststat_africa_v1.2,"Congo, The Democratic Republic of the",HV1:CD:Lualaba,Lualaba,1,4,2013,2016,16,4,818390.95,True
harveststat_africa_v1.2,"Congo, The Democratic Republic of the",HV1:CD:Mai-Ndombe,Mai-Ndombe,1,4,2013,2016,16,4,379828.9,True
harveststat_africa_v1.2,"Congo, The Democratic Republic of the",HV1:CD:Maniema,Maniema,1,4,2013,2016,16,4,1896939.79,True
harveststat_africa_v1.2,"Congo, The Democratic Republic of the",HV1:CD:North Kivu,North Kivu,1,4,2013,2016,16,4,1485319.3,True
harveststat_africa_v1.2,"Congo, The Democratic Republic of the",HV1:CD:North Ubangi,North Ubangi,1,4,2013,2016,12,3,709372.5700000001,True
harveststat_africa_v1.2,"Congo, The Democratic Republic of the",HV1:CD:Sankuru,Sankuru,1,4,2013,2016,16,4,234024677.72,True
harveststat_africa_v1.2,"Congo, The Democratic Republic of the",HV1:CD:South Kivu,South Kivu,1,4,2013,2016,12,3,868676.85,True
harveststat_africa_v1.2,"Congo, The Democratic Republic of the",HV1:CD:South Ubangi,South Ubangi,1,4,2013,2016,16,4,1411312.9100000001,True
harveststat_africa_v1.2,"Congo, The Democratic Republic of the",HV1:CD:Tanganyika,Tanganyika,1,4,2013,2016,12,3,619264.02,True
harveststat_africa_v1.2,"Congo, The Democratic Republic of the",HV1:CD:Tshopo,Tshopo,1,4,2013,2016,16,4,1271538.75,True
harveststat_africa_v1.2,Ethiopia,HV1:ET:Afar,Afar,1,18,1997,2021,133,12,162678.38999999998,True
harveststat_africa_v1.2,Ethiopia,HV1:ET:Amhara,Amhara,1,24,1993,2021,3928,40,78088679.59002939,True
harveststat_africa_v1.2,Ethiopia,HV1:ET:Benishangul Gumuz,Benishangul Gumuz,1,21,1997,2021,992,38,3771269.6654616385,True
harveststat_africa_v1.2,Ethiopia,HV1:ET:Dire Dawa,Dire Dawa,1,25,1997,2022,145,12,248697.7,True
harveststat_africa_v1.2,Ethiopia,HV1:ET:Gambela,Gambela,1,21,1997,2021,331,29,120098.36886637723,True
harveststat_africa_v1.2,Ethiopia,HV1:ET:Harari,Harari,1,25,1997,2022,175,18,307632.35,True
harveststat_africa_v1.2,Ethiopia,HV1:ET:Oromia,Oromia,1,21,1997,2021,6737,42,107178554.76130542,True
harveststat_africa_v1.2,Ethiopia,HV1:ET:SNNPR,SNNPR,1,22,1995,2021,5255,41,20031886.65917416,True
harveststat_africa_v1.2,Ethiopia,HV1:ET:Sidama,Sidama,1,21,1997,2021,241,28,2680699.68,True
harveststat_africa_v1.2,Ethiopia,HV1:ET:Somali,Somali,1,21,1997,2021,186,18,1313248.57,True
harveststat_africa_v1.2,Ethiopia,HV1:ET:Tigray,Tigray,1,20,1997,2020,1539,29,14745267.05322753,True
harveststat_africa_v1.2,Ghana,HV1:GH:Ahafo,Ahafo,1,27,1984,2022,158,6,3083712.7218582956,True
harveststat_africa_v1.2,Ghana,HV1:GH:Ashanti,Ashanti,1,27,1984,2022,192,8,12616696.755543636,True
harveststat_africa_v1.2,Ghana,HV1:GH:Bono,Bono,1,27,1984,2022,198,9,6146117.664776355,True
harveststat_africa_v1.2,Ghana,HV1:GH:Bono East,Bono East,1,27,1984,2022,199,9,7169702.335489285,True
harveststat_africa_v1.2,Ghana,HV1:GH:Central,Central,1,27,1984,2022,154,6,6498471.160512046,True
harveststat_africa_v1.2,Ghana,HV1:GH:Eastern,Eastern,1,27,1984,2022,182,8,13777300.205079358,True
harveststat_africa_v1.2,Ghana,HV1:GH:Greater Accra,Greater Accra,1,27,1984,2022,82,4,441074.8891135185,True
harveststat_africa_v1.2,Ghana,HV1:GH:North East,North East,1,27,1984,2022,231,9,3234903.282970493,True
harveststat_africa_v1.2,Ghana,HV1:GH:Northern,Northern,1,27,1984,2022,231,9,11528087.236916203,True
harveststat_africa_v1.2,Ghana,HV1:GH:Oti,Oti,1,27,1984,2022,214,10,2891043.522357649,True
harveststat_africa_v1.2,Ghana,HV1:GH:Savannah,Savannah,1,27,1984,2022,231,9,4158865.0985548133,True
harveststat_africa_v1.2,Ghana,HV1:GH:Upper East,Upper East,1,27,1984,2022,173,7,8580394.191999784,True
harveststat_africa_v1.2,Ghana,HV1:GH:Upper West,Upper West,1,27,1984,2022,205,8,10580265.395740777,True
harveststat_africa_v1.2,Ghana,HV1:GH:Volta,Volta,1,27,1984,2022,199,9,2825835.5550355227,True
harveststat_africa_v1.2,Ghana,HV1:GH:Western,Western,1,27,1984,2022,158,6,3558758.03331105,True
harveststat_africa_v1.2,Ghana,HV1:GH:Western North,Western North,1,27,1984,2022,158,6,3688500.923983013,True
harveststat_africa_v1.2,Kenya,HV1:KE:Baringo,Baringo,1,55,1970,2024,354,28,2220415.7929735044,True
harveststat_africa_v1.2,Kenya,HV1:KE:Bomet,Bomet,1,51,1971,2024,289,20,3047972.851641134,True
harveststat_africa_v1.2,Kenya,HV1:KE:Bungoma,Bungoma,1,55,1970,2024,555,31,8508761.7271797,True
harveststat_africa_v1.2,Kenya,HV1:KE:Busia,Busia,1,55,1970,2024,476,28,4147086.855647408,True
harveststat_africa_v1.2,Kenya,HV1:KE:Elgeyo-Marakwet,Elgeyo-Marakwet,1,58,1967,2024,436,27,3104160.701451065,True
harveststat_africa_v1.2,Kenya,HV1:KE:Embu,Embu,1,55,1970,2024,428,27,4514543.98,True
harveststat_africa_v1.2,Kenya,HV1:KE:Garissa,Garissa,1,43,1982,2024,137,13,27397.12,True
harveststat_africa_v1.2,Kenya,HV1:KE:Homa Bay,Homa Bay,1,58,1967,2024,418,29,4605029.696386593,True
harveststat_africa_v1.2,Kenya,HV1:KE:Isiolo,Isiolo,1,49,1976,2024,205,15,69301.85,True
harveststat_africa_v1.2,Kenya,HV1:KE:Kajiado,Kajiado,1,52,1973,2024,295,20,3421021.7231791876,True
harveststat_africa_v1.2,Kenya,HV1:KE:Kakamega,Kakamega,1,55,1970,2024,480,28,8280199.073548862,True
harveststat_africa_v1.2,Kenya,HV1:KE:Kericho,Kericho,1,55,1970,2024,326,22,4080344.7116213264,True
harveststat_africa_v1.2,Kenya,HV1:KE:Kiambu,Kiambu,1,55,1970,2024,401,27,3868930.1850623814,True
harveststat_africa_v1.2,Kenya,HV1:KE:Kilifi,Kilifi,1,53,1970,2024,302,23,3322246.839015506,True
harveststat_africa_v1.2,Kenya,HV1:KE:Kirinyaga,Kirinyaga,1,55,1970,2024,367,25,3563761.2484471095,True
harveststat_africa_v1.2,Kenya,HV1:KE:Kisii,Kisii,1,57,1968,2024,401,25,4262849.773743329,True
harveststat_africa_v1.2,Kenya,HV1:KE:Kisumu,Kisumu,1,55,1970,2024,352,21,2820159.248011298,True
harveststat_africa_v1.2,Kenya,HV1:KE:Kitui,Kitui,1,55,1970,2024,284,22,9717299.370297033,True
harveststat_africa_v1.2,Kenya,HV1:KE:Kwale,Kwale,1,55,1970,2024,342,27,2176563.32,True
harveststat_africa_v1.2,Kenya,HV1:KE:Laikipia,Laikipia,1,55,1970,2024,355,24,2754794.797587577,True
harveststat_africa_v1.2,Kenya,HV1:KE:Lamu,Lamu,1,54,1970,2024,276,24,1130897.0624171689,True
harveststat_africa_v1.2,Kenya,HV1:KE:Machakos,Machakos,1,55,1970,2024,420,26,12949090.777484475,True
harveststat_africa_v1.2,Kenya,HV1:KE:Makueni,Makueni,1,53,1970,2024,347,22,9865239.932515524,True
harveststat_africa_v1.2,Kenya,HV1:KE:Mandera,Mandera,1,43,1982,2024,138,15,109584.04,True
harveststat_africa_v1.2,Kenya,HV1:KE:Marsabit,Marsabit,1,48,1976,2024,216,11,306043.2,True
harveststat_africa_v1.2,Kenya,HV1:KE:Meru,Meru,1,55,1970,2024,586,34,10045122.436900819,True
harveststat_africa_v1.2,Kenya,HV1:KE:Migori,Migori,1,55,1970,2024,340,26,3734308.1802185276,True
harveststat_africa_v1.2,Kenya,HV1:KE:Mombasa,Mombasa,1,48,1977,2024,162,14,49301.30017435639,True
harveststat_africa_v1.2,Kenya,HV1:KE:Murang'a,Murang'a,1,55,1970,2024,384,29,5289947.262892657,True
harveststat_africa_v1.2,Kenya,HV1:KE:Nairobi,Nairobi,1,26,1987,2024,173,18,96239.722,True
harveststat_africa_v1.2,Kenya,HV1:KE:Nakuru,Nakuru,1,55,1970,2024,505,28,8718165.987344934,True
harveststat_africa_v1.2,Kenya,HV1:KE:Nandi,Nandi,1,56,1969,2024,318,23,5084602.754070522,True
harveststat_africa_v1.2,Kenya,HV1:KE:Narok,Narok,1,57,1966,2024,371,28,7419306.4337580735,True
harveststat_africa_v1.2,Kenya,HV1:KE:Nyamira,Nyamira,1,55,1968,2024,312,22,3442623.8995871274,True
harveststat_africa_v1.2,Kenya,HV1:KE:Nyandarua,Nyandarua,1,55,1970,2024,371,24,2793630.0735190967,True
harveststat_africa_v1.2,Kenya,HV1:KE:Nyeri,Nyeri,1,59,1966,2024,440,28,3823978.509855864,True
harveststat_africa_v1.2,Kenya,HV1:KE:Samburu,Samburu,1,56,1968,2024,249,21,352160.4361694055,True
harveststat_africa_v1.2,Kenya,HV1:KE:Siaya,Siaya,1,55,1970,2024,365,24,4921697.052067013,True
harveststat_africa_v1.2,Kenya,HV1:KE:Taita Taveta,Taita Taveta,1,49,1976,2024,296,26,897950.3,True
harveststat_africa_v1.2,Kenya,HV1:KE:Tana River,Tana River,1,49,1976,2024,272,26,352381.5991697964,True
harveststat_africa_v1.2,Kenya,HV1:KE:Tharaka Nithi,Tharaka Nithi,1,53,1970,2024,383,28,2341983.473101182,True
harveststat_africa_v1.2,Kenya,HV1:KE:Trans Nzoia,Trans Nzoia,1,55,1970,2024,378,26,6748126.578480783,True
harveststat_africa_v1.2,Kenya,HV1:KE:Turkana,Turkana,1,43,1980,2024,117,9,158046.22961542,True
harveststat_africa_v1.2,Kenya,HV1:KE:Uasin Gishu,Uasin Gishu,1,55,1970,2024,343,25,7299810.67135545,True
harveststat_africa_v1.2,Kenya,HV1:KE:Vihiga,Vihiga,1,53,1970,2024,299,24,2262595.50258641,True
harveststat_africa_v1.2,Kenya,HV1:KE:Wajir,Wajir,1,42,1982,2024,108,10,64497.13,True
harveststat_africa_v1.2,Kenya,HV1:KE:West Pokot,West Pokot,1,58,1967,2024,339,24,1989751.7666287397,True
harveststat_africa_v1.2,Lesotho,HV1:LS:Berea,Berea,1,44,1980,2023,210,6,1232656.0,True
harveststat_africa_v1.2,Lesotho,HV1:LS:Butha-Buthe,Butha-Buthe,1,44,1980,2023,223,6,372398.4,True
harveststat_africa_v1.2,Lesotho,HV1:LS:Leribe,Leribe,1,44,1980,2023,241,6,1483982.4,True
harveststat_africa_v1.2,Lesotho,HV1:LS:Mafeteng,Mafeteng,1,44,1980,2023,216,6,1504766.0,True
harveststat_africa_v1.2,Lesotho,HV1:LS:Maseru,Maseru,1,44,1980,2023,226,6,1398030.0,True
harveststat_africa_v1.2,Lesotho,HV1:LS:Mohale's Hoek,Mohale's Hoek,1,43,1980,2023,215,6,993578.0,True
harveststat_africa_v1.2,Lesotho,HV1:LS:Mokhotlong,Mokhotlong,1,40,1980,2023,189,5,571127.14814815,True
harveststat_africa_v1.2,Lesotho,HV1:LS:Qacha's Nek,Qacha's Nek,1,40,1980,2023,186,5,301659.81632653,True
harveststat_africa_v1.2,Lesotho,HV1:LS:Quthing,Quthing,1,40,1980,2023,189,5,508239.0,True
harveststat_africa_v1.2,Lesotho,HV1:LS:Thaba-Tseka,Thaba-Tseka,1,40,1980,2023,188,5,737528.25806452,True
harveststat_africa_v1.2,Liberia,HV1:LR:Bomi,Bomi,1,5,1997,2011,9,2,43257.0,True
harveststat_africa_v1.2,Liberia,HV1:LR:Bong,Bong,1,5,1997,2011,9,2,230618.0,True
harveststat_africa_v1.2,Liberia,HV1:LR:Gbarpolu,Gbarpolu,1,5,1997,2011,8,2,61958.84492767326,True
harveststat_africa_v1.2,Liberia,HV1:LR:Grand Bassa,Grand Bassa,1,5,1997,2011,9,2,92441.0,True
harveststat_africa_v1.2,Liberia,HV1:LR:Grand Cape Mount,Grand Cape Mount,1,5,1997,2011,9,2,44997.0,True
harveststat_africa_v1.2,Liberia,HV1:LR:Grand Gedeh,Grand Gedeh,1,5,1997,2011,9,2,53092.85802031656,True
harveststat_africa_v1.2,Liberia,HV1:LR:Grand Kru,Grand Kru,1,5,1997,2011,9,2,48064.0,True
harveststat_africa_v1.2,Liberia,HV1:LR:Lofa,Lofa,1,5,1997,2011,9,2,196741.15507232674,True
harveststat_africa_v1.2,Liberia,HV1:LR:Margibi,Margibi,1,5,1997,2011,9,2,46605.0,True
harveststat_africa_v1.2,Liberia,HV1:LR:Maryland,Maryland,1,5,1997,2011,9,2,45366.0,True
harveststat_africa_v1.2,Liberia,HV1:LR:Montserrado,Montserrado,1,5,1997,2011,9,2,49873.0,True
harveststat_africa_v1.2,Liberia,HV1:LR:Nimba,Nimba,1,5,1997,2011,9,2,283439.0,True
harveststat_africa_v1.2,Liberia,HV1:LR:River Gee,River Gee,1,5,1997,2011,8,2,36616.14197968344,True
harveststat_africa_v1.2,Liberia,HV1:LR:Rivercess,Rivercess,1,5,1997,2011,9,2,36450.0,True
harveststat_africa_v1.2,Liberia,HV1:LR:Sinoe,Sinoe,1,5,1997,2011,9,2,49649.0,True
harveststat_africa_v1.2,Madagascar,HV1:MG:Antananarivo,Antananarivo,1,22,1989,2010,691,9,9211002.0,True
harveststat_africa_v1.2,Madagascar,HV1:MG:Antsiranana,Antsiranana,1,22,1989,2010,326,9,4156915.0,True
harveststat_africa_v1.2,Madagascar,HV1:MG:Fianarantsoa,Fianarantsoa,1,22,1989,2010,825,9,10960341.0,True
harveststat_africa_v1.2,Madagascar,HV1:MG:Mahajanga,Mahajanga,1,22,1989,2010,643,10,6516097.0,True
harveststat_africa_v1.2,Madagascar,HV1:MG:Toamasina,Toamasina,1,22,1989,2010,483,9,8583815.0,True
harveststat_africa_v1.2,Madagascar,HV1:MG:Toliara,Toliara,1,22,1989,2010,649,10,6004449.0,True
harveststat_africa_v1.2,Malawi,HV1:MW:Central,Central,1,41,1982,2022,3728,28,47038716.03232232,True
harveststat_africa_v1.2,Malawi,HV1:MW:Northern,Northern,1,41,1982,2022,2222,22,38111741.86348201,True
harveststat_africa_v1.2,Malawi,HV1:MW:Southern,Southern,1,41,1982,2022,5953,24,40857821.96781232,True
harveststat_africa_v1.2,Mali,HV1:ML:Bamako,Bamako,1,31,1974,2022,136,7,50511.512701602536,True
harveststat_africa_v1.2,Mali,HV1:ML:Gao,Gao,1,44,1975,2022,165,7,1870132.1975442285,True
harveststat_africa_v1.2,Mali,HV1:ML:Kayes,Kayes,1,49,1974,2022,373,12,18238521.95462596,True
harveststat_africa_v1.2,Mali,HV1:ML:Kidal,Kidal,1,2,2018,2019,2,1,9.0,True
harveststat_africa_v1.2,Mali,HV1:ML:Koulikoro,Koulikoro,1,47,1974,2022,372,13,32833427.577144403,True
harveststat_africa_v1.2,Mali,HV1:ML:Mopti,Mopti,1,48,1974,2022,332,10,28607266.506729174,True
harveststat_africa_v1.2,Mali,HV1:ML:Segou,Segou,1,48,1974,2022,424,14,41070827.70297416,True
harveststat_africa_v1.2,Mali,HV1:ML:Sikasso,Sikasso,1,49,1974,2022,410,15,43884507.34191934,True
harveststat_africa_v1.2,Mali,HV1:ML:Tombouctou,Tombouctou,1,40,1983,2022,226,8,4722547.59041788,True
harveststat_africa_v1.2,Mauritania,HV1:MR:Adrar,Adrar,1,13,1998,2015,24,3,5932.68,True
harveststat_africa_v1.2,Mauritania,HV1:MR:Assaba,Assaba,1,24,1989,2016,99,5,557479.35939487,True
harveststat_africa_v1.2,Mauritania,HV1:MR:Brakna,Brakna,1,27,1989,2019,184,6,564224.32487822,True
harveststat_africa_v1.2,Mauritania,HV1:MR:Gorgol,Gorgol,1,27,1989,2019,206,6,771940.3490927833,True
harveststat_africa_v1.2,Mauritania,HV1:MR:Guidimaka,Guidimaka,1,27,1989,2019,130,6,506528.68053984,True
harveststat_africa_v1.2,Mauritania,HV1:MR:Hodh ech Chargui,Hodh ech Chargui,1,24,1989,2016,87,5,1517088.43045455,True
harveststat_africa_v1.2,Mauritania,HV1:MR:Hodh el Gharbi,Hodh el Gharbi,1,24,1989,2016,106,5,370619.44352885,True
harveststat_africa_v1.2,Mauritania,HV1:MR:Inchiri,Inchiri,1,6,2005,2015,11,3,2306.0,True
harveststat_africa_v1.2,Mauritania,HV1:MR:Tagant,Tagant,1,20,1992,2016,58,4,95796.41143744,True
harveststat_africa_v1.2,Mauritania,HV1:MR:Trarza,Trarza,1,27,1989,2019,80,6,512554.91,True
harveststat_africa_v1.2,Mozambique,HV1:MZ:Cabo Delgado,Cabo Delgado,1,21,1998,2021,217,18,9043391.80828745,True
harveststat_africa_v1.2,Mozambique,HV1:MZ:Gaza,Gaza,1,22,1998,2021,202,18,5942248.60911977,True
harveststat_africa_v1.2,Mozambique,HV1:MZ:Inhambane,Inhambane,1,22,1998,2021,212,17,6165184.45048369,True
harveststat_africa_v1.2,Mozambique,HV1:MZ:Manica,Manica,1,22,1998,2021,227,22,7118386.06532492,True
harveststat_africa_v1.2,Mozambique,HV1:MZ:Maputo,Maputo,1,21,1998,2021,202,21,2146111.33390195,True
harveststat_africa_v1.2,Mozambique,HV1:MZ:Nampula,Nampula,1,22,1998,2021,232,24,18532097.47134266,True
harveststat_africa_v1.2,Mozambique,HV1:MZ:Niassa,Niassa,1,23,1998,2021,231,20,6187310.096904,True
harveststat_africa_v1.2,Mozambique,HV1:MZ:Sofala,Sofala,1,22,1998,2021,218,19,7013788.86145937,True
harveststat_africa_v1.2,Mozambique,HV1:MZ:Tete,Tete,1,22,1999,2021,225,21,8921376.33078883,True
harveststat_africa_v1.2,Mozambique,HV1:MZ:Zambezia,Zambezia,1,23,1998,2021,236,24,19724054.76345553,True
harveststat_africa_v1.2,Niger,HV1:NE:Agadez,Agadez,1,36,1980,2017,988,25,94536.36167244037,True
harveststat_africa_v1.2,Niger,HV1:NE:Diffa,Diffa,1,38,1980,2017,1198,26,5055816.88651952,True
harveststat_africa_v1.2,Niger,HV1:NE:Dosso,Dosso,1,38,1980,2017,3037,33,62876663.198,True
harveststat_africa_v1.2,Niger,HV1:NE:Maradi,Maradi,1,38,1980,2017,2108,33,107429276.94379856,True
harveststat_africa_v1.2,Niger,HV1:NE:Tahoua,Tahoua,1,38,1980,2017,3404,30,69018725.03220701,True
harveststat_africa_v1.2,Niger,HV1:NE:Tillaberi,Tillaberi,1,38,1980,2017,3752,32,68270630.8213238,True
harveststat_africa_v1.2,Niger,HV1:NE:Zinder,Zinder,1,43,1980,2022,3008,32,105515551.62814799,True
harveststat_africa_v1.2,Nigeria,HV1:NG:Abia,Abia,1,25,1999,2023,204,13,10349656.02,True
harveststat_africa_v1.2,Nigeria,HV1:NG:Adamawa,Adamawa,1,25,1999,2023,299,17,21621986.71,True
harveststat_africa_v1.2,Nigeria,HV1:NG:Akwa Ibom,Akwa Ibom,1,25,1999,2023,176,10,12489778.15,True
harveststat_africa_v1.2,Nigeria,HV1:NG:Anambra,Anambra,1,25,1999,2023,177,11,10501776.3,True
harveststat_africa_v1.2,Nigeria,HV1:NG:Bauchi,Bauchi,1,25,1999,2023,308,18,39201696.59,True
harveststat_africa_v1.2,Nigeria,HV1:NG:Bayelsa,Bayelsa,1,25,1999,2023,158,10,12433025.27,True
harveststat_africa_v1.2,Nigeria,HV1:NG:Benue,Benue,1,25,1999,2023,313,17,36822722.37,True
harveststat_africa_v1.2,Nigeria,HV1:NG:Borno,Borno,1,25,1999,2023,247,15,44398374.04,True
harveststat_africa_v1.2,Nigeria,HV1:NG:Cross River,Cross River,1,25,1999,2023,202,11,18977636.18,True
harveststat_africa_v1.2,Nigeria,HV1:NG:Delta,Delta,1,25,1999,2023,179,11,10646502.56,True
harveststat_africa_v1.2,Nigeria,HV1:NG:Ebonyi,Ebonyi,1,25,1999,2023,217,16,12688364.8,True
harveststat_africa_v1.2,Nigeria,HV1:NG:Edo,Edo,1,25,1999,2023,200,11,12704407.54,True
harveststat_africa_v1.2,Nigeria,HV1:NG:Ekiti,Ekiti,1,25,1999,2023,216,13,15273243.75,True
harveststat_africa_v1.2,Nigeria,HV1:NG:Enugu,Enugu,1,25,1999,2023,239,15,16551856.62,True
harveststat_africa_v1.2,Nigeria,HV1:NG:Federal Capital Territory,Federal Capital Territory,1,25,1999,2023,260,16,21929779.03,True
harveststat_africa_v1.2,Nigeria,HV1:NG:Gombe,Gombe,1,25,1999,2023,273,15,25703244.34,True
harveststat_africa_v1.2,Nigeria,HV1:NG:Imo,Imo,1,25,1999,2023,209,13,13981223.67,True
harveststat_africa_v1.2,Nigeria,HV1:NG:Jigawa,Jigawa,1,25,1999,2023,243,14,23668874.68,True
harveststat_africa_v1.2,Nigeria,HV1:NG:Kaduna,Kaduna,1,25,1999,2023,320,17,46453165.49,True
harveststat_africa_v1.2,Nigeria,HV1:NG:Kano,Kano,1,25,1999,2023,261,15,34286068.03,True
harveststat_africa_v1.2,Nigeria,HV1:NG:Katsina,Katsina,1,25,1999,2023,281,16,30302116.45,True
harveststat_africa_v1.2,Nigeria,HV1:NG:Kebbi,Kebbi,1,25,1999,2023,277,16,24346713.26,True
harveststat_africa_v1.2,Nigeria,HV1:NG:Kogi,Kogi,1,25,1999,2023,284,15,29913278.62,True
harveststat_africa_v1.2,Nigeria,HV1:NG:Kwara,Kwara,1,25,1999,2023,275,16,23563047.52,True
harveststat_africa_v1.2,Nigeria,HV1:NG:Lagos,Lagos,1,25,1999,2023,232,15,9641117.83,True
harveststat_africa_v1.2,Nigeria,HV1:NG:Nasarawa,Nasarawa,1,25,1999,2023,308,16,23055656.32,True
harveststat_africa_v1.2,Nigeria,HV1:NG:Niger,Niger,1,25,1999,2023,293,16,53017003.77,True
harveststat_africa_v1.2,Nigeria,HV1:NG:Ogun,Ogun,1,25,1999,2023,211,14,14028609.57,True
harveststat_africa_v1.2,Nigeria,HV1:NG:Ondo,Ondo,1,25,1999,2023,222,14,15415678.42,True
harveststat_africa_v1.2,Nigeria,HV1:NG:Osun,Osun,1,25,1999,2023,203,12,12146730.13,True
harveststat_africa_v1.2,Nigeria,HV1:NG:Oyo,Oyo,1,25,1999,2023,260,15,17475298.806,True
harveststat_africa_v1.2,Nigeria,HV1:NG:Plateau,Plateau,1,25,1999,2023,311,17,28588838.25,True
harveststat_africa_v1.2,Nigeria,HV1:NG:Rivers,Rivers,1,25,1999,2023,166,9,21282343.75,True
harveststat_africa_v1.2,Nigeria,HV1:NG:Sokoto,Sokoto,1,25,1999,2023,262,13,26929809.26,True
harveststat_africa_v1.2,Nigeria,HV1:NG:Taraba,Taraba,1,25,1999,2023,309,17,40445898.57,True
harveststat_africa_v1.2,Nigeria,HV1:NG:Yobe,Yobe,1,25,1999,2023,241,12,21950543.01,True
harveststat_africa_v1.2,Nigeria,HV1:NG:Zamfara,Zamfara,1,25,1999,2023,275,15,31315593.292,True
harveststat_africa_v1.2,Rwanda,HV1:RW:Eastern,Eastern,1,7,2009,2017,537,17,2449519.7544,True
harveststat_africa_v1.2,Rwanda,HV1:RW:Kigali,Kigali,1,7,2009,2017,133,16,141528.673089,True
harveststat_africa_v1.2,Rwanda,HV1:RW:Northern,Northern,1,7,2009,2017,368,14,1259644.83863,True
harveststat_africa_v1.2,Rwanda,HV1:RW:Southern,Southern,1,7,2009,2017,599,16,1918533.365646,True
harveststat_africa_v1.2,Rwanda,HV1:RW:Western,Western,1,7,2009,2017,498,16,1637748.991464,True
harveststat_africa_v1.2,Senegal,HV1:SN:Dakar,Dakar,1,55,1960,2015,238,8,323114.67018767,True
harveststat_africa_v1.2,Senegal,HV1:SN:Diourbel,Diourbel,1,53,1960,2015,569,7,13131387.62297152,True
harveststat_africa_v1.2,Senegal,HV1:SN:Fatick,Fatick,1,53,1960,2015,717,8,13737843.656205088,True
harveststat_africa_v1.2,Senegal,HV1:SN:Kaffrine,Kaffrine,1,52,1960,2015,910,8,14171318.88125016,True
harveststat_africa_v1.2,Senegal,HV1:SN:Kaolack,Kaolack,1,56,1960,2015,691,9,15486234.246530421,True
harveststat_africa_v1.2,Senegal,HV1:SN:Kedougou,Kedougou,1,54,1960,2015,685,9,1222504.35974,True
harveststat_africa_v1.2,Senegal,HV1:SN:Kolda,Kolda,1,56,1960,2015,924,9,6663534.03590531,True
harveststat_africa_v1.2,Senegal,HV1:SN:Louga,Louga,1,55,1960,2015,562,8,14681005.445908178,True
harveststat_africa_v1.2,Senegal,HV1:SN:Matam,Matam,1,53,1960,2015,641,6,2596908.821793873,True
harveststat_africa_v1.2,Senegal,HV1:SN:Saint-Louis,Saint-Louis,1,56,1960,2015,639,7,2993368.42614911,True
harveststat_africa_v1.2,Senegal,HV1:SN:Sedhiou,Sedhiou,1,56,1960,2015,854,9,4731710.29259132,True
harveststat_africa_v1.2,Senegal,HV1:SN:Tambacounda,Tambacounda,1,55,1960,2015,1107,8,6965797.9024139205,True
harveststat_africa_v1.2,Senegal,HV1:SN:Thies,Thies,1,56,1960,2015,649,7,12766957.08946451,True
harveststat_africa_v1.2,Senegal,HV1:SN:Ziguinchor,Ziguinchor,1,56,1960,2015,777,9,3972619.22558019,True
harveststat_africa_v1.2,Sierra Leone,HV1:SL:Eastern,Eastern,1,4,1986,2004,45,9,436464.775,True
harveststat_africa_v1.2,Sierra Leone,HV1:SL:Northern,Northern,1,4,1986,2004,80,9,967903.245,True
harveststat_africa_v1.2,Sierra Leone,HV1:SL:Southern,Southern,1,4,1986,2004,58,9,605434.335,True
harveststat_africa_v1.2,Sierra Leone,HV1:SL:Western Area,Western Area,1,3,2002,2004,12,8,29371.44,True
harveststat_africa_v1.2,Somalia,HV1:SO:Awdal,Awdal,1,28,1998,2025,62,4,290022.0,True
harveststat_africa_v1.2,Somalia,HV1:SO:Bakool,Bakool,1,31,1995,2025,569,3,731426.0,True
harveststat_africa_v1.2,Somalia,HV1:SO:Bay,Bay,1,31,1995,2025,809,6,7179954.75,True
harveststat_africa_v1.2,Somalia,HV1:SO:Galgaduud,Galgaduud,1,18,2006,2025,102,2,312240.0,True
harveststat_africa_v1.2,Somalia,HV1:SO:Gedo,Gedo,1,31,1995,2025,1168,7,854538.7815826704,True
harveststat_africa_v1.2,Somalia,HV1:SO:Hiiraan,Hiiraan,1,31,1995,2025,972,8,819461.0,True
harveststat_africa_v1.2,Somalia,HV1:SO:Lower Juba,Lower Juba,1,31,1995,2025,772,4,693723.2,True
harveststat_africa_v1.2,Somalia,HV1:SO:Lower Shabelle,Lower Shabelle,1,31,1995,2025,1137,5,5229229.348217143,True
harveststat_africa_v1.2,Somalia,HV1:SO:Middle Juba,Middle Juba,1,31,1995,2025,780,4,1616287.0,True
harveststat_africa_v1.2,Somalia,HV1:SO:Middle Shabelle,Middle Shabelle,1,31,1995,2025,666,5,2287260.840040445,True
harveststat_africa_v1.2,Somalia,HV1:SO:Mudug,Mudug,1,17,2009,2025,97,2,229063.0,True
harveststat_africa_v1.2,Somalia,HV1:SO:Togdheer,Togdheer,1,26,1999,2025,137,6,117100.0,True
harveststat_africa_v1.2,Somalia,HV1:SO:Woqooyi Galbeed,Woqooyi Galbeed,1,28,1998,2025,128,5,930415.0,True
harveststat_africa_v1.2,South Africa,HV1:ZA:Eastern Cape,Eastern Cape,1,47,1979,2025,217,9,2172894.0,True
harveststat_africa_v1.2,South Africa,HV1:ZA:Free State,Free State,1,47,1979,2025,352,10,83672937.61,True
harveststat_africa_v1.2,South Africa,HV1:ZA:Gauteng,Gauteng,1,47,1979,2025,296,9,6178138.08,True
harveststat_africa_v1.2,South Africa,HV1:ZA:Kwazulu-Natal,Kwazulu-Natal,1,47,1979,2025,279,10,5006577.0,True
harveststat_africa_v1.2,South Africa,HV1:ZA:Limpopo,Limpopo,1,47,1979,2025,332,9,6977323.67,True
harveststat_africa_v1.2,South Africa,HV1:ZA:Mpumalanga,Mpumalanga,1,47,1979,2025,304,9,29765875.04,True
harveststat_africa_v1.2,South Africa,HV1:ZA:North West,North West,1,47,1979,2025,350,9,48604800.24,True
harveststat_africa_v1.2,South Africa,HV1:ZA:Northern Cape,Northern Cape,1,47,1979,2025,320,10,5083684.66,True
harveststat_africa_v1.2,South Africa,HV1:ZA:Western Cape,Western Cape,1,47,1979,2025,246,10,23317642.75,True
harveststat_africa_v1.2,South Sudan,HV1:SS:Central Equatoria,Central Equatoria,1,9,2013,2022,9,1,966839.0,True
harveststat_africa_v1.2,South Sudan,HV1:SS:Eastern Equatoria,Eastern Equatoria,1,9,2013,2022,9,1,1156066.0,True
harveststat_africa_v1.2,South Sudan,HV1:SS:Jonglei,Jonglei,1,9,2013,2022,9,1,535214.0,True
harveststat_africa_v1.2,South Sudan,HV1:SS:Lakes,Lakes,1,9,2013,2022,9,1,1115912.0,True
harveststat_africa_v1.2,South Sudan,HV1:SS:Northern Bahr el Ghazal,Northern Bahr el Ghazal,1,9,2013,2022,9,1,1341377.0,True
harveststat_africa_v1.2,South Sudan,HV1:SS:Unity,Unity,1,9,2013,2022,9,1,186330.0,True
harveststat_africa_v1.2,South Sudan,HV1:SS:Upper Nile,Upper Nile,1,29,1990,2022,66,4,4465279.0,True
harveststat_africa_v1.2,South Sudan,HV1:SS:Warrap,Warrap,1,47,1975,2022,181,7,2020416.5291596917,True
harveststat_africa_v1.2,South Sudan,HV1:SS:Western Bahr el Ghazal,Western Bahr el Ghazal,1,9,2013,2022,9,1,518468.0,True
harveststat_africa_v1.2,South Sudan,HV1:SS:Western Equatoria,Western Equatoria,1,9,2013,2022,9,1,1225986.0,True
harveststat_africa_v1.2,Sudan,HV1:SD:Blue Nile,Blue Nile,1,45,1975,2023,305,10,25166329.473734446,True
harveststat_africa_v1.2,Sudan,HV1:SD:Central Darfur,Central Darfur,1,49,1975,2023,178,6,13963033.427114872,True
harveststat_africa_v1.2,Sudan,HV1:SD:East Darfur,East Darfur,1,49,1975,2023,180,5,38035009.40094659,True
harveststat_africa_v1.2,Sudan,HV1:SD:Gedaref,Gedaref,1,34,1990,2023,201,9,90345000.0,True
harveststat_africa_v1.2,Sudan,HV1:SD:Gezira,Gezira,1,49,1975,2023,375,10,25815238.13137222,True
harveststat_africa_v1.2,Sudan,HV1:SD:Kassala,Kassala,1,33,1991,2023,132,8,20020790.0,True
harveststat_africa_v1.2,Sudan,HV1:SD:Khartoum,Khartoum,1,29,1990,2023,41,2,1146140.0,True
harveststat_africa_v1.2,Sudan,HV1:SD:North Darfur,North Darfur,1,49,1975,2023,166,4,34878254.19243986,True
harveststat_africa_v1.2,Sudan,HV1:SD:North Kordofan,North Kordofan,1,49,1975,2023,227,8,58659417.72826148,True
harveststat_africa_v1.2,Sudan,HV1:SD:Northern,Northern,1,48,1975,2023,99,2,2226570.0,True
harveststat_africa_v1.2,Sudan,HV1:SD:Red Sea,Red Sea,1,33,1991,2023,81,2,823940.0,True
harveststat_africa_v1.2,Sudan,HV1:SD:River Nile,River Nile,1,48,1975,2023,130,3,3638810.0,True
harveststat_africa_v1.2,Sudan,HV1:SD:Sinnar,Sinnar,1,45,1975,2023,282,10,49256119.529996075,True
harveststat_africa_v1.2,Sudan,HV1:SD:South Darfur,South Darfur,1,49,1975,2023,209,5,53585632.41269667,True
harveststat_africa_v1.2,Sudan,HV1:SD:South Kordofan,South Kordofan,1,49,1975,2023,314,8,40533704.48216172,True
harveststat_africa_v1.2,Sudan,HV1:SD:West Darfur,West Darfur,1,49,1975,2023,186,6,16095390.566802014,True
harveststat_africa_v1.2,Sudan,HV1:SD:West Kordofan,West Kordofan,1,49,1975,2023,244,7,61796038.28367292,True
harveststat_africa_v1.2,Sudan,HV1:SD:White Nile,White Nile,1,49,1975,2023,382,9,36503552.86862778,True
harveststat_africa_v1.2,"Tanzania, United Republic of",HV1:TZ:Arusha,Arusha,1,25,1990,2015,260,21,2809464.3985244078,True
harveststat_africa_v1.2,"Tanzania, United Republic of",HV1:TZ:Dar es Salaam,Dar es Salaam,1,25,1991,2015,161,16,416909.70405539725,True
harveststat_africa_v1.2,"Tanzania, United Republic of",HV1:TZ:Dodoma,Dodoma,1,24,1991,2015,242,20,9575045.257388925,True
harveststat_africa_v1.2,"Tanzania, United Republic of",HV1:TZ:Geita,Geita,1,24,1991,2015,308,25,7402822.354276543,True
harveststat_africa_v1.2,"Tanzania, United Republic of",HV1:TZ:Iringa,Iringa,1,24,1991,2015,257,20,5503146.66931187,True
harveststat_africa_v1.2,"Tanzania, United Republic of",HV1:TZ:Kagera,Kagera,1,24,1991,2015,247,23,8177057.672905561,True
harveststat_africa_v1.2,"Tanzania, United Republic of",HV1:TZ:Katavi,Katavi,1,25,1990,2015,227,17,3910031.1360559165,True
harveststat_africa_v1.2,"Tanzania, United Republic of",HV1:TZ:Kigoma,Kigoma,1,24,1991,2015,226,20,6387411.16616356,True
harveststat_africa_v1.2,"Tanzania, United Republic of",HV1:TZ:Kilimanjaro,Kilimanjaro,1,25,1990,2015,290,22,4946994.46539466,True
harveststat_africa_v1.2,"Tanzania, United Republic of",HV1:TZ:Lindi,Lindi,1,23,1991,2015,187,21,4567815.51059587,True
harveststat_africa_v1.2,"Tanzania, United Republic of",HV1:TZ:Manyara,Manyara,1,25,1990,2015,306,23,6316698.524087412,True
harveststat_africa_v1.2,"Tanzania, United Republic of",HV1:TZ:Mara,Mara,1,24,1991,2015,266,22,4232184.66451253,True
harveststat_africa_v1.2,"Tanzania, United Republic of",HV1:TZ:Mbeya,Mbeya,1,25,1990,2015,296,23,11652127.51415818,True
harveststat_africa_v1.2,"Tanzania, United Republic of",HV1:TZ:Morogoro,Morogoro,1,24,1991,2015,259,25,8186895.62140753,True
harveststat_africa_v1.2,"Tanzania, United Republic of",HV1:TZ:Mtwara,Mtwara,1,23,1991,2015,209,23,6644018.77459291,True
harveststat_africa_v1.2,"Tanzania, United Republic of",HV1:TZ:Mwanza,Mwanza,1,23,1991,2015,240,21,7571993.969403048,True
harveststat_africa_v1.2,"Tanzania, United Republic of",HV1:TZ:Njombe,Njombe,1,25,1990,2015,244,19,5445629.95872336,True
harveststat_africa_v1.2,"Tanzania, United Republic of",HV1:TZ:Pemba North,Pemba North,1,4,2007,2015,28,11,32470.0,True
harveststat_africa_v1.2,"Tanzania, United Republic of",HV1:TZ:Pemba South,Pemba South,1,4,2007,2015,25,10,38834.0,True
harveststat_africa_v1.2,"Tanzania, United Republic of",HV1:TZ:Pwani,Pwani,1,24,1991,2015,189,21,3359414.2010956528,True
harveststat_africa_v1.2,"Tanzania, United Republic of",HV1:TZ:Rukwa,Rukwa,1,24,1991,2015,212,18,4311620.430541014,True
harveststat_africa_v1.2,"Tanzania, United Republic of",HV1:TZ:Ruvuma,Ruvuma,1,24,1991,2015,258,20,6232482.86420161,True
harveststat_africa_v1.2,"Tanzania, United Republic of",HV1:TZ:Shinyanga,Shinyanga,1,24,1991,2015,221,23,7948398.274827906,True
harveststat_africa_v1.2,"Tanzania, United Republic of",HV1:TZ:Simiyu,Simiyu,1,24,1991,2015,221,24,7109669.994104364,True
harveststat_africa_v1.2,"Tanzania, United Republic of",HV1:TZ:Singida,Singida,1,24,1991,2015,230,22,5709081.5033635,True
harveststat_africa_v1.2,"Tanzania, United Republic of",HV1:TZ:Tabora,Tabora,1,24,1991,2015,220,22,8173578.15217576,True
harveststat_africa_v1.2,"Tanzania, United Republic of",HV1:TZ:Tanga,Tanga,1,24,1991,2015,278,23,6609375.5221026,True
harveststat_africa_v1.2,"Tanzania, United Republic of",HV1:TZ:Zanzibar Central/South,Zanzibar Central/South,1,4,2007,2015,23,12,16779.0,True
harveststat_africa_v1.2,"Tanzania, United Republic of",HV1:TZ:Zanzibar North,Zanzibar North,1,4,2007,2015,28,14,32846.0,True
harveststat_africa_v1.2,"Tanzania, United Republic of",HV1:TZ:Zanzibar Urban/West,Zanzibar Urban/West,1,4,2007,2015,25,12,16372.6,True
harveststat_africa_v1.2,Togo,HV1:TG:Centrale,Centrale,1,21,1995,2015,293,10,2433992.9,True
harveststat_africa_v1.2,Togo,HV1:TG:Kara,Kara,1,19,1995,2015,436,10,1861275.0,True
harveststat_africa_v1.2,Togo,HV1:TG:Maritime,Maritime,1,21,1995,2015,474,10,4243099.845079168,True
harveststat_africa_v1.2,Togo,HV1:TG:Plateaux,Plateaux,1,21,1995,2015,796,9,6676665.571907715,True
harveststat_africa_v1.2,Togo,HV1:TG:Savanes,Savanes,1,18,1995,2012,270,3,2768445.0,True
harveststat_africa_v1.2,Uganda,HV1:UG:Central,Central,1,2,2008,2009,301,14,860622.0,True
harveststat_africa_v1.2,Uganda,HV1:UG:Eastern,Eastern,1,2,2008,2009,546,15,1454754.0,True
harveststat_africa_v1.2,Uganda,HV1:UG:Northern,Northern,1,2,2008,2009,518,15,1516688.0,True
harveststat_africa_v1.2,Uganda,HV1:UG:Western,Western,1,2,2008,2009,413,15,1352936.0,True
harveststat_africa_v1.2,Zambia,HV1:ZM:Central,Central,1,34,1979,2016,1425,17,6698821.158088835,True
harveststat_africa_v1.2,Zambia,HV1:ZM:Copperbelt,Copperbelt,1,34,1979,2016,1953,18,2048764.1179249152,True
harveststat_africa_v1.2,Zambia,HV1:ZM:Eastern,Eastern,1,34,1979,2016,1414,16,10175313.87440224,True
harveststat_africa_v1.2,Zambia,HV1:ZM:Luapula,Luapula,1,34,1979,2016,1331,16,1112255.49323758,True
harveststat_africa_v1.2,Zambia,HV1:ZM:Lusaka,Lusaka,1,34,1979,2016,759,16,1370161.70468442,True
harveststat_africa_v1.2,Zambia,HV1:ZM:Muchinga,Muchinga,1,34,1979,2016,1325,18,2288432.45378235,True
harveststat_africa_v1.2,Zambia,HV1:ZM:North-Western,North-Western,1,34,1979,2016,1336,18,1387688.89665028,True
harveststat_africa_v1.2,Zambia,HV1:ZM:Northern,Northern,1,34,1979,2016,1561,18,3079346.57378519,True
harveststat_africa_v1.2,Zambia,HV1:ZM:Southern,Southern,1,34,1979,2016,1946,18,7752093.57549032,True
harveststat_africa_v1.2,Zambia,HV1:ZM:Western,Western,1,34,1979,2016,1146,15,2736388.59431096,True
harveststat_africa_v1.2,Zimbabwe,HV1:ZW:Manicaland,Manicaland,1,40,1980,2022,257,14,12509172.84,True
harveststat_africa_v1.2,Zimbabwe,HV1:ZW:Mashonaland Central,Mashonaland Central,1,40,1980,2022,260,14,8224695.2,True
harveststat_africa_v1.2,Zimbabwe,HV1:ZW:Mashonaland East,Mashonaland East,1,40,1980,2022,265,14,11686927.78742616,True
harveststat_africa_v1.2,Zimbabwe,HV1:ZW:Mashonaland West,Mashonaland West,1,40,1980,2022,258,13,9181090.1,True
harveststat_africa_v1.2,Zimbabwe,HV1:ZW:Masvingo,Masvingo,1,40,1980,2022,257,14,14596832.52,True
harveststat_africa_v1.2,Zimbabwe,HV1:ZW:Matabeleland North,Matabeleland North,1,40,1980,2022,241,14,5917199.265330859,True
harveststat_africa_v1.2,Zimbabwe,HV1:ZW:Matabeleland South,Matabeleland South,1,40,1980,2022,244,13,5841456.91,True
harveststat_africa_v1.2,Zimbabwe,HV1:ZW:Midlands,Midlands,1,40,1980,2022,263,13,15432010.96,True
ibge_pam,Brazil,BR:Acre,Acre,1,2,2002,2016,53,48,316981.0,True
ibge_pam,Brazil,BR:Alagoas,Alagoas,1,2,2002,2016,51,46,1471317.0,True
ibge_pam,Brazil,BR:Amapa,Amapa,1,1,2016,2016,14,14,72464.0,False
ibge_pam,Brazil,BR:Amazonas,Amazonas,1,2,2002,2016,65,58,436204.0,True
ibge_pam,Brazil,BR:Bahia,Bahia,1,2,2002,2016,87,77,12551146.0,True
ibge_pam,Brazil,BR:Ceara,Ceara,1,1,2016,2016,33,33,2871146.0,False
ibge_pam,Brazil,BR:Distrito Federal,Distrito Federal,1,2,2002,2016,60,52,422336.0,True
ibge_pam,Brazil,BR:Espirito Santo,Espirito Santo,1,1,2016,2016,33,33,1227576.0,False
ibge_pam,Brazil,BR:Goias,Goias,1,1,2016,2016,35,35,12098594.0,False
ibge_pam,Brazil,BR:Maranhao,Maranhao,1,1,2016,2016,29,29,3168676.0,False
ibge_pam,Brazil,BR:Mato Grosso,Mato Grosso,1,2,2002,2016,69,62,34304947.0,True
ibge_pam,Brazil,BR:Mato Grosso do Sul,Mato Grosso do Sul,1,2,2002,2016,66,59,11833257.0,True
ibge_pam,Brazil,BR:Minas Gerais,Minas Gerais,1,2,2002,2016,90,81,14893310.0,True
ibge_pam,Brazil,BR:Para,Para,1,1,2016,2016,37,37,2964986.0,False
ibge_pam,Brazil,BR:Paraiba,Paraiba,1,1,2016,2016,32,32,664724.0,False
ibge_pam,Brazil,BR:Parana,Parana,1,1,2016,2016,49,49,21408582.0,False
ibge_pam,Brazil,BR:Pernambuco,Pernambuco,1,2,2002,2016,68,60,2110792.0,True
ibge_pam,Brazil,BR:Piaui,Piaui,1,1,2016,2016,28,28,2687186.0,False
ibge_pam,Brazil,BR:Rio Grande do Norte,Rio Grande do Norte,1,2,2002,2016,55,48,881978.0,True
ibge_pam,Brazil,BR:Rio Grande do Sul,Rio Grande do Sul,1,2,2002,2016,91,81,25141448.0,True
ibge_pam,Brazil,BR:Rio de Janeiro,Rio de Janeiro,1,2,2002,2016,58,52,503032.0,True
ibge_pam,Brazil,BR:Rondonia,Rondonia,1,2,2002,2016,30,30,1269630.0,True
ibge_pam,Brazil,BR:Roraima,Roraima,1,2,2002,2016,38,32,163362.0,True
ibge_pam,Brazil,BR:Santa Catarina,Santa Catarina,1,2,2002,2016,75,65,4829413.0,True
ibge_pam,Brazil,BR:Sao Paulo,Sao Paulo,1,1,2016,2016,50,50,17248536.0,False
ibge_pam,Brazil,BR:Sergipe,Sergipe,1,2,2002,2016,44,38,800410.0,True
ibge_pam,Brazil,BR:Tocantins,Tocantins,1,2,2002,2016,49,45,2745590.0,True
statcan_32100359,Canada,CA:Alberta,Alberta,1,119,1908,2026,4209,41,858390645.3789262,True
statcan_32100359,Canada,CA:British Columbia,British Columbia,1,119,1908,2026,2446,40,32915512.99645457,True
statcan_32100359,Canada,CA:Manitoba,Manitoba,1,119,1908,2026,4208,41,447153059.0650183,True
statcan_32100359,Canada,CA:New Brunswick,New Brunswick,1,119,1908,2026,1785,40,6402149.923521594,True
statcan_32100359,Canada,CA:Newfoundland and Labrador,Newfoundland and Labrador,1,119,1908,2026,466,40,219518.893703406,True
statcan_32100359,Canada,CA:Nova Scotia,Nova Scotia,1,119,1908,2026,1786,40,5449032.276054984,True
statcan_32100359,Canada,CA:Ontario,Ontario,1,119,1908,2026,2666,40,240508644.98331982,True
statcan_32100359,Canada,CA:Prince Edward Island,Prince Edward Island,1,119,1908,2026,1786,40,8068183.650960072,True
statcan_32100359,Canada,CA:Quebec,Quebec,1,119,1908,2026,2666,40,108206568.89536671,True
statcan_32100359,Canada,CA:Saskatchewan,Saskatchewan,1,119,1908,2026,4214,44,1490860530.0061886,True
usda_census_qs,United States,US:01,Alabama,1,2,2002,2022,123,76,3688398.828256944,True
usda_census_qs,United States,US:02,Alaska,1,2,2002,2022,88,56,56212.454416368004,True
usda_census_qs,United States,US:04,Arizona,1,2,2002,2022,118,68,3025331.520980994,True
usda_census_qs,United States,US:05,Arkansas,1,2,2002,2022,116,71,13422454.737084337,True
usda_census_qs,United States,US:06,California,1,2,2002,2022,162,93,16351431.011390772,True
usda_census_qs,United States,US:08,Colorado,1,2,2002,2022,132,80,10094220.869294047,True
usda_census_qs,United States,US:09,Connecticut,1,2,2002,2022,121,75,332044.16457535804,True
usda_census_qs,United States,US:10,Delaware,1,2,2002,2022,99,61,598857.85988802,True
usda_census_qs,United States,US:12,Florida,1,2,2002,2022,130,79,2598078.988840506,True
usda_census_qs,United States,US:13,Georgia,1,2,2002,2022,132,79,5908564.963115244,True
usda_census_qs,United States,US:15,Hawaii,1,2,2002,2022,106,62,25923.757540878003,True
usda_census_qs,United States,US:16,Idaho,1,2,2002,2022,136,82,11149941.705062052,True
usda_census_qs,United States,US:17,Illinois,1,2,2002,2022,139,82,20337175.44790671,True
usda_census_qs,United States,US:18,Indiana,1,2,2002,2022,126,76,11486946.101551404,True
usda_census_qs,United States,US:19,Iowa,1,2,2002,2022,132,78,21873387.235448513,True
usda_census_qs,United States,US:20,Kansas,1,2,2002,2022,133,79,30191255.047866672,True
usda_census_qs,United States,US:21,Kentucky,1,2,2002,2022,127,78,8406435.288598068,True
usda_census_qs,United States,US:22,Louisiana,1,2,2002,2022,114,70,4693701.498630738,True
usda_census_qs,United States,US:23,Maine,1,2,2002,2022,123,76,776287.423395216,True
usda_census_qs,United States,US:24,Maryland,1,2,2002,2022,133,78,1792277.84157423,True
usda_census_qs,United States,US:25,Massachusetts,1,2,2002,2022,125,75,357830.733683598,True
usda_census_qs,United States,US:26,Michigan,1,2,2002,2022,138,84,9839158.840339422,True
usda_census_qs,United States,US:27,Minnesota,1,2,2002,2022,143,86,21194416.591813248,True
usda_census_qs,United States,US:28,Mississippi,1,2,2002,2022,115,72,6703120.301075982,True
usda_census_qs,United States,US:29,Missouri,1,2,2002,2022,138,83,19127627.529329874,True
usda_census_qs,United States,US:30,Montana,1,2,2002,2022,138,84,18964169.737612728,True
usda_census_qs,United States,US:31,Nebraska,1,2,2002,2022,132,78,26694410.12139401,True
usda_census_qs,United States,US:32,Nevada,1,2,2002,2022,104,63,2293953.682021086,True
usda_census_qs,United States,US:33,New Hampshire,1,2,2002,2022,112,72,265564.43073580804,True
usda_census_qs,United States,US:34,New Jersey,1,2,2002,2022,129,78,705529.352948442,True
usda_census_qs,United States,US:35,New Mexico,1,2,2002,2022,136,81,2108432.4291021,True
usda_census_qs,United States,US:36,New York,1,2,2002,2022,144,87,7080320.908328268,True
usda_census_qs,United States,US:37,North Carolina,1,2,2002,2022,138,83,8578172.13917925,True
usda_census_qs,United States,US:38,North Dakota,1,2,2002,2022,126,78,27899280.683320608,True
usda_census_qs,United States,US:39,Ohio,1,2,2002,2022,134,80,10986061.42153466,True
usda_census_qs,United States,US:40,Oklahoma,1,2,2002,2022,126,74,13892596.258249626,True
usda_census_qs,United States,US:41,Oregon,1,2,2002,2022,153,90,11861875.612980787,True
usda_census_qs,United States,US:42,Pennsylvania,1,2,2002,2022,140,82,7395834.069113568,True
usda_census_qs,United States,US:44,Rhode Island,1,2,2002,2022,93,61,33681.176612376,True
usda_census_qs,United States,US:45,South Carolina,1,2,2002,2022,126,76,2186917.5671972223,True
usda_census_qs,United States,US:46,South Dakota,1,2,2002,2022,124,77,19054055.274928633,True
usda_census_qs,United States,US:47,Tennessee,1,2,2002,2022,130,84,7433076.479375544,True
usda_census_qs,United States,US:48,Texas,1,2,2002,2022,144,85,29072643.230532374,True
usda_census_qs,United States,US:49,Utah,1,2,2002,2022,120,78,3400137.603289566,True
usda_census_qs,United States,US:50,Vermont,1,2,2002,2022,123,73,1020735.3573314641,True
usda_census_qs,United States,US:51,Virginia,1,2,2002,2022,137,83,4952088.020134392,True
usda_census_qs,United States,US:53,Washington,1,2,2002,2022,150,89,9921700.142624311,True
usda_census_qs,United States,US:54,West Virginia,1,2,2002,2022,122,77,1574214.1974394561,True
usda_census_qs,United States,US:55,Wisconsin,1,2,2002,2022,142,87,13864453.20464802,True
usda_census_qs,United States,US:56,Wyoming,1,2,2002,2022,100,66,4504717.7553588,True
