source,country,unit_id,unit_name,y0,y1,gap,jsd,l1,delta_hhi,hhi_baseline,perennial_strict,perennial_broad,n_crops_b,area_baseline,spam_A_ha,spam_I_ha,irr_share_spam,irr_share_reported,irr_share
eurostat_apro_cpshr_2026,BA,BA,BA,2002,2019,17,0.0640012796226333,0.1026986890424358,0.0800909285054508,0.6985098232061804,0.1100543384687433,0.1100543384687433,4,4356030.0,,,,,
eurostat_apro_cpshr_2026,BE,BE,BE,2002,2019,17,0.2256409095783157,0.1971749223199765,-0.1249780451466613,0.7284210305892078,6.706683209818584e-05,6.706683209818584e-05,4,2982100.0,,,,,
eurostat_apro_cpshr_2026,BG,BG,BG,2002,2019,17,0.1745530252879638,0.1209510904042008,-0.0878416019531708,0.957068790010678,0.0582636240620002,0.0582636240620002,4,6503200.0,,,,,
eurostat_apro_cpshr_2026,CH,CH,CH,2005,2019,14,0.0113514039420586,0.0095628388066661,0.0090401766563064,0.9186577953330466,0.0180856842791438,0.0180856842791438,4,2761300.0,0.0,0.0,,,
eurostat_apro_cpshr_2026,CH,CH0,CH0,2005,2019,14,0.0113514039420586,0.0095628388066661,0.0090401766563064,0.9186577953330466,0.0180856842791438,0.0180856842791438,4,2761300.0,0.0,0.0,,,
eurostat_apro_cpshr_2026,CH,CH01,CH01,2005,2019,14,0.01379887870662,0.0130247215378918,0.0119665889289942,0.8760764982774688,0.0603079060076397,0.0603079060076397,4,431950.0,75272.4999628365,12662.499958902597,0.16822212581160875,,0.16822212581160875
eurostat_apro_cpshr_2026,CH,CH02,CH02,2005,2019,14,0.023972004822659,0.0162637138389636,0.0151576996836146,0.8964536248098887,0.0071912267034218,0.0071912267034218,4,834350.0,82504.20005626231,6081.300018116832,0.07370897498514978,,0.07370897498514978
eurostat_apro_cpshr_2026,CH,CH03,CH03,2005,2019,14,0.0235971941985337,0.0240110206908826,0.0218793805172905,0.861359432129771,0.0295890845629065,0.0295890845629065,4,126060.0,22085.799982376397,1788.7999863624573,0.0809932168085308,,0.0809932168085308
eurostat_apro_cpshr_2026,CH,CH04,CH04,2005,2019,14,0.0117786428903116,0.0156380842073477,0.0133699321172003,0.8190865956973202,0.0235536834866328,0.0235536834866328,4,116330.0,25243.10004528612,1362.099999859929,0.05395929966669394,,0.05395929966669394
eurostat_apro_cpshr_2026,CH,CH05,CH05,2005,2019,14,0.0052513017341374,0.0025378011556749,0.0018564017042844,0.9563855025529836,0.0100847956082737,0.0100847956082737,4,816080.0,23533.100009657443,5043.1000004559755,0.2142981586950467,,0.2142981586950467
eurostat_apro_cpshr_2026,CH,CH06,CH06,2005,2019,14,0.0190837674024373,0.0072627104969662,0.0071764014258214,0.9794952596957334,0.00466089868825,0.00466089868825,4,358300.0,11510.400059752166,81.99999831616879,0.007123992032465842,,0.007123992032465842
eurostat_apro_cpshr_2026,CH,CH07,CH07,2005,2019,14,0.0266615378599462,0.0101927119596227,-0.0100748173276209,0.9908246283056756,0.0194373401534526,0.0194373401534526,4,78200.0,6754.600006885827,1094.7999920099974,0.16208213526987947,,0.16208213526987947
eurostat_apro_cpshr_2026,CY,CY,CY,2002,2019,17,0.1695052877440921,0.1092212914288905,0.0112258564649382,0.7046974181375018,0.4739696312364425,0.4739696312364425,4,184400.0,,,,,
eurostat_apro_cpshr_2026,CY,CY0,CY0,2002,2019,17,0.1679721168836043,0.1024522708162658,0.0076553576694428,0.7046974181375018,0.4739696312364425,0.4739696312364425,4,184400.0,0.0,0.0,,,
eurostat_apro_cpshr_2026,CY,CY00,CY00,2002,2019,17,0.1679721168836043,0.1024522708162658,0.0076553576694428,0.7046974181375018,0.4739696312364425,0.4739696312364425,4,184400.0,69543.09993810952,19660.29996651411,0.2827066953301041,,0.2827066953301041
eurostat_apro_cpshr_2026,CZ,CZ,CZ,2002,2019,17,0.0973877144772174,0.1221591444517837,0.1044588971288965,0.7500115388105344,0.0529882090433793,0.0529882090433793,4,5485560.0,,,,,
eurostat_apro_cpshr_2026,DE,DE,DE,2002,2019,17,0.1317744160277114,0.0698625597015771,-0.0174950154772822,0.817588935296419,0.0150865984040549,0.0150865984040549,4,22569700.0,236800.99965778738,500.4000001475215,0.002113166755506412,,0.002113166755506412
eurostat_apro_cpshr_2026,EE,EE,EE,2002,2019,17,0.1290854858741616,0.0681218852837791,0.0350972463847053,0.9189530374924256,0.0,0.0,4,1351800.0,,,,,
eurostat_apro_cpshr_2026,EE,EE0,EE0,2002,2021,19,0.1260790431558205,0.0667340085746824,0.0346147718062376,0.9189530374924256,0.0,0.0,4,1351800.0,0.0,0.0,,,
eurostat_apro_cpshr_2026,EE,EE00,EE00,2002,2021,19,0.1260790431558205,0.0667340085746824,0.0346147718062376,0.9189530374924256,0.0,0.0,4,1351800.0,408540.10010997206,0.10000000149011612,2.447740171973273e-07,,2.447740171973273e-07
eurostat_apro_cpshr_2026,EL,EL,EL,2002,2019,17,0.0952182789641682,0.0921449048941911,0.0827588306790925,0.8190330296672763,0.4780075929967956,0.4780075929967956,4,6890560.0,6838.699968442321,1341.599989682436,0.1961776354970019,,0.1961776354970019
eurostat_apro_cpshr_2026,EL,EL1,EL1,2002,2014,12,0.0973781715480094,0.1632851022946125,0.1166705196045987,0.6768348735729325,0.3778055102236728,0.3778055102236728,3,1562550.0,,,,,
eurostat_apro_cpshr_2026,EL,EL11,EL11,2002,2014,12,0.0769326769391894,0.0905851432459415,0.0799864128702345,0.8124428123923263,0.2595966911904853,0.2595966911904853,3,262330.0,,,,,
eurostat_apro_cpshr_2026,EL,EL12,EL12,2002,2014,12,0.1395703956891218,0.3037398653275723,0.1157142841481392,0.511371080725611,0.6727564039938256,0.6727564039938256,3,511790.0,,,,,
eurostat_apro_cpshr_2026,EL,EL13,EL13,2002,2014,12,0.0654452646403441,0.076046999688278,-0.0659851345204515,0.8956176670769457,0.0585699797160243,0.0585699797160243,3,512720.0,,,,,
eurostat_apro_cpshr_2026,EL,EL14,EL14,2002,2014,12,0.1897242636089353,0.2762647917732705,0.2137425394411208,0.698638155593343,0.5364332088063545,0.5364332088063545,3,275710.0,,,,,
eurostat_apro_cpshr_2026,EL,EL2,EL2,2002,2014,12,0.0345413361431165,0.0451574833313713,0.038872701811127,0.8231771928003772,0.5958990492557585,0.5958990492557585,3,2886160.0,,,,,
eurostat_apro_cpshr_2026,EL,EL21,EL21,2002,2014,12,0.052160787463594,0.0548796904779998,0.0497651527022906,0.873741478289199,0.1548684986106043,0.1548684986106043,3,712540.0,,,,,
eurostat_apro_cpshr_2026,EL,EL22,EL22,2002,2014,12,0.036094068385257,0.0269848103292039,-0.0051262376936528,0.8531037152914359,0.885746254739852,0.885746254739852,3,160870.0,,,,,
eurostat_apro_cpshr_2026,EL,EL23,EL23,2002,2014,12,0.0388788483810038,0.0542912344509407,0.0462323714256501,0.7955346074604008,0.6717101481522686,0.6717101481522686,3,539310.0,,,,,
eurostat_apro_cpshr_2026,EL,EL24,EL24,2002,2014,12,0.0464314333374478,0.0541315753522906,0.0480909676422816,0.839217896141177,0.7203330707775403,0.7203330707775403,3,444350.0,,,,,
eurostat_apro_cpshr_2026,EL,EL25,EL25,2002,2014,12,0.0137108689375108,0.0189147121103435,-0.0151732302048874,0.7977578878411973,0.7472146570933399,0.7472146570933399,3,1050140.0,,,,,
eurostat_apro_cpshr_2026,EL,EL3,EL3,2002,2019,17,0.0734763905096745,0.0585039541413159,0.0551783278495728,0.9121918956510194,0.8208659120084024,0.8208659120084024,4,171380.0,0.0,0.0,,,
eurostat_apro_cpshr_2026,EL,EL30,EL30,2002,2019,17,0.0734763905096745,0.0585039541413159,0.0551783278495728,0.9121918956510194,0.8208659120084024,0.8208659120084024,4,171380.0,0.0,0.0,,,
eurostat_apro_cpshr_2026,EL,EL4,EL4,2002,2019,17,0.0595668554001509,0.0393549337025561,0.0381923782589421,0.9378825524214736,0.4051182862585774,0.4051182862585774,4,2057720.0,0.0,0.0,,,
eurostat_apro_cpshr_2026,EL,EL41,EL41,2002,2019,17,0.0460077666336173,0.0292701907560057,0.0282596693495756,0.9472738953463752,0.3267911585365853,0.3267911585365853,4,472320.0,0.0,0.0,,,
eurostat_apro_cpshr_2026,EL,EL41_42,EL41_42,2002,2014,12,0.076859047512067,0.0909312033197751,0.0807567050988027,0.830199298937791,0.8899222830933877,0.8899222830933877,3,235470.0,,,,,
eurostat_apro_cpshr_2026,EL,EL42,EL42,2002,2019,17,0.0578265553215272,0.0401401657617408,0.0387627371047304,0.933843220085358,0.1960467785909025,0.1960467785909025,4,278760.0,154793.20017921925,15063.799975052476,0.0973156440826318,,0.0973156440826318
eurostat_apro_cpshr_2026,EL,EL43,EL43,2002,2019,17,0.0661338938719919,0.0426288855085679,0.0413610950251277,0.935539847281012,0.4780422470534211,0.4780422470534211,4,1306600.0,4131.799993686378,0.0,0.0,,0.0
eurostat_apro_cpshr_2026,EL,EL5,EL5,2002,2019,17,0.2010613899456948,0.2896520085238676,0.2145181584244379,0.5841224701205207,0.3432356284909297,0.3432356284909297,4,1618480.0,125217.70015704632,93518.1997768879,0.7468448922125119,,0.7468448922125119
eurostat_apro_cpshr_2026,EL,EL51,EL51,2002,2019,17,0.2588580494089132,0.3716707744037386,0.2882889418155256,0.6028182063340126,0.2085150881386316,0.2085150881386316,4,334700.0,794411.7992159352,100818.79993508011,0.12690999810751272,,0.12690999810751272
eurostat_apro_cpshr_2026,EL,EL52,EL52,2002,2019,17,0.1687008244807367,0.1467944124108558,0.0810686748059996,0.524025445490092,0.4180607633881357,0.4180607633881357,4,832080.0,2187467.1005337387,604420.9995500445,0.27631089829994093,,0.27631089829994093
eurostat_apro_cpshr_2026,EL,EL53,EL53,2002,2019,17,0.2598416096651008,0.4327779455838283,0.3200700375237713,0.5372125544670481,0.2093346298096958,0.2093346298096958,4,143980.0,0.0,0.0,,,
eurostat_apro_cpshr_2026,EL,EL54,EL54,2002,2019,17,0.1454360901783785,0.1359799949225893,0.1265923538009982,0.8468177911758643,0.3501234888860002,0.3501234888860002,4,307720.0,0.0,0.0,,,
eurostat_apro_cpshr_2026,EL,EL6,EL6,2002,2019,17,0.0454181498665776,0.0395257510734323,0.0368164777512827,0.8854639891722935,0.5796661857831555,0.5796661857831555,4,3043010.0,0.0,0.0,,,
eurostat_apro_cpshr_2026,EL,EL61,EL61,2002,2019,17,0.152164486358144,0.2177043529775895,0.168044275157858,0.6783355767847281,0.4626638975853197,0.4626638975853197,4,322610.0,492381.60037079453,230696.00031814724,0.4685309120901726,,0.4685309120901726
eurostat_apro_cpshr_2026,EL,EL62,EL62,2002,2019,17,0.0636084061666372,0.0383150452710299,-0.0237989796940797,0.9447046548118452,0.4594899571202889,0.4594899571202889,4,310170.0,0.0,0.0,,,
eurostat_apro_cpshr_2026,EL,EL63,EL63,2002,2019,17,0.0432418265628086,0.0337273976320372,0.0324350917193234,0.927494029830194,0.5378561052974832,0.5378561052974832,4,674660.0,0.0,0.0,,,
eurostat_apro_cpshr_2026,EL,EL64,EL64,2002,2019,17,0.0754234099546307,0.0719868271658403,0.0670969788347778,0.8807977669727247,0.4939963614311704,0.4939963614311704,4,659600.0,240740.19970104098,94481.00009540468,0.3924604208716877,,0.3924604208716877
eurostat_apro_cpshr_2026,EL,EL65,EL65,2002,2019,17,0.0331135176216323,0.0182733486827352,0.0120723707877465,0.9186901881028618,0.7281015622821774,0.7281015622821774,4,1075990.0,6889.900018796325,2393.499988041818,0.3473925574409084,,0.3473925574409084
eurostat_apro_cpshr_2026,FR,FR,FR,2002,2019,17,0.1065474537906081,0.0559850773897898,-0.0524098665238679,0.925226649474533,0.0562734770537318,0.0562734770537318,4,48984000.0,8715.09996085614,1164.6999927163124,0.1336416103025279,,0.1336416103025279
eurostat_apro_cpshr_2026,HR,HR,HR,2002,2019,17,0.1530999807451573,0.1855016155841251,0.1321020834735355,0.717513526383246,0.1477463323496316,0.1477463323496316,4,1413030.0,,,,,
eurostat_apro_cpshr_2026,HR,HR0,HR0,2002,2019,17,0.1530999807451573,0.1855016155841251,0.1321020834735355,0.717513526383246,0.1477463323496316,0.1477463323496316,4,1413030.0,0.0,0.0,,,
eurostat_apro_cpshr_2026,HR,HR02,HR02,2005,2019,14,0.2394476040053183,0.2996394075342836,0.1994741315352289,0.6145880361368941,0.1079162062398608,0.1079162062398608,4,425330.0,543996.100021787,7548.000002130866,0.013875099475581847,,0.013875099475581847
eurostat_apro_cpshr_2026,HR,HR03,HR03,2005,2019,14,0.1321889940698976,0.1147862410355484,0.0972285757384414,0.8617407046105622,0.2062308987712842,0.2062308987712842,4,320660.0,0.0,0.0,,,
eurostat_apro_cpshr_2026,IE,IE,IE,2002,2019,17,0.0293395697611466,0.0150093622241982,0.0141777385364302,0.9656250593941468,0.0001462497388397,0.0001462497388397,4,11487200.0,,,,,
eurostat_apro_cpshr_2026,IE,IE0,IE0,2002,2019,17,0.0293395697611466,0.0150093622241982,0.0141777385364302,0.9656250593941468,0.0001462497388397,0.0001462497388397,4,11487200.0,801759.3000720814,32657.19999936968,0.0407319254000966,,0.0407319254000966
eurostat_apro_cpshr_2026,IE,IE01,IE01,2002,2016,14,0.0101930544155558,0.0012518030606392,0.0008594053124918,0.988637007052092,2.3129409043598934e-05,2.3129409043598934e-05,4,5188200.0,,,,,
eurostat_apro_cpshr_2026,IE,IE02,IE02,2002,2016,14,0.0146520858428636,0.0081575987516682,0.0075282175233648,0.962540379745511,0.0002506628103157,0.0002506628103157,4,6223500.0,,,,,
eurostat_apro_cpshr_2026,IT,IT,IT,2002,2019,17,0.1695860770373179,0.1028470493976622,-0.0511768681426695,0.9352343327997844,0.2215533959623362,0.2215533959623362,4,27793300.0,,,,,
eurostat_apro_cpshr_2026,LT,LT,LT,2002,2019,17,0.2171009690677005,0.3432396345072282,0.2669515812432799,0.5898180633463886,0.0412124337065409,0.0412124337065409,4,2715200.0,,,,,
eurostat_apro_cpshr_2026,LT,LT0,LT0,2002,2019,17,0.2161453643521841,0.1831599425553555,0.1022941623577198,0.8159245472120757,0.0001296316301177,0.0001296316301177,4,4628500.0,0.0,0.0,,,
eurostat_apro_cpshr_2026,LU,LU,LU,2002,2019,17,0.0635275340275137,0.0160905255584263,-0.015259833965126,0.984337038706414,0.0139935414424111,0.0139935414424111,4,278700.0,0.0,0.0,,,
eurostat_apro_cpshr_2026,LU,LU0,LU0,2002,2019,17,0.0635275340275137,0.0160905255584263,-0.015259833965126,0.984337038706414,0.0139935414424111,0.0139935414424111,4,278700.0,0.0,0.0,,,
eurostat_apro_cpshr_2026,LU,LU00,LU00,2002,2019,17,0.0635275340275137,0.0160905255584263,-0.015259833965126,0.984337038706414,0.0139935414424111,0.0139935414424111,4,278700.0,36364.59994632006,24.699999436736107,0.0006792319858652987,,0.0006792319858652987
eurostat_apro_cpshr_2026,ME,ME,ME,2007,2019,12,0.0149475829834954,0.0084068832517037,-0.0082099718052857,0.9692802386024344,0.0182289888714412,0.0182289888714412,4,439410.0,,,,,
eurostat_apro_cpshr_2026,ME,ME00,ME00,2007,2021,14,0.0148833116709571,0.0080228940561276,-0.0078358998657883,0.9692802386024344,0.0182289888714412,0.0182289888714412,4,439410.0,47697.400035753846,0.6000000238418579,1.2579302506889253e-05,,1.2579302506889253e-05
eurostat_apro_cpshr_2026,MT,MT,MT,2002,2019,17,0.1451987148583866,0.1058628493888789,-0.0179516993448908,0.701761570744892,0.0,0.0,4,22720.0,,,,,
eurostat_apro_cpshr_2026,MT,MT0,MT0,2002,2019,17,0.1451987148583866,0.1058628493888789,-0.0179516993448908,0.701761570744892,0.0,0.0,4,22720.0,0.0,0.0,,,
eurostat_apro_cpshr_2026,MT,MT00,MT00,2002,2019,17,0.1451987148583866,0.1058628493888789,-0.0179516993448908,0.701761570744892,0.0,0.0,4,22720.0,11031.999986678362,409.60000443458557,0.03712835432643184,,0.03712835432643184
eurostat_apro_cpshr_2026,NL,NL,NL,2002,2019,17,0.2277125212090164,0.2037232534347552,-0.1102911661134579,0.7127236032016776,0.000937107320086,0.000937107320086,4,4695300.0,,,,,
eurostat_apro_cpshr_2026,PL,PL,PL,2002,2019,17,0.3376109573307485,0.3864680526860368,0.0899488476318233,0.6493387961958814,0.0004647434035483,0.0004647434035483,4,17213800.0,,,,,
eurostat_apro_cpshr_2026,PT,PT,PT,2002,2019,17,0.0780303848608977,0.0542029125568889,0.023033904869351,0.8125839317566167,0.27630980450679,0.27630980450679,4,8376250.0,,,,,
eurostat_apro_cpshr_2026,PT,PT1,PT1,2002,2019,17,0.0786261613679809,0.0548512030162292,0.0241298516103625,0.8080372053154128,0.2889618561942781,0.2889618561942781,4,7945720.0,0.0,0.0,,,
eurostat_apro_cpshr_2026,PT,PT11,PT11,2002,2019,17,0.0974767079031589,0.0855732494094484,0.0126445605958805,0.6940554039697334,0.4121559871823051,0.4121559871823051,4,1728860.0,1237186.2007723227,7506.500013381243,0.006067397137710762,,0.006067397137710762
eurostat_apro_cpshr_2026,PT,PT15,PT15,2002,2019,17,0.0475769196728482,0.0314618594987095,0.0058307429768236,0.5296800803052227,0.6575588835471933,0.6575588835471933,4,289130.0,383879.1004367098,131671.60005987436,0.34300278371518966,,0.34300278371518966
eurostat_apro_cpshr_2026,PT,PT16,PT16,2002,2019,17,0.093675864078993,0.0917733546798862,0.068057429287946,0.7470555856801501,0.3686058914306463,0.3686058914306463,4,1762560.0,0.0,0.0,,,
eurostat_apro_cpshr_2026,PT,PT17,PT17,2002,2019,17,0.0987689514231919,0.0953381326964658,-0.0432719916567231,0.8121446772473345,0.2141006923185607,0.2141006923185607,4,212330.0,0.0,0.0,,,
eurostat_apro_cpshr_2026,PT,PT18,PT18,2002,2019,17,0.0671019727683201,0.0451793383635255,-0.0245704373408673,0.9254255496520268,0.1766228246598007,0.1766228246598007,4,3952830.0,0.0,0.0,,,
eurostat_apro_cpshr_2026,PT,PT2,PT2,2002,2019,17,0.0419993300311456,0.0228591517242679,0.0223115332668764,0.9534015183934806,0.0248218295421263,0.0248218295421263,4,409720.0,0.0,0.0,,,
eurostat_apro_cpshr_2026,PT,PT20,PT20,2002,2019,17,0.0419993300311456,0.0228591517242679,0.0223115332668764,0.9534015183934806,0.0248218295421263,0.0248218295421263,4,409720.0,0.0,0.0,,,
eurostat_apro_cpshr_2026,PT,PT3,PT3,2002,2019,17,0.1659348812296684,0.3414552852069374,0.05417188814426,0.2849214930684752,0.3968330134357006,0.3968330134357006,4,20840.0,395512.4998181164,117305.4001436159,0.29659087942242257,,0.29659087942242257
eurostat_apro_cpshr_2026,PT,PT30,PT30,2002,2019,17,0.1659348812296684,0.3414552852069374,0.05417188814426,0.2849214930684752,0.3968330134357006,0.3968330134357006,4,20840.0,0.0,0.0,,,
eurostat_apro_cpshr_2026,RO,RO,RO,2002,2019,17,0.0596483966637432,0.0813625733124146,0.0702387442812364,0.7779786838087339,0.0621474784710465,0.0621474784710465,4,22374520.0,,,,,
eurostat_apro_cpshr_2026,RS,RS,RS,2007,2019,12,0.0647549514842041,0.0751664801207462,0.0113819284842597,0.618747953502266,0.1236423928032044,0.1236423928032044,4,3045800.0,1746.7999874129891,0.0,0.0,,0.0
eurostat_apro_cpshr_2026,SE,SE,SE,2002,2019,17,0.0975216937051618,0.0470281147205509,0.014948065664879,0.8983850312202709,0.0002936364780401,0.0002936364780401,4,4767800.0,,,,,
eurostat_apro_cpshr_2026,SI,SI,SI,2002,2019,17,0.1543770832446381,0.0742730546428027,-0.0224544081522969,0.9334284083550056,0.0448684889118102,0.0448684889118102,4,1163400.0,,,,,
eurostat_apro_cpshr_2026,SI,SI0,SI0,2002,2019,17,0.1543770832446381,0.0742730546428027,-0.0224544081522969,0.9334284083550056,0.0448684889118102,0.0448684889118102,4,1163400.0,232329.80004045367,6412.700002670288,0.027601711022665613,,0.027601711022665613
eurostat_apro_cpshr_2026,SI,SI03,SI03,2007,2019,12,0.0668027569497901,0.0180483140958437,0.0008830782275282,0.9037788085635562,0.0806169115500632,0.0806169115500632,4,411080.0,0.0,0.0,,,
eurostat_apro_cpshr_2026,SI,SI04,SI04,2007,2019,12,0.0759525729434312,0.022658190781462,-0.0067985302041835,0.92939221619752,0.0795546300624707,0.0795546300624707,4,235310.0,140018.6998457983,3408.899994522333,0.024346033767464866,,0.024346033767464866
eurostat_apro_cpshr_2026,XK,XK,XK,2007,2019,12,0.0523097503384476,0.0376306881788849,-0.0283895284288848,0.9130509741402304,0.0256797583081571,0.0256797583081571,4,595800.0,,,,,
fao_subnational_2024,Burkina Faso,GADM:BFA.10_1,Nord,2002,2018,16,0.3501047979260646,0.6014818629230958,-0.1936727481208736,0.4204934594641789,0.0,0.0,12,1111097.0,0.0,0.0,,,
fao_subnational_2024,Burkina Faso,GADM:BFA.11_1,Plateau Central,2002,2018,16,0.300408394722544,0.4854601839807766,-0.083411865727305,0.3519527695302022,0.0,0.0,10,612814.0,0.0,0.0,,,
fao_subnational_2024,Burkina Faso,GADM:BFA.12_1,Sahel,2002,2018,16,0.4009309708881954,0.6384604020675844,-0.3838234224273834,0.683330636862489,0.0,0.0,12,917505.0,0.0,0.0,,,
fao_subnational_2024,Burkina Faso,GADM:BFA.13_1,Sud Ouest,2002,2018,16,0.3173234297510545,0.6197202514522652,-0.0589919072501465,0.2668145068379897,0.0,0.0,11,555587.0,0.0,0.0,,,
fao_subnational_2024,Burkina Faso,GADM:BFA.1_1,Boucle Du Mouhoun,2002,2018,16,0.2575306490170136,0.3795295906420442,-0.0890562561876787,0.2769787321492228,0.0,0.0,11,2093947.0,0.0,0.0,,,
fao_subnational_2024,Burkina Faso,GADM:BFA.2_1,Cascades,2002,2018,16,0.3993301169583746,0.7126050092503938,-0.0864407838353998,0.2492212562219111,0.0,0.0,12,409490.0,0.0,0.0,,,
fao_subnational_2024,Burkina Faso,GADM:BFA.3_1,Centre Est,2002,2018,16,0.4229029248915482,0.8294740100409437,-0.105544612258176,0.2652264046172503,0.0,0.0,10,833185.0,0.0,0.0,,,
fao_subnational_2024,Burkina Faso,GADM:BFA.4_1,Centre Nord,2002,2018,16,0.2498853994219649,0.3114246436941865,-0.0873843576853838,0.4182058684013563,0.0,0.0,10,1049219.0,0.0,0.0,,,
fao_subnational_2024,Burkina Faso,GADM:BFA.5_1,Centre Ouest,2002,2018,16,0.2056312107896278,0.2191389551816014,-0.0847867218056666,0.3486765002124625,0.0,0.0,11,1284072.0,0.0,0.0,,,
fao_subnational_2024,Burkina Faso,GADM:BFA.6_1,Centre Sud,2002,2018,16,0.3743688095048489,0.6254581278187397,-0.1167666547461627,0.2762652744264617,0.0,0.0,11,517699.0,0.0,0.0,,,
fao_subnational_2024,Burkina Faso,GADM:BFA.7_1,Centre,2002,2018,16,0.3981827908507983,0.7442815714720632,-0.1783419774118692,0.3812483979469106,0.0,0.0,9,201045.0,0.0,0.0,,,
fao_subnational_2024,Burkina Faso,GADM:BFA.8_1,Est,2002,2018,16,0.357634701180162,0.5754827199359744,-0.1095558509191347,0.3014785106555671,0.0,0.0,11,1254508.0,0.0,0.0,,,
fao_subnational_2024,Burkina Faso,GADM:BFA.9_1,Hauts Bassins,2002,2018,16,0.1873668415703558,0.2917676947226325,-0.030299923392856,0.2436856648067695,0.0,0.0,11,1611718.0,12973.400086440146,0.0,0.0,,0.0
fao_subnational_2024,Ethiopia,GADM:ETH.10_1,SNNPR,2007,2018,11,0.8392322578026384,1.789217691732767,0.7650982624223062,0.1466136504317259,0.1401011691161197,0.1568787786935274,22,3434125.0900000003,537.90000731498,0.0,0.0,,0.0
fao_subnational_2024,Ethiopia,GADM:ETH.11_1,Tigray,2007,2018,11,0.1255893505340821,0.1810197718743107,0.0193351360072978,0.1402994243445076,0.0005635667623099,0.0006894452777949,17,1787596.55,0.0,0.0,,,
fao_subnational_2024,Ethiopia,GADM:ETH.2_1,Afar,2007,2017,10,0.1932311438023312,0.1480008564778291,-0.1389339770048242,0.9966842294364706,1.5448849530892327e-05,1.5448849530892327e-05,9,29775.68,0.0,0.0,,,
fao_subnational_2024,Ethiopia,GADM:ETH.3_1,Amhara,2007,2018,11,0.1591849614716154,0.1642761540466573,0.0089928674083272,0.1358240401784572,0.003194283517035,0.0037447649871191,20,8092606.64,0.0,0.0,,,
fao_subnational_2024,Ethiopia,GADM:ETH.4_1,Benishangul Gumuz,2007,2018,11,0.2407229702535543,0.4446978730189909,-0.0108890862781353,0.1673991646842919,0.008885568271712,0.010881720500283,20,398386.45,898.5000319182873,0.0,0.0,,0.0
fao_subnational_2024,Ethiopia,GADM:ETH.5_1,Dire Dawa,2007,2018,11,0.1556703733585168,0.2460988494064262,0.1952665024089459,0.6322813793933612,0.1169137139332465,0.1172541977931601,8,18238.75,0.0,0.0,,,
fao_subnational_2024,Ethiopia,GADM:ETH.6_1,Gambela,2007,2017,10,0.2565553753019458,0.5211714823538066,-0.0890319171880379,0.410563833187087,0.1536510863596266,0.1663987929752121,17,34836.07,450.00000819563866,0.0,0.0,,0.0
fao_subnational_2024,Ethiopia,GADM:ETH.7_1,Harari,2007,2018,11,0.1345977590589461,0.1935337695467796,0.0735614019596552,0.2880399220132342,0.2357956247058655,0.244254217709388,12,28048.4,0.0,0.0,,,
fao_subnational_2024,Ethiopia,GADM:ETH.8_1,Oromia,2007,2018,11,0.8532090352760043,1.7829901931357814,0.6839820549085328,0.1254085876587204,0.071137668379147,0.0744879225100968,21,12361062.29,0.0,0.0,,,
fao_subnational_2024,Ethiopia,GADM:ETH.9_1,Somali,2007,2017,10,0.2264972473103323,0.4040345018894077,0.0144345605158222,0.3894791584099229,0.0794576017785699,0.0794576017785699,7,160956.28000000003,0.0,0.0,,,
fao_subnational_2024,Indonesia,GADM:IDN.10_1,Jawa Tengah,2002,2019,17,0.3722321887661566,0.4826929836626101,0.0498759437076461,0.4051240516614012,0.0,0.0,15,8122026.0,3530670.785607092,1579297.482271947,0.4473080550897044,,0.4473080550897044
fao_subnational_2024,Indonesia,GADM:IDN.11_1,Jawa Timur,2002,2019,17,0.4259657658638362,0.6330717954019283,0.0155493316816937,0.3351596382437474,0.0,0.0,15,10723277.0,4777183.9959055185,1778861.7946257517,0.3723661881456519,,0.3723661881456519
fao_subnational_2024,Indonesia,GADM:IDN.12_1,Kalimantan Barat,2002,2019,17,0.7558009391574785,1.5293546251361467,-0.3821831582687348,0.7940566677183396,0.0,0.0,14,1195301.0,1538300.0988500938,102931.50000623614,0.0669124965168885,,0.0669124965168885
fao_subnational_2024,Indonesia,GADM:IDN.13_1,Kalimantan Selatan,2002,2019,17,0.6186059790593278,1.1520901882429453,-0.4690434800892943,0.8101731577301885,0.0,0.0,14,1433220.0,893689.6006029546,107992.59951209277,0.12083904684493621,,0.12083904684493621
fao_subnational_2024,Indonesia,GADM:IDN.14_1,Kalimantan Tengah,2002,2019,17,0.8508472591156062,1.7526367379202954,-0.236169970806554,0.7958495474231482,0.0,0.0,13,565876.0,1008355.4005917683,51506.399415783584,0.05107960882200491,,0.05107960882200491
fao_subnational_2024,Indonesia,GADM:IDN.15_1,Kalimantan Timur,2002,2019,17,0.8921125952561941,1.8384450660517448,-0.0511022677433878,0.7508746838511925,0.0,0.0,14,479731.0,,,,,
fao_subnational_2024,Indonesia,GADM:IDN.17_1,Lampung,2002,2019,17,0.5500423563344724,0.8547171672734111,-0.1120031808286406,0.3304879377925325,0.0,0.0,14,3475313.0,2384042.0988977253,383878.19946835935,0.16101989123675606,,0.16101989123675606
fao_subnational_2024,Indonesia,GADM:IDN.18_1,Maluku Utara,2003,2019,16,0.8514756616510066,1.674153511899948,0.0833392153663479,0.302320673412813,0.0,0.0,14,71105.0,262582.39965486526,60.79999876022339,0.00023154635969561586,,0.00023154635969561586
fao_subnational_2024,Indonesia,GADM:IDN.19_1,Maluku,2002,2019,17,0.8746572942613542,1.7492481032919434,-0.0282788248773276,0.3000422071620253,0.0,0.0,14,108856.0,254836.8003315255,11215.300211057067,0.04400973562871107,,0.04400973562871107
fao_subnational_2024,Indonesia,GADM:IDN.1_1,Aceh,2002,2019,17,0.6988259283691018,1.3625924086431207,-0.4446176580478789,0.692174981986432,0.0,0.0,14,1183222.0,1240254.6988019198,96152.9999525994,0.0775268177137186,,0.0775268177137186
fao_subnational_2024,Indonesia,GADM:IDN.20_1,Nusa Tenggara Barat,2002,2019,17,0.4348815645812605,0.6634753269748291,-0.0915444940727119,0.4500630000552802,0.0,0.0,14,1484492.0,867612.5995409414,126461.60042565316,0.14575814193173853,,0.14575814193173853
fao_subnational_2024,Indonesia,GADM:IDN.21_1,Nusa Tenggara Timur,2002,2019,17,0.5765168625137466,0.9624087743896304,-0.075509181194386,0.3268748694900102,0.0,0.0,13,1679807.0,1071146.9993508086,55459.60031476617,0.05177590036510268,,0.05177590036510268
fao_subnational_2024,Indonesia,GADM:IDN.22_1,Papua Barat,2005,2019,14,0.9204979904226126,1.8842976285115436,0.1515281105357406,0.2371086969658621,0.0,0.0,14,38420.0,69969.10004366189,2846.600011639297,0.04068367336242671,,0.04068367336242671
fao_subnational_2024,Indonesia,GADM:IDN.23_1,Papua,2002,2019,17,0.8735537506077199,1.7471293154708258,0.0285347334907238,0.3081674842803213,0.0,0.0,14,237885.0,280884.50038602203,7562.499974735081,0.026923877837124764,,0.026923877837124764
fao_subnational_2024,Indonesia,GADM:IDN.24_1,Riau,2002,2019,17,0.953718179859501,1.9449278504599696,-0.0978941671874725,0.6696913386280393,0.0,0.0,14,486615.0,2363205.5005953014,39579.09977631271,0.0167480567247929,,0.0167480567247929
fao_subnational_2024,Indonesia,GADM:IDN.25_1,Sulawesi Barat,2005,2019,14,0.6857779035092494,1.3321742886779924,-0.5028708025183795,0.726586168346702,0.0,0.0,14,146502.0,419416.7006339431,17890.500219918787,0.04265566963088861,,0.04265566963088861
fao_subnational_2024,Indonesia,GADM:IDN.26_1,Sulawesi Selatan,2002,2019,17,0.4538252751277496,0.6505278986837405,-0.1892196682706392,0.5394019187567616,0.0,0.0,17,3531662.0,1907322.7004854754,224709.60088969767,0.1178141490333554,,0.1178141490333554
fao_subnational_2024,Indonesia,GADM:IDN.27_1,Sulawesi Tengah,2002,2019,17,0.7317860049851639,1.462316151514437,-0.4733444156076304,0.6925224981303606,0.0,0.0,15,646663.0,792508.1005213782,54271.89934259653,0.06848119193594605,,0.06848119193594605
fao_subnational_2024,Indonesia,GADM:IDN.28_1,Sulawesi Tenggara,2002,2019,17,0.7476005359420848,1.4671796801811663,-0.1317486626557674,0.3773023968173451,0.0,0.0,14,435476.0,678761.4994116575,31436.100057065487,0.04631391156439181,,0.04631391156439181
fao_subnational_2024,Indonesia,GADM:IDN.29_1,Sulawesi Utara,2002,2019,17,0.5659030221897261,0.9989061910324049,-0.1272414507987819,0.4257124807385911,0.0,0.0,13,466240.0,623313.6016562581,39147.000119797885,0.06280466207664513,,0.06280466207664513
fao_subnational_2024,Indonesia,GADM:IDN.2_1,Bali,2002,2019,17,0.6010363123917405,1.0324385922936854,-0.1558113899992929,0.4823378244639013,0.0,0.0,13,657074.0,373727.89903093874,129263.09997980297,0.3458749007365437,,0.3458749007365437
fao_subnational_2024,Indonesia,GADM:IDN.30_1,Sumatera Barat,2002,2019,17,0.642873019648691,1.2111435411066298,-0.5556214932130972,0.8106486980485897,0.0,0.0,14,1349763.0,1262362.800177291,111786.50006431341,0.08855338580051131,,0.08855338580051131
fao_subnational_2024,Indonesia,GADM:IDN.31_1,Sumatera Selatan,2002,2019,17,0.7006857870111857,1.380665875011665,-0.5384206526343318,0.8133363047252354,0.0,0.0,15,1825904.0,2559256.000634283,185617.6006469205,0.07252795367126902,,0.07252795367126902
fao_subnational_2024,Indonesia,GADM:IDN.32_1,Sumatera Utara,2002,2019,17,0.68787683448088,1.338287755787109,-0.2432038797938435,0.5697012475083367,0.0,0.0,15,3275651.0,2552547.702239834,233694.3003232479,0.09155335280049169,,0.09155335280049169
fao_subnational_2024,Indonesia,GADM:IDN.4_1,Banten,2002,2019,17,0.3923137664080829,0.4996107214302978,-0.2524809113904158,0.7904554392663177,0.0,0.0,14,1151258.0,602616.6975958124,317828.1022374928,0.5274133682413605,,0.5274133682413605
fao_subnational_2024,Indonesia,GADM:IDN.5_1,Bengkulu,2002,2019,17,0.7759347330133812,1.5559903119133336,-0.1880997621191769,0.5049499939483054,0.0,0.0,14,473773.0,721128.7993753403,39788.90011198819,0.055175857830743025,,0.055175857830743025
fao_subnational_2024,Indonesia,GADM:IDN.6_1,Gorontalo,2002,2019,17,0.4966993227273948,0.758676459964037,-0.1568825283956892,0.4446783909309175,0.0,0.0,14,264048.0,295339.30020994693,22232.19973655045,0.07527680779613927,,0.07527680779613927
fao_subnational_2024,Indonesia,GADM:IDN.7_1,Dki Jakarta,2002,2018,16,0.4329655903616924,0.5946168512805738,-0.3460146806575352,0.9017523793742502,0.0,0.0,7,7801.0,10197.99999167025,4965.400054991245,0.48689939782771086,,0.48689939782771086
fao_subnational_2024,Indonesia,GADM:IDN.8_1,Jambi,2002,2019,17,0.855260428439249,1.7659318401405784,-0.3561446374498477,0.7713174709327839,0.0,0.0,14,559541.0,1446887.1981732994,52612.20032892376,0.03636233729578012,,0.03636233729578012
fao_subnational_2024,Indonesia,GADM:IDN.9_1,Jawa Barat,2002,2019,17,0.3400780982715937,0.3690157832299735,-0.1203841616721163,0.6925815329693592,0.0,0.0,15,6430245.0,3130697.293116741,1793635.4074213803,0.5729188227060243,,0.5729188227060243
fao_subnational_2024,Pakistan,GADM:PAK.2_1,Balochistan,2002,2017,15,0.1181464526823628,0.1276475517768133,0.0205853744951641,0.2567059751177889,0.1869513653611035,0.1894515569147535,16,2429599.3524888707,1130573.8988409862,523016.7987814322,0.4626117755925602,,0.4626117755925602
fao_subnational_2024,Pakistan,GADM:PAK.5_1,Khyber Pakhtoonkhaw,2002,2017,15,0.0674055722472942,0.1049866126670629,0.0141163783028873,0.3115759377562729,0.0186706344326668,0.08210078453555,16,4936584.37879401,1442811.2989972383,993534.0967842937,0.6886098670524726,,0.6886098670524726
fao_subnational_2024,Pakistan,GADM:PAK.7_1,Punjab,2002,2017,15,0.0832367760609281,0.1081538885754537,-0.0029745405653732,0.2579710366295329,0.0211742167052397,0.0725983158450547,17,40989085.39053014,14844141.20261217,11255902.498592325,0.758272394809313,,0.758272394809313
fao_subnational_2024,Pakistan,GADM:PAK.8_1,Sindh,2002,2017,15,0.1439035874503204,0.1838114125070692,0.0363527270706078,0.1927818572022797,0.0301901751838747,0.1322092802499337,17,8228158.640226629,3432402.9021832794,2791442.699833192,0.8132619565312725,,0.8132619565312725
harveststat_africa_v1.2,Angola,HV1:AO:Benguela,Benguela,2002,2016,14,0.4264396260666446,0.4482615968489706,-0.0339899184224404,0.4825085950636233,0.0,0.0,10,318214.0,453152.6995976493,21951.80014231801,0.048442390747774074,,0.048442390747774074
harveststat_africa_v1.2,Angola,HV1:AO:Bie,Bie,2002,2016,14,0.2666076938951278,0.271592659090307,0.027028406048105,0.4744865903107808,0.0,0.0,10,593910.0,544177.100264892,9317.000027418137,0.01712126442454644,,0.01712126442454644
harveststat_africa_v1.2,Angola,HV1:AO:Cabinda,Cabinda,2002,2016,14,0.3183300414265145,0.4004287510520149,-0.0541258230693856,0.3448912523115945,0.0,0.0,7,84033.0,128301.59998450428,8610.399973727763,0.06711062040354672,,0.06711062040354672
harveststat_africa_v1.2,Angola,HV1:AO:Huambo,Huambo,2002,2016,14,0.3135426866841809,0.3365071942693604,0.0908322214089599,0.5889392984501138,0.0,0.0,11,1106806.0,168397.29998830706,5238.800003834069,0.03110976247361349,,0.03110976247361349
harveststat_africa_v1.2,Angola,HV1:AO:Huila,Huila,2002,2016,14,0.3395499810157535,0.4699854943984285,-0.1479271796523853,0.4598228435935633,0.0,0.0,11,886266.7,607179.2008156553,12796.29986012727,0.021074997040309247,,0.021074997040309247
harveststat_africa_v1.2,Angola,HV1:AO:Kuando Kubango,Kuando Kubango,2002,2016,14,0.5047300967040547,0.8702713806277236,-0.2141133270156704,0.4124254880529396,0.0,0.0,8,259839.0,177073.80011962354,4193.400005444884,0.023681651394006346,,0.023681651394006346
harveststat_africa_v1.2,Angola,HV1:AO:Kuanza Norte,Kuanza Norte,2002,2016,14,0.2757452323829791,0.4734145770807275,-0.1828217284656736,0.4646364823068747,0.0,0.0,7,189362.0,452839.40003199875,11783.599913999438,0.02602158715245798,,0.02602158715245798
harveststat_africa_v1.2,Angola,HV1:AO:Kuanza Sul,Kuanza Sul,2002,2016,14,0.256508748752563,0.3936241776248643,0.1381858841906291,0.3826623526995351,0.0,0.0,9,395194.0,138307.00026275218,3250.90000975132,0.02350495639103835,,0.02350495639103835
harveststat_africa_v1.2,Angola,HV1:AO:Luanda,Luanda,2002,2016,14,0.5805185130429131,1.1824739697284363,-0.1867290921827268,0.4321451327624749,0.0,0.0,6,32489.0,11077.099954269826,2251.9000190868974,0.20329328329468313,,0.20329328329468313
harveststat_africa_v1.2,Angola,HV1:AO:Lunda Norte,Lunda Norte,2002,2016,14,0.2934307161713587,0.5452558972034537,-0.3175680634332471,0.7105604650003137,0.0,0.0,8,381764.0,116339.69998002052,2748.9000232219696,0.023628219977308254,,0.023628219977308254
harveststat_africa_v1.2,Angola,HV1:AO:Lunda Sul,Lunda Sul,2002,2016,14,0.2636599025003052,0.4322690148966988,-0.0923937724632877,0.543335593211228,0.0,0.0,9,205519.0,113439.00005587935,1677.5000232458115,0.014787683445900309,,0.014787683445900309
harveststat_africa_v1.2,Angola,HV1:AO:Malanje,Malanje,2002,2016,14,0.2209190043927465,0.3761412711925359,-0.1185313265015547,0.4435540161438602,0.0,0.0,12,448587.0,269260.6001176685,6915.199971884489,0.025682182869913032,,0.025682182869913032
harveststat_africa_v1.2,Angola,HV1:AO:Moxico,Moxico,2002,2016,14,0.2509916884822865,0.402694473984147,-0.0230181575270275,0.31882430674361,0.0,0.0,10,229713.0,174898.80009704828,3364.0000076293945,0.019233979911598992,,0.019233979911598992
harveststat_africa_v1.2,Angola,HV1:AO:Namibe,Namibe,2002,2016,14,0.518550589961659,0.7405350325834963,-0.0837799692763765,0.4193243216158765,0.0,0.0,8,29619.0,62247.19968776405,5126.099981799722,0.0823506922000117,,0.0823506922000117
harveststat_africa_v1.2,Angola,HV1:AO:Uige,Uige,2002,2016,14,0.2069022442289759,0.2732575459317078,-0.1382391537485383,0.5063514798106185,0.0,0.0,9,796131.0,358639.70012494177,11251.400108113885,0.03137243340375914,,0.03137243340375914
harveststat_africa_v1.2,Angola,HV1:AO:Zaire,Zaire,2002,2016,14,0.3230670103777143,0.482509540389155,-0.227444661764932,0.5041442655383767,0.0,0.0,6,110311.0,58535.49985155463,5057.499921709299,0.08640055922534294,,0.08640055922534294
harveststat_africa_v1.2,Benin,HV1:BJ:Alibori,Alibori,2002,2019,17,0.5249731671354995,0.9557172093539912,0.1212711662317783,0.1917094861058764,0.0,0.0,13,916752.0,329648.50002204627,6499.899972856045,0.019717668887986275,,0.019717668887986275
harveststat_africa_v1.2,Benin,HV1:BJ:Atacora,Atacora,2002,2019,17,0.4659684677093196,0.7813923969880113,0.0659027777075666,0.1301385747152835,0.0,0.0,15,705794.6990290994,289680.7999088615,5309.600087910891,0.01832914052150291,,0.01832914052150291
harveststat_africa_v1.2,Benin,HV1:BJ:Atlantique,Atlantique,2002,2019,17,0.1388085063194282,0.1757428136437249,-0.0032630651923387,0.4313138752455296,0.0,0.0083389935790489,9,500930.8073383744,123084.39960047603,627.5000014305115,0.005098127816907226,,0.005098127816907226
harveststat_africa_v1.2,Benin,HV1:BJ:Borgou,Borgou,2002,2019,17,0.3517060620206001,0.5124478093080574,0.047679770929176,0.2040107651771376,0.0,0.0,14,858388.0,285182.09968203306,1081.400019645691,0.0037919631731844665,,0.0037919631731844665
harveststat_africa_v1.2,Benin,HV1:BJ:Collines,Collines,2002,2019,17,0.2405729402518498,0.3685511556992633,0.0245145872923431,0.1486263190054245,0.0,0.0,14,696624.5,883794.2003177926,5427.699995443225,0.006141361861722498,,0.006141361861722498
harveststat_africa_v1.2,Benin,HV1:BJ:Couffo,Couffo,2002,2019,17,0.2038200132118161,0.386902161769274,0.1629006641124705,0.2865703242337308,0.0,8.234224072820714e-05,13,309967.73070879886,100059.20031558722,586.8000030517578,0.005864528211308782,,0.005864528211308782
harveststat_africa_v1.2,Benin,HV1:BJ:Donga,Donga,2002,2019,17,0.3016157207711673,0.501908849790849,0.0125760267123937,0.1401731056096677,0.0,0.0,15,241575.35283546324,112540.80012953281,2527.99995084852,0.022462964080038783,,0.022462964080038783
harveststat_africa_v1.2,Benin,HV1:BJ:Mono,Mono,2002,2019,17,0.1239620887054936,0.1806076485818605,0.0470461268438231,0.5093888418851609,0.0,0.0069806389806811,10,148765.25850627414,53059.3997137025,652.6000093519688,0.01229942315354608,,0.01229942315354608
harveststat_africa_v1.2,Benin,HV1:BJ:Ouémé,Ouémé,2002,2019,17,0.1601944227977348,0.319103091834037,0.1146831893576537,0.2923532732226431,0.0,0.0,12,191730.00936599425,98461.49944284558,206.4999983906746,0.0020972664397675826,,0.0020972664397675826
harveststat_africa_v1.2,Benin,HV1:BJ:Plateau,Plateau,2002,2019,17,0.1359176742614937,0.1799195537211031,-0.0686229291676071,0.531962633405952,0.0,0.0,11,736317.25,228643.5992423743,318.10000091791153,0.0013912482220012148,,0.0013912482220012148
harveststat_africa_v1.2,Benin,HV1:BJ:Zou,Zou,2002,2019,17,0.2283923604458787,0.3009028278828139,0.0149434268738135,0.211922050031191,0.0,6.388453803286139e-05,14,387280.1591643572,208458.80001750588,1028.900001451373,0.004935747501976258,,0.004935747501976258
harveststat_africa_v1.2,Burkina Faso,HV1:BF:Boucle du Mouhoun,Boucle du Mouhoun,2002,2019,17,0.1680026843305942,0.3075642161191363,-0.0515352095327266,0.236819103810455,0.0,0.0,11,2305190.8,0.0,0.0,,,
harveststat_africa_v1.2,Burkina Faso,HV1:BF:Cascades,Cascades,2002,2019,17,0.361332120832579,0.560925288464273,-0.0257939131777625,0.2297688956262904,0.0,0.0,12,431439.3,0.0,0.0,,,
harveststat_africa_v1.2,Burkina Faso,HV1:BF:Centre,Centre,2002,2019,17,0.674089993194663,1.3127530060575074,-0.1391683087973768,0.3350781841289986,0.0,0.0,10,398383.7,0.0,0.0,,,
harveststat_africa_v1.2,Burkina Faso,HV1:BF:Centre-Est,Centre-Est,2002,2019,17,0.3906885366492185,0.7238817443086271,-0.0600853159747748,0.2145451944644597,0.0,0.0,10,983365.7902439,0.0,0.0,,,
harveststat_africa_v1.2,Burkina Faso,HV1:BF:Centre-Nord,Centre-Nord,2002,2019,17,0.2530904771487974,0.3051720387654266,-0.0587521356083596,0.3857194623130296,0.0,0.0,10,1105126.45310734,0.0,0.0,,,
harveststat_africa_v1.2,Burkina Faso,HV1:BF:Centre-Ouest,Centre-Ouest,2002,2019,17,0.3588995022339584,0.6272346529686691,-0.1672507813987141,0.3646684984010347,0.0,0.0,11,1251834.19,0.0,0.0,,,
harveststat_africa_v1.2,Burkina Faso,HV1:BF:Centre-Sud,Centre-Sud,2002,2019,17,0.4310300721873044,0.7238043361709601,-0.1207726155216556,0.2759185720092926,0.0,0.0,11,518821.7,0.0,0.0,,,
harveststat_africa_v1.2,Burkina Faso,HV1:BF:Est,Est,2002,2019,17,0.3647123672233365,0.536549074695471,-0.0860407945944702,0.2881693051675423,0.0,0.0,12,1303460.84831461,0.0,0.0,,,
harveststat_africa_v1.2,Burkina Faso,HV1:BF:Hauts-Bassins,Hauts-Bassins,2002,2019,17,0.2279274414990728,0.3901539908206863,-0.0426666407443113,0.2335328568450548,0.0,0.0,12,1648663.5,0.0,0.0,,,
harveststat_africa_v1.2,Burkina Faso,HV1:BF:Nord,Nord,2002,2019,17,0.2533560537701246,0.3242536162527975,-0.0686261821824033,0.3663769023455714,0.0,0.0,11,1196746.6,0.0,0.0,,,
harveststat_africa_v1.2,Burkina Faso,HV1:BF:Plateau-Central,Plateau-Central,2002,2019,17,0.3484196875954743,0.6205519844093499,-0.0273977976337458,0.2986236581455488,0.0,0.0,10,678550.0,0.0,0.0,,,
harveststat_africa_v1.2,Burkina Faso,HV1:BF:Sahel,Sahel,2002,2019,17,0.1656525864935405,0.1380786129226291,-0.0272408977982416,0.5878241876551601,0.0,0.0,11,991363.6,0.0,0.0,,,
harveststat_africa_v1.2,Burkina Faso,HV1:BF:Sud-Ouest,Sud-Ouest,2002,2019,17,0.3296198434391099,0.620590582746517,-0.0208997621405832,0.2346318223691286,0.0,0.0,11,651639.7,0.0,0.0,,,
harveststat_africa_v1.2,Chad,HV1:TD:Barh el Gazel,Barh el Gazel,2002,2017,15,0.1923439006223665,0.1295881305356819,-0.0675706828599542,0.9364650055744828,0.0,0.0,4,64208.96334353606,45111.80006226152,354.8000048995018,0.007864904623841675,,0.007864904623841675
harveststat_africa_v1.2,Chad,HV1:TD:Batha,Batha,2002,2017,15,0.1345879453611192,0.3059807994693093,-0.0614514877000891,0.4486548732170991,0.0,0.0,8,719416.0,367967.6001216322,91.69999951124191,0.00024920672222481096,,0.00024920672222481096
harveststat_africa_v1.2,Chad,HV1:TD:Chari-Baguirmi,Chari-Baguirmi,2002,2017,15,0.209475478069412,0.28959987950341,-0.0326025886183919,0.2825767338681332,0.0,0.0,9,949989.3762233024,582496.000592038,1848.6000002920628,0.003173584021887155,,0.003173584021887155
harveststat_africa_v1.2,Chad,HV1:TD:Guera,Guera,2002,2017,15,0.1290393036571772,0.2046882320992236,-0.0883256265350281,0.4371206961485124,0.0,0.0,9,463470.0,273518.4997681603,187.0,0.0006836831883711885,,0.0006836831883711885
harveststat_africa_v1.2,Chad,HV1:TD:Hadjer-Lamis,Hadjer-Lamis,2002,2017,15,0.1717061609335833,0.216296161207464,-0.028610555355281,0.2477491058112323,0.0,0.0,9,357909.62377669767,99270.89989426732,259.7999937236309,0.002617081078144168,,0.002617081078144168
harveststat_africa_v1.2,Chad,HV1:TD:Kanem,Kanem,2002,2017,15,0.1703899142424821,0.1017095952378297,0.0229608872880214,0.8794795346976716,0.0,0.0,3,27171.036656463955,18251.099885493517,29.799999594688416,0.0016327782863308027,,0.0016327782863308027
harveststat_africa_v1.2,Chad,HV1:TD:Lac,Lac,2002,2017,15,0.1009765726973497,0.0882988887283734,-0.0053574245896366,0.4840283182875704,0.0,0.0,9,236663.0,215106.99986780435,9853.399958707392,0.04580697032064449,,0.04580697032064449
harveststat_africa_v1.2,Chad,HV1:TD:Logone Occidental,Logone Occidental,2002,2017,15,0.2096067774907499,0.2871951373864755,-0.0234158839533196,0.2019542576272772,0.0,0.0,11,423752.0,227448.40016636252,0.0,0.0,,0.0
harveststat_africa_v1.2,Chad,HV1:TD:Logone Oriental,Logone Oriental,2002,2017,15,0.2130470986961315,0.3535415355388792,-0.0630479191482729,0.2339075467929163,0.0,0.0,11,570835.0,223124.10002838075,359.5,0.001611210980590051,,0.001611210980590051
harveststat_africa_v1.2,Chad,HV1:TD:Mandoul,Mandoul,2002,2017,15,0.1878128068549191,0.3197192427209732,-0.0243132014171885,0.210163835749033,0.0,0.0,11,467249.4437941791,78583.09988947958,0.0,0.0,,0.0
harveststat_africa_v1.2,Chad,HV1:TD:Mayo-Kebbi Est,Mayo-Kebbi Est,2002,2017,15,0.1529266133430589,0.2747053514685371,0.0395474843544079,0.2432119160024148,0.0,0.0,11,558382.1449814143,357105.6005157754,5137.200026035309,0.014385660764254437,,0.014385660764254437
harveststat_africa_v1.2,Chad,HV1:TD:Mayo-Kebbi Ouest,Mayo-Kebbi Ouest,2002,2017,15,0.1807782192161378,0.3249053320711801,-0.0544686462477492,0.2899380248301242,0.0,0.0,11,374413.8550185857,232826.29967390746,0.0,0.0,,0.0
harveststat_africa_v1.2,Chad,HV1:TD:Moyen-Chari,Moyen-Chari,2002,2017,15,0.1692303607321995,0.2005674385625591,-0.0300706240547257,0.2495712480336139,0.0,0.0,11,306044.556205821,287419.99937553704,4738.099926777184,0.016484934719474688,,0.016484934719474688
harveststat_africa_v1.2,Chad,HV1:TD:Ouaddai,Ouaddai,2002,2017,15,0.1826663571660877,0.3263184963658646,-0.0894433451948882,0.3746765821004564,0.0,0.0,6,570697.5805833418,304933.70041964203,6256.3000321909785,0.02051691900101962,,0.02051691900101962
harveststat_africa_v1.2,Chad,HV1:TD:Salamat,Salamat,2002,2017,15,0.1525512451521429,0.2006666057784404,-0.0914478703596238,0.6926809112025891,0.0,0.0,9,501741.0,262553.0003447011,0.0,0.0,,0.0
harveststat_africa_v1.2,Chad,HV1:TD:Sila,Sila,2002,2017,15,0.2608008203296235,0.365305250366244,-0.0501566360707704,0.2644349035775846,0.0,0.0,8,420482.4194166582,612964.399906233,293.8000078201294,0.00047931006737923586,,0.00047931006737923586
harveststat_africa_v1.2,Chad,HV1:TD:Tandjile,Tandjile,2002,2017,15,0.2072320306040263,0.3552140814983086,0.0112954535248202,0.1830246859401183,0.0,0.0,11,628566.0,279672.69988197833,3017.100025177002,0.010787967600878513,,0.010787967600878513
harveststat_africa_v1.2,Chad,HV1:TD:Wadi Fira,Wadi Fira,2002,2017,15,0.0515712463812299,0.0568676645598996,-0.0357364363338676,0.521318209294305,0.0,0.0,5,320763.0,154054.59976816922,5.600000023841858,3.63507485804973e-05,,3.63507485804973e-05
harveststat_africa_v1.2,Ethiopia,HV1:ET:Afar,Afar,2001,2019,18,0.2390574691764018,0.3284296380192613,-0.0858411561209376,0.6123609044664917,0.0,0.0,6,13289.65,0.0,0.0,,,
harveststat_africa_v1.2,Ethiopia,HV1:ET:Amhara,Amhara,2001,2019,18,0.1428973887604154,0.1902949205548998,0.0007698594733912,0.148643608833429,0.0,0.0,16,6234696.542096295,0.0,0.0,,,
harveststat_africa_v1.2,Ethiopia,HV1:ET:Benishangul Gumuz,Benishangul Gumuz,2001,2019,18,0.4202429279873844,0.7398014382766891,-0.0519998084808457,0.2155973597617453,0.0,0.0,16,303738.63594278286,0.0,0.0,,,
harveststat_africa_v1.2,Ethiopia,HV1:ET:Dire Dawa,Dire Dawa,2001,2019,18,0.1601049410654367,0.133393870492818,0.0482356976746557,0.7149737064639524,0.0510724884062931,0.0510724884062931,6,15952.62,0.0,0.0,,,
harveststat_africa_v1.2,Ethiopia,HV1:ET:Gambela,Gambela,2001,2019,18,0.2509216093038017,0.2378206002040977,0.1239846379697537,0.3994976464402953,0.0,0.0,12,6970.883598649302,0.0,0.0,,,
harveststat_africa_v1.2,Ethiopia,HV1:ET:Harari,Harari,2001,2019,18,0.3714920450558339,0.6562476688946832,-0.1350930084068215,0.3860508513704929,0.1128439526560678,0.1135452038524592,10,15828.850000000002,0.0,0.0,,,
harveststat_africa_v1.2,Ethiopia,HV1:ET:Oromia,Oromia,2001,2019,18,0.1916362967767639,0.1620760436211751,-0.0006614270046585,0.1563805916121039,0.0,0.0,17,7395035.146223734,0.0,0.0,,,
harveststat_africa_v1.2,Ethiopia,HV1:ET:SNNPR,SNNPR,2001,2019,18,0.2765331541971376,0.3681823906573964,-0.0455504655132738,0.1770615294544699,0.0,0.0,17,1459502.9663467829,0.0,0.0,,,
harveststat_africa_v1.2,Ethiopia,HV1:ET:Sidama,Sidama,2001,2019,18,0.6122272336548197,1.1511551750096083,-0.0979994095875706,0.3269441246634428,0.0,0.0,14,142355.31,0.0,0.0,,,
harveststat_africa_v1.2,Ethiopia,HV1:ET:Somali,Somali,2001,2019,18,0.3429379087467366,0.4782143541860767,0.1813308643299452,0.2894912900587975,0.0647376077476585,0.0655556761229154,9,117960.8,0.0,0.0,,,
harveststat_africa_v1.2,Ethiopia,HV1:ET:Tigray,Tigray,2001,2019,18,0.1572555817439899,0.2858018209645261,0.0228484310357564,0.1526408077809027,0.0,0.0,11,1133051.320833224,0.0,0.0,,,
harveststat_africa_v1.2,Ghana,HV1:GH:Ahafo,Ahafo,2002,2019,17,0.1739382426854588,0.3657331476132242,-0.08717826300493,0.3462746438902351,0.0,0.1719731271620533,6,288607.1067364898,237127.20012703538,0.0,0.0,,0.0
harveststat_africa_v1.2,Ghana,HV1:GH:Ashanti,Ashanti,2002,2019,17,0.1785787616997543,0.2656684439708494,-0.0260228824593475,0.2397427846685958,0.0,0.1449249292114799,8,1373104.0,829763.0995439067,3892.30001103878,0.004690856960472512,,0.004690856960472512
harveststat_africa_v1.2,Ghana,HV1:GH:Bono,Bono,2002,2019,17,0.0999918769584928,0.0891398970175464,-0.0053142121274182,0.2897991250290018,0.0,0.0891770977417681,9,556562.9284145231,503066.20066297054,0.0,0.0,,0.0
harveststat_africa_v1.2,Ghana,HV1:GH:Bono East,Bono East,2002,2019,17,0.2355103465417956,0.2594726761225993,-0.0094710586492859,0.2653011152466058,0.0,0.0734810018959215,9,675448.964848987,362614.0994427055,0.0,0.0,,0.0
harveststat_africa_v1.2,Ghana,HV1:GH:Central,Central,2002,2019,17,0.1319234824437018,0.2360617706634632,0.0245534418005725,0.3644930603508002,0.0,0.0502286258353071,6,680588.0,476234.60152842104,1649.5999849438667,0.0034638389979427414,,0.0034638389979427414
harveststat_africa_v1.2,Ghana,HV1:GH:Eastern,Eastern,2002,2019,17,0.141881629614027,0.1713391153400176,0.0228651893117571,0.2464863340671939,0.0,0.1560108180542174,8,1635784.0,803227.4005816728,1987.5000038146973,0.0024743926842826953,,0.0024743926842826953
harveststat_africa_v1.2,Ghana,HV1:GH:Greater Accra,Greater Accra,2002,2019,17,0.2778001015325685,0.6132315142283382,0.0322493189719528,0.4061093794994965,0.0,0.0,3,50543.0,25431.399921029806,782.0000003874302,0.030749388661879228,,0.030749388661879228
harveststat_africa_v1.2,Ghana,HV1:GH:North East,North East,2002,2019,17,0.2424875263784439,0.3476616406257417,-0.0206081510766545,0.148021463865611,0.0,0.0,9,348706.24418624403,300639.59958235174,8892.399995803833,0.02957827248358881,,0.02957827248358881
harveststat_africa_v1.2,Ghana,HV1:GH:Northern,Northern,2002,2019,17,0.2742185755717591,0.5093454485654667,-0.005124790862885,0.1443334795290752,0.0,0.0,9,1165274.0900741527,441384.0001459941,5942.700058460236,0.013463786762761228,,0.013463786762761228
harveststat_africa_v1.2,Ghana,HV1:GH:Oti,Oti,2002,2019,17,0.2265620724553625,0.3349611090575021,-0.0716110136336205,0.2588714374733788,0.0,0.0382287814092123,10,272700.2958427494,159464.3001661077,284.8999876976013,0.0017866067038254465,,0.0017866067038254465
harveststat_africa_v1.2,Ghana,HV1:GH:Savannah,Savannah,2002,2019,17,0.233839750779756,0.4489323961831785,0.0026237194013251,0.1494186307363796,0.0,0.0,9,424486.6657396032,89720.40008486062,3501.6000232696533,0.03902791360669056,,0.03902791360669056
harveststat_africa_v1.2,Ghana,HV1:GH:Upper East,Upper East,2002,2019,17,0.3968421567161364,0.7688172532829569,-0.0993684629108653,0.2713685301617614,0.0,0.0,7,1075478.0,466565.59991660714,12109.99995791912,0.0259556211604191,,0.0259556211604191
harveststat_africa_v1.2,Ghana,HV1:GH:Upper West,Upper West,2002,2019,17,0.2418885013876567,0.4764099951687998,-0.023166305470918,0.201188757399185,0.0,0.0,8,1153408.0,566281.3995725662,3562.3999238982797,0.006290865153945033,,0.006290865153945033
harveststat_africa_v1.2,Ghana,HV1:GH:Volta,Volta,2002,2019,17,0.2115078618944174,0.3545561499720106,-0.0548716249542961,0.3002348542051364,0.0,0.0393693793321201,9,264799.7041572506,126379.9001275599,6267.399901665747,0.04959174596070917,,0.04959174596070917
harveststat_africa_v1.2,Ghana,HV1:GH:Western,Western,2002,2019,17,0.1104710478831745,0.2058074168710832,0.017215327524494,0.2439375652867458,0.0,0.2122799443215877,6,401140.1089826849,664848.6999869123,3780.199957847595,0.005685804842397991,,0.005685804842397991
harveststat_africa_v1.2,Ghana,HV1:GH:Western North,Western North,2002,2019,17,0.0943520453802284,0.2172787792860405,-0.000303883014838,0.2005478144093277,0.0,0.2305266944154214,6,369388.89101731504,592378.6010733396,0.0,0.0,,0.0
harveststat_africa_v1.2,Kenya,HV1:KE:Nairobi,Nairobi,2006,2019,13,0.0992422687015899,0.0358927549875563,0.0164514449438595,0.9538875698360948,0.0,0.0,8,3586.0,5141.799943268299,524.4999958276749,0.10200707954698938,,0.10200707954698938
harveststat_africa_v1.2,Lesotho,HV1:LS:Berea,Berea,2002,2019,17,0.2016528933596697,0.182489403152308,-0.0797075250827665,0.7379391578292922,0.0,0.0,5,80527.0,32417.400188170373,38.59999991953373,0.001190718555327564,,0.001190718555327564
harveststat_africa_v1.2,Lesotho,HV1:LS:Butha-Buthe,Butha-Buthe,2002,2019,17,0.1409412058511023,0.1076410690344351,0.0242031944811592,0.6104549921411239,0.0,0.0,5,23902.0,15045.500075921416,35.19999980926514,0.002339569946604744,,0.002339569946604744
harveststat_africa_v1.2,Lesotho,HV1:LS:Leribe,Leribe,2002,2019,17,0.3083553516830942,0.6537524690198011,-0.3146185617333437,0.7439400459404365,0.0,0.0,5,100366.0,30892.70009587705,1058.8999996185303,0.03427670602867929,,0.03427670602867929
harveststat_africa_v1.2,Lesotho,HV1:LS:Mafeteng,Mafeteng,2002,2019,17,0.2641064306125434,0.2815167432863383,0.0196260839089909,0.6602779485802294,0.0,0.0,4,79556.0,33420.900065504014,379.1000027656555,0.011343201470416125,,0.011343201470416125
harveststat_africa_v1.2,Lesotho,HV1:LS:Maseru,Maseru,2002,2019,17,0.1263480705251423,0.2297123406387906,0.1602245948453008,0.5784361039390242,0.0,0.0,4,85707.0,29771.89999075234,263.59999895095825,0.008853986444695735,,0.008853986444695735
harveststat_africa_v1.2,Lesotho,HV1:LS:Mohale's Hoek,Mohale's Hoek,2002,2019,17,0.2074495937721139,0.3747274379648115,0.2301225780931045,0.5297181973679548,0.0,0.0,4,55883.0,26211.59999795258,341.6999969482422,0.013036212858998794,,0.013036212858998794
harveststat_africa_v1.2,Lesotho,HV1:LS:Mokhotlong,Mokhotlong,2002,2017,15,0.2576869595965319,0.4689320579396174,0.1824960521797038,0.4571253407738809,0.0,0.0,4,38320.0,7792.799976438284,0.0,0.0,,0.0
harveststat_africa_v1.2,Lesotho,HV1:LS:Qacha's Nek,Qacha's Nek,2002,2017,15,0.3247437462009092,0.576297303724512,0.3013459907394713,0.3643126976676755,0.0,0.0,4,12537.0,8710.999897375703,0.0,0.0,,0.0
harveststat_africa_v1.2,Lesotho,HV1:LS:Quthing,Quthing,2002,2017,15,0.2082874157791131,0.3283992181065337,0.1154095689041684,0.3766416951803262,0.0,0.0,4,32909.0,18976.100045457482,548.0999956130981,0.028883700776245795,,0.028883700776245795
harveststat_africa_v1.2,Lesotho,HV1:LS:Thaba-Tseka,Thaba-Tseka,2002,2017,15,0.2774838431721039,0.4043473251251348,0.0907807507051616,0.4479408640381022,0.0,0.0,4,49894.0,8259.09993699938,0.0,0.0,,0.0
harveststat_africa_v1.2,Malawi,HV1:MW:Central,Central,2002,2019,17,0.22332024940807,0.3719065487737931,-0.1682144498467152,0.4770858442020813,7.259775953486818e-06,7.259775953486818e-06,14,3030396.549556541,2048127.4004680887,9878.300003103912,0.0048230886422623315,,0.0048230886422623315
harveststat_africa_v1.2,Malawi,HV1:MW:Northern,Northern,2002,2019,17,0.4616081811078725,1.0358127604895426,0.4026093328882357,0.2783658973747628,0.3123851722887513,0.3123851722887513,14,1242056.3919767442,735528.2005662099,9040.199881322682,0.012290759041412053,,0.012290759041412053
harveststat_africa_v1.2,Malawi,HV1:MW:Southern,Southern,2002,2019,17,0.2075356651470926,0.3805058424613124,-0.159027939029382,0.4224436875210644,0.0,0.0,14,3168326.533776832,967807.3004819974,16339.500008672476,0.016883009665803212,,0.016883009665803212
harveststat_africa_v1.2,Mali,HV1:ML:Gao,Gao,2002,2019,17,0.2166728187029596,0.4811779527713613,-0.0298147304700269,0.4433203134720592,0.0,0.0,5,198441.0,78059.90010882169,32379.200010299683,0.41479940360108725,,0.41479940360108725
harveststat_africa_v1.2,Mali,HV1:ML:Kayes,Kayes,2002,2019,17,0.1402105061324656,0.2698674565488869,0.0927640392521197,0.2567621584739477,0.0,0.0,9,1312056.0,538193.7997178733,5238.60000538826,0.009733668444590754,,0.009733668444590754
harveststat_africa_v1.2,Mali,HV1:ML:Koulikoro,Koulikoro,2002,2019,17,0.253398486178179,0.3862321655721237,-0.0230920005735782,0.2055311192662607,0.0,0.0,11,2315807.0,1136162.7000712752,46054.90001255274,0.0405354796541583,,0.0405354796541583
harveststat_africa_v1.2,Mali,HV1:ML:Mopti,Mopti,2002,2019,17,0.1506959298295364,0.2728484983706993,-0.0863861637672711,0.5341524293704822,0.0,0.0,8,2581724.0,970095.6001153663,92044.50090658665,0.09488188679099305,,0.09488188679099305
harveststat_africa_v1.2,Mali,HV1:ML:Segou,Segou,2002,2019,17,0.181069870536152,0.281667387740885,-0.0063061738702968,0.2744525811655413,0.0,0.00466985001788,12,2899879.0,1150413.8976499885,200415.19980703294,0.17421138619450938,,0.17421138619450938
harveststat_africa_v1.2,Mali,HV1:ML:Sikasso,Sikasso,2002,2019,17,0.3157256903919856,0.5886331969459699,0.029798178581482,0.2135436874517197,0.0,0.0,12,2721657.0,1584235.800454609,22680.400162100792,0.014316303264698646,,0.014316303264698646
harveststat_africa_v1.2,Mali,HV1:ML:Tombouctou,Tombouctou,2002,2019,17,0.2735759467445229,0.5945517960599624,-0.1098343762522437,0.4553785807837112,0.0,0.0,7,418990.0,148807.50045272708,59539.399614572525,0.4001102056914591,,0.4001102056914591
harveststat_africa_v1.2,Mauritania,HV1:MR:Assaba,Assaba,2002,2016,14,0.0393132394155809,0.0313652026331918,-0.0248772979632692,0.8957375268364329,0.0,0.0,4,49462.0,46166.79993569851,244.39999878406525,0.005293847507829599,,0.005293847507829599
harveststat_africa_v1.2,Mauritania,HV1:MR:Hodh el Gharbi,Hodh el Gharbi,2002,2016,14,0.152929721204934,0.1964653782769148,0.1531976498563261,0.7421359624584839,0.0,0.0,4,26153.0,41520.800083614886,145.799999833107,0.0035114930237253113,,0.0035114930237253113
harveststat_africa_v1.2,Mozambique,HV1:MZ:Cabo Delgado,Cabo Delgado,2002,2019,17,0.4509557672820756,0.9653195815468112,0.0279497402010568,0.2270251892852712,0.0,0.0,12,842985.64407176,527421.7999151573,1856.8000160828233,0.003520521935918299,,0.003520521935918299
harveststat_africa_v1.2,Mozambique,HV1:MZ:Gaza,Gaza,2002,2019,17,0.2440467622451217,0.3807858152338218,0.0666040820835454,0.3609847751725232,0.0,0.0,11,710942.29418917,392294.0000521615,47235.09983570874,0.12040739809792682,,0.12040739809792682
harveststat_africa_v1.2,Mozambique,HV1:MZ:Inhambane,Inhambane,2002,2019,17,0.4245029869048753,0.6934345137086846,0.063114367606572,0.2489546380265571,0.0,0.0,11,858229.7207853,482227.2000644654,1307.6000077277422,0.002711584928334484,,0.002711584928334484
harveststat_africa_v1.2,Mozambique,HV1:MZ:Manica,Manica,2002,2019,17,0.2128888535494424,0.2396980448523358,-0.008687060695801,0.5195860189836873,0.0,0.0,14,855461.42508374,899664.4994970411,3588.9999807327986,0.0039892648678915696,,0.0039892648678915696
harveststat_africa_v1.2,Mozambique,HV1:MZ:Maputo,Maputo,2002,2019,17,0.4015949017903747,0.509635087371286,0.0074026384962955,0.3734515012751667,0.0,0.0070709737183535,14,155565.56194585,147996.19979555905,24498.39986421168,0.16553397923766694,,0.16553397923766694
harveststat_africa_v1.2,Mozambique,HV1:MZ:Nampula,Nampula,2002,2019,17,0.3628493297101749,0.7414049823238177,-0.1146639475925624,0.335882510115282,0.0,0.0,14,2444051.15809289,1119172.5998735055,691.9000129699707,0.0006182245822031139,,0.0006182245822031139
harveststat_africa_v1.2,Mozambique,HV1:MZ:Niassa,Niassa,2002,2019,17,0.2908492066543911,0.4869331760880858,0.0432982076003671,0.2984387991234506,0.0,0.0,13,602891.4035831899,421803.4999398887,675.2999878078699,0.0016009824193116155,,0.0016009824193116155
harveststat_africa_v1.2,Mozambique,HV1:MZ:Sofala,Sofala,2002,2019,17,0.3672268380851621,0.7182512879733474,0.1329348586943778,0.2476840495766672,0.0,0.0,13,589091.42871493,535771.1998623386,22286.299796566367,0.0415966737336621,,0.0415966737336621
harveststat_africa_v1.2,Mozambique,HV1:MZ:Tete,Tete,2002,2019,17,0.2965032858247868,0.4770025492076462,0.1085373964017359,0.3508469304600435,0.0,0.0,12,820614.45549621,1003097.1999730766,1653.3999857455492,0.0016482948868663245,,0.0016482948868663245
harveststat_africa_v1.2,Mozambique,HV1:MZ:Zambezia,Zambezia,2002,2019,17,0.3927010024768629,0.759509735808099,-0.0287447358802569,0.2678446441919433,0.0,0.0,14,1953218.3758349,1154376.0009530932,11691.999950930476,0.010128415647308289,,0.010128415647308289
harveststat_africa_v1.2,Niger,HV1:NE:Agadez,Agadez,2002,2017,15,0.6790312976929668,1.387933755571555,0.0103289738493936,0.4119037087006179,0.0,0.0,9,6701.427370689655,9412.50005082041,1809.80000372231,0.19227622777697245,,0.19227622777697245
harveststat_africa_v1.2,Niger,HV1:NE:Diffa,Diffa,2002,2017,15,0.2180254806586108,0.4108769771925503,-0.2150587896509045,0.6184156865835349,0.0,0.0,12,377635.1510100238,261090.29983079433,347.6999917179346,0.001331723131588074,,0.001331723131588074
harveststat_africa_v1.2,Niger,HV1:NE:Dosso,Dosso,2002,2017,15,0.1364948217125878,0.1842485827819523,-0.0797988171588219,0.4336481719599569,0.0148411552681664,0.0148411552681664,16,4999947.69,2610978.1012090445,103.90000002086163,3.979351644992713e-05,,3.979351644992713e-05
harveststat_africa_v1.2,Niger,HV1:NE:Maradi,Maradi,2002,2017,15,0.1189544131161083,0.1636288248514775,-0.0368730326332257,0.3137528590006698,0.0019136434558805,0.0019136434558805,13,8601393.3,4289302.3993818015,264.3999992311001,6.164172506680968e-05,,6.164172506680968e-05
harveststat_africa_v1.2,Niger,HV1:NE:Tahoua,Tahoua,2002,2017,15,0.1218549589609709,0.1376836041465489,-0.0466386671692536,0.3718005213194098,0.0001950188330128,0.0001950188330128,14,5932760.349990137,2529774.201038748,1857.4999922215939,0.0007342552514998721,,0.0007342552514998721
harveststat_africa_v1.2,Niger,HV1:NE:Tillaberi,Tillaberi,2002,2017,15,0.1368274647877648,0.2738911702899566,-0.102862871544971,0.4664512960153029,0.0041829502649289,0.0041829502649289,15,6070834.791632787,2518258.1997100413,836.2000053748488,0.00033205491218935815,,0.00033205491218935815
harveststat_africa_v1.2,Niger,HV1:NE:Zinder,Zinder,2002,2019,17,0.271712050204947,0.37286968601107,-0.0993276470618861,0.3418449943360332,0.0001563064648088,0.0001563064648088,13,7626044.14,3656624.4998925254,188.40000122785568,5.152292810853099e-05,,5.152292810853099e-05
harveststat_africa_v1.2,Nigeria,HV1:NG:Abia,Abia,2002,2019,17,0.3309159517209928,0.6808987174225161,0.0620471743578651,0.1670091613456065,0.0,0.0,9,429700.0,539240.8006627709,14681.099994339049,0.027225499213514224,,0.027225499213514224
harveststat_africa_v1.2,Nigeria,HV1:NG:Adamawa,Adamawa,2002,2019,17,0.3820250812481667,0.585088591269415,-0.0504167372731203,0.1927937961082054,0.0,0.0,13,1499540.0,577601.6998607665,6241.499976411462,0.010805889210360709,,0.010805889210360709
harveststat_africa_v1.2,Nigeria,HV1:NG:Akwa Ibom,Akwa Ibom,2002,2019,17,0.2437867312336596,0.4259510549818944,-0.053697344538234,0.2953549225586913,0.0,0.0,8,799780.0,850657.3044010699,10386.699925102293,0.01221020482791875,,0.01221020482791875
harveststat_africa_v1.2,Nigeria,HV1:NG:Anambra,Anambra,2002,2019,17,0.3006099300615696,0.3466652730094938,-0.019960151840429,0.2281776266967228,0.0,0.0,7,503900.0,563121.4999759719,11271.800046645105,0.020016639476784438,,0.020016639476784438
harveststat_africa_v1.2,Nigeria,HV1:NG:Bauchi,Bauchi,2002,2019,17,0.4128716759527269,0.7733777434198932,-0.0850219363399876,0.2279298033211601,0.0,0.0,11,3074907.0,1488172.8001495972,16158.100030563772,0.010857677299934183,,0.010857677299934183
harveststat_africa_v1.2,Nigeria,HV1:NG:Bayelsa,Bayelsa,2002,2019,17,0.4731339579503387,0.8405441602131893,-0.0037111510296572,0.2360985793092302,0.0,0.0,9,367510.0,218019.8997991681,10089.499821424484,0.04627788486609965,,0.04627788486609965
harveststat_africa_v1.2,Nigeria,HV1:NG:Benue,Benue,2002,2019,17,0.2212766032649257,0.3480505859705831,-0.0192588221480722,0.1362402369351743,0.0,0.0,11,3888580.0,2279601.699314326,21666.09997114539,0.00950433576956109,,0.00950433576956109
harveststat_africa_v1.2,Nigeria,HV1:NG:Borno,Borno,2002,2019,17,0.4127153370467846,0.7717434668837944,-0.0574632849160543,0.2283918680584025,0.0,0.0,12,5160830.0,1737996.700131826,55710.299961172044,0.03205431860540728,,0.03205431860540728
harveststat_africa_v1.2,Nigeria,HV1:NG:Cross River,Cross River,2002,2019,17,0.2867806247296536,0.3615409674084134,-0.0404286536095798,0.3052624869513078,0.0,0.0,8,1242900.0,1619091.9974314645,10042.69997870922,0.006202674088094444,,0.006202674088094444
harveststat_africa_v1.2,Nigeria,HV1:NG:Delta,Delta,2002,2019,17,0.3045959525892783,0.4761798073928958,-0.0677539890443421,0.2812794521293432,0.0,0.0,8,613360.0,919773.3002706468,13517.900145709515,0.01469699124961751,,0.01469699124961751
harveststat_africa_v1.2,Nigeria,HV1:NG:Ebonyi,Ebonyi,2002,2019,17,0.306329030035793,0.4637274647479501,0.0141515546834494,0.1806010760126681,0.0,0.0,8,545870.0,674992.0991952941,5877.0999393463135,0.008706916638510023,,0.008706916638510023
harveststat_africa_v1.2,Nigeria,HV1:NG:Edo,Edo,2002,2019,17,0.313230721230296,0.5079158171289286,0.0174818947909734,0.2076709617513705,0.0,0.0,9,491460.0,841946.6001746356,8945.3000337407,0.01062454558505881,,0.01062454558505881
harveststat_africa_v1.2,Nigeria,HV1:NG:Ekiti,Ekiti,2002,2019,17,0.2705242760350141,0.5389711024552098,-0.0186556646655819,0.186385026362056,0.0,0.0,9,792680.0,704237.099261418,6430.899945020676,0.009131725596060196,,0.009131725596060196
harveststat_africa_v1.2,Nigeria,HV1:NG:Enugu,Enugu,2002,2019,17,0.3621384033460969,0.5821646744986164,-0.1476829029735911,0.3281933853662235,0.0,0.0,10,1461610.0,1057701.3011749536,11608.699847057462,0.010975404714130417,,0.010975404714130417
harveststat_africa_v1.2,Nigeria,HV1:NG:Federal Capital Territory,Federal Capital Territory,2002,2019,17,0.4473049637049705,0.8397879656441927,0.0180885667152213,0.1482659484529239,0.0,0.0,12,208098.0,215385.199663572,6443.499858915806,0.029916168190666965,,0.029916168190666965
harveststat_africa_v1.2,Nigeria,HV1:NG:Gombe,Gombe,2002,2019,17,0.3771598378950409,0.5550597105588227,-0.0640244087168969,0.2046037396611978,0.0,0.0,11,1945960.0,1015200.7000643834,14271.00001592189,0.01405731892720014,,0.01405731892720014
harveststat_africa_v1.2,Nigeria,HV1:NG:Imo,Imo,2002,2019,17,0.3197683372400868,0.5571810853839745,-0.0744446489867509,0.2907029672012639,0.0,0.0,9,1050170.0,775018.9004386663,12070.099914997816,0.015573942658902966,,0.015573942658902966
harveststat_africa_v1.2,Nigeria,HV1:NG:Jigawa,Jigawa,2002,2019,17,0.4876307242579177,0.8216576963014643,-0.1011796412792864,0.2317728178451623,0.0,0.0,11,2433501.0,1030875.9003277272,11629.800050631166,0.011281474372360357,,0.011281474372360357
harveststat_africa_v1.2,Nigeria,HV1:NG:Kaduna,Kaduna,2002,2019,17,0.3269363743898374,0.4040215852992672,-0.0144058851037564,0.1382200515947981,0.0,0.0,12,5489200.0,3084926.496775314,61757.60031682998,0.020019148067672094,,0.020019148067672094
harveststat_africa_v1.2,Nigeria,HV1:NG:Kano,Kano,2002,2019,17,0.3476188277762501,0.4309257227508208,-0.006803144667264,0.2020730243417651,0.0,0.0,9,2958720.0,1977128.0000005215,40347.30020709336,0.020407024839607105,,0.020407024839607105
harveststat_africa_v1.2,Nigeria,HV1:NG:Katsina,Katsina,2002,2019,17,0.3792917664053577,0.5823179379319193,-0.0720993415232705,0.1949411306639864,0.0,0.0,10,3071080.0,1498767.4000865445,20382.39996717125,0.013599441758603966,,0.013599441758603966
harveststat_africa_v1.2,Nigeria,HV1:NG:Kebbi,Kebbi,2002,2019,17,0.5502584663012046,1.0017208878348791,-0.1366835320502758,0.2537992092746498,0.0,0.0,11,1469560.0,790009.9997205287,4736.300005212426,0.005995240575293887,,0.005995240575293887
harveststat_africa_v1.2,Nigeria,HV1:NG:Kogi,Kogi,2002,2019,17,0.3732039567958318,0.7147639441660456,-0.0614642715730463,0.1942934103604162,0.0,0.0,11,1708680.0,873109.6998882368,4024.7999604791403,0.004609729981231841,,0.004609729981231841
harveststat_africa_v1.2,Nigeria,HV1:NG:Kwara,Kwara,2002,2019,17,0.4138427522757087,0.7725707182433336,-0.0188672600314201,0.1459839940548583,0.0,0.0,12,866690.0,467299.8998173997,3423.799972176552,0.007326772322259052,,0.007326772322259052
harveststat_africa_v1.2,Nigeria,HV1:NG:Lagos,Lagos,2002,2019,17,0.328681145686474,0.6493946619287919,-0.1266497239568572,0.3382945046611569,0.0,0.0,9,330270.0,107314.20041059703,5771.700084745884,0.0537831905065934,,0.0537831905065934
harveststat_africa_v1.2,Nigeria,HV1:NG:Nasarawa,Nasarawa,2002,2019,17,0.3641380100880789,0.7132905377222645,0.0108864267008154,0.1250792896422494,0.0,0.0,11,1499910.0,971510.6007995605,16333.099985182285,0.01681206563442542,,0.01681206563442542
harveststat_africa_v1.2,Nigeria,HV1:NG:Niger,Niger,2002,2019,17,0.3033202064952304,0.4954156168276161,-0.0148324702550112,0.1381534008536404,0.0,0.0,12,6361130.0,2409984.7919954434,19110.89997265488,0.007929884054094484,,0.007929884054094484
harveststat_africa_v1.2,Nigeria,HV1:NG:Ogun,Ogun,2002,2019,17,0.408844889252215,0.7982354708433888,-0.1822949641698112,0.3572248953438388,0.0,0.0,9,730510.0,778088.100958772,9464.000028774142,0.012163147100068048,,0.012163147100068048
harveststat_africa_v1.2,Nigeria,HV1:NG:Ondo,Ondo,2002,2019,17,0.3299768810171393,0.4094059908290586,-0.0215224049790233,0.2100245369666447,0.0,0.0,9,935990.0,1338452.1994558498,8908.200078561902,0.006655598221724726,,0.006655598221724726
harveststat_africa_v1.2,Nigeria,HV1:NG:Osun,Osun,2002,2019,17,0.3911005415180176,0.7179135232993944,-0.0876249112250558,0.2499702213169361,0.0,0.0,9,551490.0,973233.5003370792,5748.099922657013,0.005906187899066524,,0.005906187899066524
harveststat_africa_v1.2,Nigeria,HV1:NG:Oyo,Oyo,2002,2019,17,0.3098928261821638,0.6509861805257036,-0.056651422113873,0.2102870478249652,0.0,0.0,11,1420580.0,1394133.3012372032,14733.000080257654,0.010567856077451898,,0.010567856077451898
harveststat_africa_v1.2,Nigeria,HV1:NG:Plateau,Plateau,2002,2019,17,0.3784298850484729,0.7214081420349461,-0.0493859593892612,0.173157595493957,0.0,0.0,12,1763077.0,1146761.2990280464,25277.300002872944,0.022042337864294055,,0.022042337864294055
harveststat_africa_v1.2,Nigeria,HV1:NG:Rivers,Rivers,2002,2019,17,0.3090877479570783,0.4828486149574404,0.0011190779151392,0.3046803309989646,0.0,0.0,8,1001150.0,681256.1988638192,6203.299925625324,0.009105678503874197,,0.009105678503874197
harveststat_africa_v1.2,Nigeria,HV1:NG:Sokoto,Sokoto,2002,2019,17,0.5269670612968386,0.9629468792122154,-0.2008829250961772,0.3383229535979754,0.0,0.0,10,3247240.0,1191491.4982784018,26792.99989578128,0.02248694173185017,,0.02248694173185017
harveststat_africa_v1.2,Nigeria,HV1:NG:Taraba,Taraba,2002,2019,17,0.289767283787401,0.4550606008431043,-0.0369845199886157,0.1420034511348156,0.0,0.0,12,3066670.0,1891427.5981875286,7233.09998627007,0.0038241484861494196,,0.0038241484861494196
harveststat_africa_v1.2,Nigeria,HV1:NG:Yobe,Yobe,2002,2019,17,0.4556542644676174,0.831249681197537,-0.1574659120235347,0.299020763592528,0.0,0.0,9,2079270.0,1014930.2998042181,3957.899980440736,0.003899676639079769,,0.003899676639079769
harveststat_africa_v1.2,Nigeria,HV1:NG:Zamfara,Zamfara,2002,2019,17,0.4927677846691219,0.8787282524074661,-0.048792938582788,0.2173389802288185,0.0,0.0,11,4003570.0,1279259.9991946071,3325.8000158965588,0.0025997842643328225,,0.0025997842643328225
harveststat_africa_v1.2,Senegal,HV1:SN:Dakar,Dakar,2002,2015,13,0.5103485265163684,1.082483683596485,-0.1235231299870973,0.4071520346099461,0.0,0.0,7,6070.0,4115.399960823357,198.40000125020742,0.04820916633592864,,0.04820916633592864
harveststat_africa_v1.2,Senegal,HV1:SN:Diourbel,Diourbel,2002,2015,13,0.1148033703057162,0.1667507626878718,-0.065294964763578,0.433416023198117,0.0,0.0,7,570659.0,0.0,0.0,,,
harveststat_africa_v1.2,Senegal,HV1:SN:Fatick,Fatick,2002,2015,13,0.1665098590007177,0.3309428982353894,-0.0798513712670492,0.4319624152739489,0.0,0.0,8,706674.3306174956,281352.8003477752,1761.9999933242798,0.0062625998075949586,,0.0062625998075949586
harveststat_africa_v1.2,Senegal,HV1:SN:Kaolack,Kaolack,2002,2015,13,0.303427267810428,0.3023090789825254,-0.0377421079237157,0.3855534506123161,0.0,0.0,9,928434.6693825044,0.0,0.0,,,
harveststat_africa_v1.2,Senegal,HV1:SN:Kedougou,Kedougou,2002,2015,13,0.4249179177124526,0.7715351864945812,-0.1085920032241246,0.314015858202842,0.0,0.0,7,45597.0,9224.500029280782,13.5,0.0014634939516665133,,0.0014634939516665133
harveststat_africa_v1.2,Senegal,HV1:SN:Kolda,Kolda,2002,2015,13,0.5229008085437236,0.9129524756337528,-0.3304779034132197,0.5380823490656664,0.0,0.0,9,133440.0,216591.9999263957,5040.200087629259,0.023270481316678665,,0.023270481316678665
harveststat_africa_v1.2,Senegal,HV1:SN:Louga,Louga,2002,2015,13,0.1274225194071342,0.125635311566771,-0.009490967218899,0.3466692258293464,0.0,0.0,7,1080401.7865689667,0.0,0.0,,,
harveststat_africa_v1.2,Senegal,HV1:SN:Matam,Matam,2001,2015,14,0.3585206123003575,0.6740175515897998,0.0255583615443311,0.3858143360998278,0.0,0.0,6,23796.740811355678,50875.100070521235,4483.700038872659,0.08813152274211776,,0.08813152274211776
harveststat_africa_v1.2,Senegal,HV1:SN:Saint-Louis,Saint-Louis,2002,2015,13,0.2680748099364678,0.6117264369692883,0.2088960075346567,0.243980962962827,0.0,0.0,7,113919.0,78511.50006560981,63561.60000637919,0.8095833088561877,,0.8095833088561877
harveststat_africa_v1.2,Senegal,HV1:SN:Tambacounda,Tambacounda,2002,2015,13,0.1064851165592246,0.1369388216084782,0.0005698448291963,0.2594955049354258,0.0,0.0,8,540905.0,403294.7000617087,48786.10023294389,0.12096886030359205,,0.12096886030359205
harveststat_africa_v1.2,Senegal,HV1:SN:Thies,Thies,2002,2015,13,0.30202504545287,0.3972615349045169,-0.1113546041834295,0.4048231804581255,0.0,0.0,7,407810.0,675366.5995519534,7332.400085262954,0.01085691843530219,,0.01085691843530219
harveststat_africa_v1.2,Senegal,HV1:SN:Ziguinchor,Ziguinchor,2002,2015,13,0.5199102623813163,1.0609128839852535,0.181047037550011,0.1944077444625136,0.0,0.0,9,112601.0,0.0,0.0,,,
harveststat_africa_v1.2,Somalia,HV1:SO:Lower Juba,Lower Juba,2002,2019,17,0.3831482614897614,0.5908127378864357,-0.2182485215433963,0.6092512463242193,0.0,0.0,4,61060.0,125703.4000857696,12052.799977853894,0.09588284779592327,,0.09588284779592327
harveststat_africa_v1.2,South Africa,HV1:ZA:Eastern Cape,Eastern Cape,2002,2019,17,0.2065772859424839,0.1731135745374353,0.0140735441978288,0.6438745544813417,0.0,0.0,6,51090.0,62440.5000564903,19507.90003784001,0.31242382780712985,,0.31242382780712985
harveststat_africa_v1.2,South Africa,HV1:ZA:Free State,Free State,2002,2019,17,0.3362571588753462,0.4299663182483574,0.0395988831903659,0.4027839246898178,0.0,0.0,8,5561950.0,1626390.4006520733,34835.599924862385,0.021418965526908945,,0.021418965526908945
harveststat_africa_v1.2,South Africa,HV1:ZA:Gauteng,Gauteng,2002,2019,17,0.3025113913771737,0.4267381340283432,-0.1353220102392923,0.7082931016620356,0.0,0.0,7,463826.0,283869.9999354258,7667.100011520088,0.027009194396252455,,0.027009194396252455
harveststat_africa_v1.2,South Africa,HV1:ZA:Kwazulu-Natal,Kwazulu-Natal,2002,2019,17,0.1087496042763071,0.1754489870013363,-0.0514951569977006,0.607297066881875,0.0,0.0,7,324320.0,519202.1996808648,78269.30009550601,0.15074916890493795,,0.15074916890493795
harveststat_africa_v1.2,South Africa,HV1:ZA:Limpopo,Limpopo,2002,2019,17,0.2220048667509337,0.457873598827489,-0.0373518950180529,0.2942943642241326,0.0,0.0,7,339372.0,363660.7001930401,110456.09991339594,0.3037339472061818,,0.3037339472061818
harveststat_africa_v1.2,South Africa,HV1:ZA:Mpumalanga,Mpumalanga,2002,2019,17,0.3020666387609516,0.514681654227353,-0.1197933150755896,0.6379565926981619,0.0,0.0,6,2100018.0,745007.8992924467,41297.69997095317,0.05543256656764937,,0.05543256656764937
harveststat_africa_v1.2,South Africa,HV1:ZA:North West,North West,2002,2019,17,0.1596637305509144,0.1892573555211758,-0.1125498817995498,0.6237145271057184,0.0,0.0,7,4180761.0,867657.4996185973,60188.000263519585,0.06936838590109216,,0.06936838590109216
harveststat_africa_v1.2,South Africa,HV1:ZA:Northern Cape,Northern Cape,2002,2019,17,0.164213239447227,0.1530887455784504,0.032323587336185,0.3760654154163074,0.0,0.0,7,354170.0,263321.99993590266,133592.69999394566,0.5073358854424034,,0.5073358854424034
harveststat_africa_v1.2,South Africa,HV1:ZA:Western Cape,Western Cape,2002,2019,17,0.2055321045297927,0.361305955169718,-0.2028453765899656,0.6225696222311251,0.0,0.0,7,1340470.0,567888.9998196363,65675.39997314662,0.11564830449965639,,0.11564830449965639
harveststat_africa_v1.2,Sudan,HV1:SD:Blue Nile,Blue Nile,2002,2019,17,0.254323027156268,0.3471904488007362,-0.1235115793028347,0.5054449819443874,0.0,0.0,6,1378860.0,472752.39851622283,6094.099990844727,0.012890680216476158,,0.012890680216476158
harveststat_africa_v1.2,Sudan,HV1:SD:Central Darfur,Central Darfur,2002,2019,17,0.1905455257286947,0.3627093892706549,-0.0112005132469549,0.3580265799901702,0.0,0.0,4,933963.417850069,187665.1003234312,0.0,0.0,,0.0
harveststat_africa_v1.2,Sudan,HV1:SD:East Darfur,East Darfur,2002,2019,17,0.1837404880518609,0.3703909139706902,0.0655180102754408,0.3443217601330969,0.0,0.0,4,3008610.073273701,708044.0996177793,0.0,0.0,,0.0
harveststat_africa_v1.2,Sudan,HV1:SD:Gedaref,Gedaref,2002,2019,17,0.1933686085681666,0.2342385509124027,-0.1729599016655205,0.7201033917917016,0.0,0.0,6,6748980.0,2678239.3013018817,103421.09928965569,0.038615331811232514,,0.038615331811232514
harveststat_africa_v1.2,Sudan,HV1:SD:Gezira,Gezira,2002,2019,17,0.2499125566714841,0.4561417039289268,-0.2421882604913139,0.6254808009770121,0.0,0.0,6,1683130.1688116328,644911.8005291894,405899.70010172576,0.6293879252459954,,0.6293879252459954
harveststat_africa_v1.2,Sudan,HV1:SD:North Darfur,North Darfur,2002,2019,17,0.4768899159830029,1.0483283904378988,-0.4917181875093404,0.7606711339435622,0.0,0.0,4,3287340.0,681382.2008958161,0.0,0.0,,0.0
harveststat_africa_v1.2,Sudan,HV1:SD:North Kordofan,North Kordofan,2002,2019,17,0.4048842948649568,0.856268221269464,0.1420231570646527,0.3511210189204527,0.0,0.0,5,4900140.0,593978.9994887859,11064.1001162529,0.018627089721648966,,0.018627089721648966
harveststat_africa_v1.2,Sudan,HV1:SD:Sinnar,Sinnar,2002,2019,17,0.1056893485411659,0.1446036815364927,-0.0569310534856219,0.5195858619528085,0.0,0.0,6,3162600.0,323690.2000944093,25561.100085891783,0.07896779104970274,,0.07896779104970274
harveststat_africa_v1.2,Sudan,HV1:SD:South Darfur,South Darfur,2002,2019,17,0.2102477336785358,0.3417253433940406,-0.0792659077700685,0.3692531883716053,0.0,0.0,5,4871429.926726298,836939.0004532486,0.0,0.0,,0.0
harveststat_africa_v1.2,Sudan,HV1:SD:South Kordofan,South Kordofan,2002,2019,17,0.1851138910062189,0.3913198940278736,-0.0907307092561031,0.4737611586570112,0.0,0.0,6,2278500.0,419353.800693661,2920.0999994277954,0.006963332619372003,,0.006963332619372003
harveststat_africa_v1.2,Sudan,HV1:SD:West Darfur,West Darfur,2002,2019,17,0.1412256204893322,0.271597140596847,-0.0031282718941325,0.3401458593209491,0.0,0.0,5,1021976.5821499308,98914.40001285821,0.0,0.0,,0.0
harveststat_africa_v1.2,Sudan,HV1:SD:West Kordofan,West Kordofan,2002,2019,17,0.2522928854682013,0.5353579904546124,-0.0578940017042076,0.3362374301684079,0.0,0.0,4,4339815.974859141,1254840.099855125,423.9999952316284,0.00033789165271382423,,0.00033789165271382423
harveststat_africa_v1.2,Sudan,HV1:SD:White Nile,White Nile,2002,2019,17,0.2199078399145757,0.4120194891450041,-0.1648672482940814,0.5800419609678763,0.0,0.0,7,2601709.8311883667,343113.5993735567,36245.60012909025,0.10563731718960147,,0.10563731718960147
harveststat_africa_v1.2,"Tanzania, United Republic of",HV1:TZ:Arusha,Arusha,2002,2015,13,0.2482872861739057,0.3157293997963669,-0.1316216882324846,0.6743967921457635,0.0,0.0347743440004703,14,204116.0,310745.4993933737,4828.699992723763,0.015539082632411987,,0.015539082632411987
harveststat_africa_v1.2,"Tanzania, United Republic of",HV1:TZ:Dar es Salaam,Dar es Salaam,2002,2015,13,0.3240899685757784,0.6119036152097851,0.0751858154126122,0.1909210379162436,0.0,0.0525185217658147,10,68433.0,40636.89994236827,238.8000030517578,0.005876432586895821,,0.005876432586895821
harveststat_africa_v1.2,"Tanzania, United Republic of",HV1:TZ:Dodoma,Dodoma,2002,2015,13,0.3431741172998841,0.5624074600616938,-0.0346240433858509,0.2627824034880028,0.0,0.0014052070728756,12,1229712.0,674760.1999922916,2719.200002193451,0.004029876098537695,,0.004029876098537695
harveststat_africa_v1.2,"Tanzania, United Republic of",HV1:TZ:Geita,Geita,2002,2015,13,0.2724741524079702,0.4385913453043216,0.1116070056825556,0.2140812468133483,0.0,0.0637817639455141,16,643602.5748313826,555826.2003321573,3193.4999932944775,0.005745501006224728,,0.005745501006224728
harveststat_africa_v1.2,"Tanzania, United Republic of",HV1:TZ:Iringa,Iringa,2002,2015,13,0.2178455373939043,0.19421441368951,0.0247293236404632,0.6403438585159582,0.0,0.0106193007604616,13,421402.5104799344,618961.9997133091,2955.1999933719635,0.0047744449493519045,,0.0047744449493519045
harveststat_africa_v1.2,"Tanzania, United Republic of",HV1:TZ:Kagera,Kagera,2002,2015,13,0.3025719876084596,0.5897228209898793,0.0915807890273819,0.2528349461556892,0.0,0.3569646124273374,15,580574.962710212,767248.9978914782,2206.5000208988786,0.0028758591108788544,,0.0028758591108788544
harveststat_africa_v1.2,"Tanzania, United Republic of",HV1:TZ:Katavi,Katavi,2002,2015,13,0.3059721546813566,0.4262488357488417,0.0554635115069062,0.3169036447501446,0.0,0.0035246024373265,13,253925.9301308801,321780.3993206546,0.0,0.0,,0.0
harveststat_africa_v1.2,"Tanzania, United Republic of",HV1:TZ:Kigoma,Kigoma,2002,2015,13,0.318507032031238,0.6410812135595756,0.215164072812605,0.3168042990656025,0.0,0.0873270962525738,13,502158.0,840629.0996517166,6105.900010585785,0.007263488752787094,,0.007263488752787094
harveststat_africa_v1.2,"Tanzania, United Republic of",HV1:TZ:Kilimanjaro,Kilimanjaro,2002,2015,13,0.3543328738357715,0.572878051482429,-0.0379854845694557,0.3758060235209349,0.0,0.3520001981347812,16,363389.0,532077.7990258187,18412.10003978014,0.03460415013272656,,0.03460415013272656
harveststat_africa_v1.2,"Tanzania, United Republic of",HV1:TZ:Lindi,Lindi,2002,2015,13,0.3582433368264071,0.6640592440606238,0.1339629514844101,0.2013877929689773,0.0,0.0009299825521622,13,468826.0,451598.70005271584,0.0,0.0,,0.0
harveststat_africa_v1.2,"Tanzania, United Republic of",HV1:TZ:Manyara,Manyara,2002,2015,13,0.3040227059547736,0.4863175680210096,-0.2155539005396078,0.6498556831613087,0.0,0.0039674266689409,14,474867.0,424438.1004485786,5329.300049185753,0.012556130195553466,,0.012556130195553466
harveststat_africa_v1.2,"Tanzania, United Republic of",HV1:TZ:Mara,Mara,2002,2015,13,0.2975914305468725,0.5846662010818049,0.1117797448213415,0.2629804806575861,0.0,0.0137709663320651,15,558276.0,399005.6990852207,2335.900022506714,0.005854302401850671,,0.005854302401850671
harveststat_africa_v1.2,"Tanzania, United Republic of",HV1:TZ:Mbeya,Mbeya,2002,2015,13,0.2128905634156094,0.3168972779156567,-0.0301157704727898,0.3446068751819197,0.0,0.0883787222998936,16,955592.0,853198.8997391313,13675.900013625622,0.016028970522356602,,0.016028970522356602
harveststat_africa_v1.2,"Tanzania, United Republic of",HV1:TZ:Morogoro,Morogoro,2002,2015,13,0.3238326574610332,0.4176417602693974,-0.0731991665725967,0.3423051003878616,0.0,0.0216488525748564,18,750894.3,480134.49968042225,14679.399907909334,0.0305735162078125,,0.0305735162078125
harveststat_africa_v1.2,"Tanzania, United Republic of",HV1:TZ:Mtwara,Mtwara,2002,2015,13,0.3989064070970353,0.7874480365319154,-0.1535795982097092,0.3485183034667746,0.0,0.0005989171256801,15,746347.0,665103.0002599955,0.0,0.0,,0.0
harveststat_africa_v1.2,"Tanzania, United Republic of",HV1:TZ:Mwanza,Mwanza,2002,2015,13,0.2394772977909043,0.4797220670339142,0.0848481118623947,0.2210309942395869,0.0,0.0046955061929161,12,783339.6011833706,433857.6000351384,9675.3999915421,0.022300865516147426,,0.022300865516147426
harveststat_africa_v1.2,"Tanzania, United Republic of",HV1:TZ:Njombe,Njombe,2002,2015,13,0.2131490439879704,0.2081571244319173,0.0910462758748071,0.5316960791592847,0.0,0.0129090328186138,13,346656.48952006566,397343.0997143686,3758.4000128284097,0.009458827938701208,,0.009458827938701208
harveststat_africa_v1.2,"Tanzania, United Republic of",HV1:TZ:Pemba North,Pemba North,2007,2015,8,0.6056935709754425,1.1270005523051352,-0.2017044131092429,0.4095415840658616,0.0,0.2172924668809281,10,12757.0,27622.699656240642,366.79998940229416,0.013278933412267874,,0.013278933412267874
harveststat_africa_v1.2,"Tanzania, United Republic of",HV1:TZ:Pemba South,Pemba South,2007,2015,8,0.4813119093052095,0.7720594703967626,-0.1629040670874477,0.478390856834227,0.0,0.3511801242236025,10,16100.0,16195.000183403492,281.49999246001244,0.017381907333875266,,0.017381907333875266
harveststat_africa_v1.2,"Tanzania, United Republic of",HV1:TZ:Pwani,Pwani,2002,2015,13,0.1617217716417146,0.3461395093059619,0.0391860035858408,0.2435138602011353,0.0,0.0126766923760644,13,279016.0,485199.0008530617,19866.100063323975,0.040944231188432004,,0.040944231188432004
harveststat_africa_v1.2,"Tanzania, United Republic of",HV1:TZ:Rukwa,Rukwa,2002,2015,13,0.3442129849349397,0.4854415984946511,0.1781104682089909,0.3189463998367177,0.0,0.0023987239498379,14,373120.0698691199,366692.6000656411,0.0,0.0,,0.0
harveststat_africa_v1.2,"Tanzania, United Republic of",HV1:TZ:Ruvuma,Ruvuma,2002,2015,13,0.3858453320906994,0.7340069004225813,0.1927841504579728,0.266307741263447,0.0,0.0086622172382192,14,663456.0,384763.8998443559,0.0,0.0,,0.0
harveststat_africa_v1.2,"Tanzania, United Republic of",HV1:TZ:Shinyanga,Shinyanga,2002,2015,13,0.2238295433038944,0.4005036339185403,-0.028145014870325,0.3140120167455312,0.0,0.0,14,660350.9077781943,429109.7999467328,10498.300003767014,0.024465300035259534,,0.024465300035259534
harveststat_africa_v1.2,"Tanzania, United Republic of",HV1:TZ:Simiyu,Simiyu,2002,2015,13,0.3090346454553885,0.5144370846301298,0.1685458798753796,0.3140120167455311,0.0,0.0,15,587673.0534968405,625094.5996970981,8963.999967813492,0.01434022941832672,,0.01434022941832672
harveststat_africa_v1.2,"Tanzania, United Republic of",HV1:TZ:Singida,Singida,2002,2015,13,0.3042818238854982,0.5554860412790337,0.0454282807626719,0.2535193251599451,0.0,0.0075585390348327,14,548651.0,613945.1996378824,0.0,0.0,,0.0
harveststat_africa_v1.2,"Tanzania, United Republic of",HV1:TZ:Tabora,Tabora,2002,2015,13,0.2479512787420276,0.2779604390363756,0.0441540894934635,0.3113660080064092,0.0,0.0019892265777589,15,803830.0,2503228.601192683,65345.40000053495,0.02610444765987438,,0.02610444765987438
harveststat_africa_v1.2,"Tanzania, United Republic of",HV1:TZ:Tanga,Tanga,2002,2015,13,0.2266087558863995,0.2680350146320966,0.0531002971696281,0.5598070543661554,0.0,0.0257176953655821,16,749134.0,855910.0002609938,7652.399961948395,0.008940659601611079,,0.008940659601611079
harveststat_africa_v1.2,"Tanzania, United Republic of",HV1:TZ:Zanzibar Central/South,Zanzibar Central/South,2007,2015,8,0.6948871893999156,1.3579753904917462,-0.4818883368493974,0.6871754116057086,0.0,0.8104956268221575,12,686.0,292544.6999160275,13702.79995238781,0.046840021221786224,,0.046840021221786224
harveststat_africa_v1.2,"Tanzania, United Republic of",HV1:TZ:Zanzibar North,Zanzibar North,2007,2015,8,0.581815917243939,1.0515033407572385,-0.146305529294405,0.3427108093676961,0.0,0.234903488578006,13,11294.0,20453.699980013072,165.40000450611115,0.00808655669476606,,0.00808655669476606
harveststat_africa_v1.2,"Tanzania, United Republic of",HV1:TZ:Zanzibar Urban/West,Zanzibar Urban/West,2007,2015,8,0.5272649384667107,0.8715209446162496,-0.1362790937228655,0.399071898385499,0.0,0.4621649061413172,11,9258.6,255548.2001066357,1398.999987155199,0.005474505344085466,,0.005474505344085466
harveststat_africa_v1.2,Togo,HV1:TG:Kara,Kara,2002,2015,13,0.4598910492777745,0.6340511486185765,-0.1284331756808752,0.3716330156953026,0.0,0.0,9,250628.0,4789199.7977814,42918.899971827865,0.008961601474991724,,0.008961601474991724
harveststat_africa_v1.2,Zambia,HV1:ZM:Central,Central,2002,2016,14,0.264238048647056,0.3901271690882034,-0.1306772672970178,0.5690298744470546,0.0,0.0,14,439669.31091897486,365465.2003982067,25102.500067345798,0.06868643044534582,,0.06868643044534582
harveststat_africa_v1.2,Zambia,HV1:ZM:Copperbelt,Copperbelt,2002,2016,14,0.225892311223151,0.2828746021082617,-0.0398288239703236,0.5829227682744944,0.0,0.0,14,209209.53848102517,130501.10019984096,4405.499978870153,0.033758335923021764,,0.033758335923021764
harveststat_africa_v1.2,Zambia,HV1:ZM:Eastern,Eastern,2002,2016,14,0.2549200657569195,0.3926008352049973,-0.2152089651168654,0.6514324447931638,0.0,0.0,13,641131.683,461414.09978245944,5163.899983823299,0.011191465510607276,,0.011191465510607276
harveststat_africa_v1.2,Zambia,HV1:ZM:Luapula,Luapula,2002,2016,14,0.31468502440508,0.5017530897774268,0.2484315267889558,0.4272204816141064,0.0,0.0,11,53698.09,125952.29998216778,3889.89997818321,0.03088391382081898,,0.03088391382081898
harveststat_africa_v1.2,Zambia,HV1:ZM:Lusaka,Lusaka,2002,2016,14,0.1884901361917905,0.3339013767105291,-0.2089848206139212,0.7188604000924982,0.0,0.0,13,114013.41714286,97181.79984495789,12800.300028681755,0.13171499240704665,,0.13171499240704665
harveststat_africa_v1.2,Zambia,HV1:ZM:Muchinga,Muchinga,2002,2016,14,0.3090291845714916,0.5770017934956316,0.1815306576166397,0.3577903291329624,0.0,0.0,12,135822.13000001002,170634.99985913187,6354.599974252284,0.03724089418641157,,0.03724089418641157
harveststat_africa_v1.2,Zambia,HV1:ZM:North-Western,North-Western,2002,2016,14,0.2589463965752895,0.4063161007655195,0.2816277215477505,0.5647144095242955,0.0,0.0,13,95570.18,105566.79999154806,0.0,0.0,,0.0
harveststat_africa_v1.2,Zambia,HV1:ZM:Northern,Northern,2002,2016,14,0.3021447289368316,0.5872836305419683,0.2179539615413139,0.3395534542503304,0.0,0.0,11,171940.10142857,197276.49995571375,8024.999937467277,0.040678945233055104,,0.040678945233055104
harveststat_africa_v1.2,Zambia,HV1:ZM:Southern,Southern,2002,2016,14,0.1717915369494531,0.2411639101702086,-0.1481595543226953,0.7090918543082358,0.0,0.0,14,483372.10742856,313079.3004345447,5927.300000913441,0.018932264102693875,,0.018932264102693875
harveststat_africa_v1.2,Zambia,HV1:ZM:Western,Western,2002,2016,14,0.1527681336978804,0.2617832232639756,0.0996421212671075,0.4425963937022537,0.0,0.0,11,244618.62071429,162775.8999819681,1524.899994134903,0.0093680943819314,,0.0093680943819314
ibge_pam,Brazil,BR:Acre,Acre,2002,2016,14,0.2985171174223306,0.5133170062819138,0.0636348002435124,0.2129915107260876,0.0573009171640704,0.1279468141893531,14,103035.0,118213.19994743168,1206.5999932438135,0.01020698190879172,,0.01020698190879172
ibge_pam,Brazil,BR:Alagoas,Alagoas,2002,2016,14,0.2491256082456586,0.3667537170179646,0.1274470951301486,0.4669389364426926,0.0272397103595072,0.698699403369652,13,660543.0,602827.3991300389,63919.09980106354,0.1060321742065928,,0.1060321742065928
ibge_pam,Brazil,BR:Amazonas,Amazonas,2002,2016,14,0.2977848251370728,0.5152704269321734,0.2114059220858839,0.3203180884630039,0.0347534606775756,0.2626800964860812,14,184068.0,176390.19971334934,171.09999867528677,0.0009700085319555188,,0.0009700085319555188
ibge_pam,Brazil,BR:Bahia,Bahia,2002,2016,14,0.2421948621877598,0.4372224043639782,0.0464870872852228,0.1367450738014839,0.2700248703024742,0.3051553713502928,17,3858015.0,4578615.6983824745,143392.6997937262,0.03131791555346821,,0.03131791555346821
ibge_pam,Brazil,BR:Distrito Federal,Distrito Federal,2002,2016,14,0.1810339527125999,0.2526863662191236,0.0700428905846685,0.3056115371285928,0.0247398634495408,0.0308427405201598,17,88319.0,610868.2003825903,43690.8000638783,0.0715224659533996,,0.0715224659533996
ibge_pam,Brazil,BR:Mato Grosso,Mato Grosso,2002,2016,14,0.2158076448167574,0.2949652146404484,0.0012788269575205,0.4750907975983314,0.0111740944016024,0.0437011240654828,19,5709098.0,9459731.898150139,11536.299981504679,0.0012195165894459035,,0.0012195165894459035
ibge_pam,Brazil,BR:Mato Grosso do Sul,Mato Grosso do Sul,2002,2016,14,0.2420436866590516,0.4131274525946382,-0.0202335908359261,0.3987359662298627,0.0019245794960984,0.0587085255331316,17,2033691.0,3265620.4003177956,70633.99991188198,0.02162958067784247,,0.02162958067784247
ibge_pam,Brazil,BR:Minas Gerais,Minas Gerais,2002,2016,14,0.2440879188513122,0.4793415173822897,-0.0124186751294275,0.2015039966248953,0.2761436326042428,0.3566276699287696,20,4130260.0,4874324.698344648,194369.19996783882,0.03987612889921918,,0.03987612889921918
ibge_pam,Brazil,BR:Pernambuco,Pernambuco,2002,2016,14,0.1310962068179174,0.2501527301082936,0.0260316485418026,0.2613140067948997,0.0331208503341275,0.4505131475202178,15,928388.0,7512671.606775917,118010.9003630653,0.015708246884720414,,0.015708246884720414
ibge_pam,Brazil,BR:Rio Grande do Norte,Rio Grande do Norte,2002,2016,14,0.4959483514037415,1.0751675918179604,0.1403696861963684,0.1922691048629019,0.1163909740384724,0.2820952639742762,11,353292.0,476803.4001599625,73693.09997468442,0.15455657394632916,,0.15455657394632916
ibge_pam,Brazil,BR:Rio Grande do Sul,Rio Grande do Sul,2002,2016,14,0.1877933656239543,0.3672280444020589,0.1423465880075116,0.2735181376402685,0.0108529451961186,0.016890528905289,17,7317000.0,8036505.596152313,865435.0992976278,0.10768798564788874,,0.10768798564788874
ibge_pam,Brazil,BR:Rio de Janeiro,Rio de Janeiro,2002,2016,14,0.2018171265612627,0.4345790311080355,-0.1580021291600044,0.4437766895135263,0.0908549722190724,0.8550572627282005,11,246932.0,634244.2999296933,17734.699969880283,0.027961938281268264,,0.027961938281268264
ibge_pam,Brazil,BR:Roraima,Roraima,2002,2016,14,0.5644079205587316,1.0205864573084769,-0.0803783019252278,0.3048826964758017,0.0073786893446723,0.0931965982991495,12,39980.0,692716.9998458624,1913.0999958664179,0.0027617338628792205,,0.0027617338628792205
ibge_pam,Brazil,BR:Santa Catarina,Santa Catarina,2002,2016,14,0.305056243064711,0.6175781166301962,-0.0196413561998987,0.2811053193734384,0.017294206209802,0.0452618473326617,15,1665818.0,1706017.800317265,92240.5999212861,0.05406778282391443,,0.05406778282391443
ibge_pam,Brazil,BR:Sergipe,Sergipe,2002,2016,14,0.3135862200132193,0.5425331576041328,0.0372717498659888,0.2258938228612817,0.3490054720427347,0.430993114377225,10,268821.0,779336.6004484072,14424.10001372546,0.018508177346510172,,0.018508177346510172
ibge_pam,Brazil,BR:Tocantins,Tocantins,2002,2016,14,0.3947047076955162,0.8494408520327569,0.2061061483740324,0.2959906306314743,0.0043725949279057,0.0317092818396773,12,345104.0,1055026.599937044,53417.300076290965,0.05063123534466193,,0.05063123534466193
statcan_32100359,Canada,CA:Alberta,Alberta,2002,2019,17,0.1366128102330375,0.2468595324358176,-0.0305203708598996,0.3848390620019155,0.0,0.0,10,22317603.785016,7437234.803259164,252308.60004664958,0.03392505504009128,,0.03392505504009128
statcan_32100359,Canada,CA:British Columbia,British Columbia,2002,2019,17,0.1923731365735911,0.347580459770115,-0.0039280100593062,0.2362780933926396,0.0,0.0,10,422491.810248,414730.09983929247,107503.10004692525,0.2592121962900272,,0.2592121962900272
statcan_32100359,Canada,CA:Manitoba,Manitoba,2002,2019,17,0.2771930844695641,0.435882085067709,-0.0350316742938091,0.3490383207719316,0.0,0.0,10,14982676.523766,3637734.5001078993,84582.20007683337,0.02325133955606836,,0.02325133955606836
statcan_32100359,Canada,CA:New Brunswick,New Brunswick,2002,2019,17,0.4212463416943041,0.7529890565530735,-0.1697111295096048,0.3686104820730596,0.0,0.0,10,96557.9941812,1200993.8991102055,46250.899615354836,0.038510520036464206,,0.038510520036464206
statcan_32100359,Canada,CA:Nova Scotia,Nova Scotia,2002,2019,17,0.4676662057587308,0.8576740584315611,0.134925978750064,0.2748087431306154,0.0,0.0,10,48036.1857054,24663.299910590053,949.4999915659428,0.0384984975655363,,0.0384984975655363
statcan_32100359,Canada,CA:Ontario,Ontario,2002,2019,17,0.1082180130688972,0.1478443010311412,0.0326119259077286,0.3083461864613731,0.0,0.0,10,6902318.309952,2160596.7982126847,45009.7999619022,0.020832114533880525,,0.020832114533880525
statcan_32100359,Canada,CA:Prince Edward Island,Prince Edward Island,2002,2019,17,0.3885856156317981,0.7318666693731232,-0.2586626576217018,0.4983359817598094,0.0,0.0,10,164059.5592668,506060.9006623328,2262.900005146861,0.0044715962094387775,,0.0044715962094387775
statcan_32100359,Canada,CA:Quebec,Quebec,2002,2019,17,0.2566902582856196,0.5044077519993109,-0.0241333025930148,0.3298872940734486,0.0,0.0,10,2797227.6260682,2030594.500435017,31648.39995019883,0.015585780392598694,,0.015585780392598694
statcan_32100359,Canada,CA:Saskatchewan,Saskatchewan,2002,2019,17,0.1910509871198889,0.3702815868250363,-0.0662553541321584,0.3877644904269997,0.0,0.0,10,48215461.444806,13498075.502280973,276343.3001945466,0.02047279259534803,,0.02047279259534803
usda_census_qs,United States,US:01,Alabama,2002,2022,20,0.156653812829059,0.2910856490614502,-0.0849290290940382,0.347501880457202,0.0001663060018945,0.0001663060018945,16,1408926.821934828,527760.5994420424,27419.100005328655,0.05195366996762661,0.05647309490586621,0.05195366996762661
usda_census_qs,United States,US:02,Alaska,2002,2022,20,0.136147672863592,0.2101605235066084,-0.1437224324285326,0.7692990209970573,0.00060442881477,0.00060442881477,8,14729.747997516,1318706.1003242582,2916.5999973863363,0.002211713433849415,0.12495192043518875,0.002211713433849415
usda_census_qs,United States,US:04,Arizona,2002,2022,20,0.1894009398774977,0.3733022636065612,0.0744047738535718,0.3413901989503932,6.369825313161222e-06,6.369825313161222e-06,13,1080038.395995786,202059.70011164248,151018.20011411607,0.7473939634210838,0.7015148568681517,0.7473939634210838
usda_census_qs,United States,US:05,Arkansas,2002,2022,20,0.2282911750174784,0.3781605645167274,0.0461271205336094,0.202139270211372,5.11005396566393e-05,5.11005396566393e-05,15,6485989.052660377,2466798.19875063,1849337.5990467668,0.7496914826609687,0.4268486727711117,0.7496914826609687
usda_census_qs,United States,US:06,California,2002,2022,20,0.2429477952225829,0.4644123125323043,0.2267537553052169,0.341623747228635,0.0023637599238141,0.0023637599238141,17,6231833.11485819,2261692.800753206,1455145.3004798964,0.6433876873089452,1.0,0.6433876873089452
usda_census_qs,United States,US:08,Colorado,2002,2022,20,0.1319672074844391,0.1340020737790198,-0.0201696675718686,0.3193700335516387,3.285065455955793e-06,3.285065455955793e-06,15,3942064.691746668,1735582.3007937968,429332.6001214236,0.24737092555337845,0.5324338618798335,0.24737092555337845
usda_census_qs,United States,US:09,Connecticut,2002,2022,20,0.0867980090369082,0.0324904650041785,-0.0102138439057376,0.6618146532548006,0.0045211210580772,0.0045211210580772,12,71966.057088144,3577.4999944642186,878.8999983295798,0.24567435351211162,0.10639255027216699,0.24567435351211162
usda_census_qs,United States,US:10,Delaware,2002,2022,20,0.138186720517875,0.1771721497157323,0.053502884991813,0.2697405587913377,0.0002512516622442,0.0002512516622442,12,264151.268473944,181052.09968548268,45081.000019192696,0.24899462694719265,0.15022398166475676,0.24899462694719265
usda_census_qs,United States,US:12,Florida,2002,2022,20,0.1829373913310339,0.3660359832288995,-0.0027271248331542,0.2825101759130342,0.0037626265895155,0.4030488398328297,18,844084.0043138341,418550.6002750173,235078.69956462085,0.5616494144558807,1.0,0.5616494144558807
usda_census_qs,United States,US:13,Georgia,2002,2022,20,0.0985808724956938,0.1621965719204076,-0.015984107750159,0.3314335897691473,0.0004820116381967,0.0004820116381967,16,2512012.874613798,1154284.0003938302,350558.10032477975,0.3037017754774153,0.2594540412696689,0.3037017754774153
usda_census_qs,United States,US:15,Hawaii,2002,2022,20,0.2184075161602598,0.3767580928065987,0.0716616150030311,0.3285472797626408,0.0015002143163309,0.0137162451778825,12,3776.526411144,18258.70018323511,5308.500007003546,0.2907381113513074,1.0,0.2907381113513074
usda_census_qs,United States,US:16,Idaho,2002,2022,20,0.0949280925420748,0.1077746208750025,-0.0010683005796909,0.3315482988357735,2.1948158073837183e-05,2.1948158073837183e-05,13,4296112.424048849,1111489.8999850005,482946.5000528693,0.4345037233891074,0.6229161377835658,0.4345037233891074
usda_census_qs,United States,US:17,Illinois,2002,2022,20,0.0463660068904722,0.0397437622743478,0.0157553952997029,0.4001969903868508,2.695804781313361e-05,2.695804781313361e-05,16,9997780.233949026,8918536.300452746,181754.49997087568,0.020379409114660324,0.029822198721856617,0.020379409114660324
usda_census_qs,United States,US:18,Indiana,2002,2022,20,0.0486432547174073,0.0684907609845773,0.0243924484799907,0.3772435565332491,3.991878396320415e-05,3.991878396320415e-05,13,5413544.987422362,4649310.7004418,151685.20000413805,0.032625309379673034,0.03898353320259807,0.032625309379673034
usda_census_qs,United States,US:19,Iowa,2002,2022,20,0.0692467226864953,0.1197319522558723,0.0378219910076551,0.4013026450023602,1.0884559705906122e-05,1.0884559705906122e-05,14,10521880.515190383,9292558.10350775,67899.99999067932,0.007306922295707623,0.0073446931983001795,0.007306922295707623
usda_census_qs,United States,US:20,Kansas,2002,2022,20,0.1411496811191031,0.2777160318095105,-0.0485427692227291,0.3139892286441001,2.9878301327484227e-06,2.9878301327484227e-06,14,13950800.170710277,7809758.404494703,1122302.6002891809,0.14370516245973355,0.11108633500514516,0.14370516245973355
usda_census_qs,United States,US:21,Kentucky,2002,2022,20,0.1522825523138254,0.3520430426466494,-0.1211310485326183,0.4278860720698317,6.63631803875903e-05,6.63631803875903e-05,12,3311238.2848832165,1244610.3018206507,21071.20003452152,0.016929957918312248,0.009356108492433863,0.016929957918312248
usda_census_qs,United States,US:22,Louisiana,2002,2022,20,0.2610211828353332,0.4469541764710186,0.0398746242794049,0.157746845989801,0.0001484590323588,0.0926217345507963,15,2180726.281560264,1197521.5995854512,419493.30007673055,0.3503012390105928,0.2955104875171934,0.3503012390105928
usda_census_qs,United States,US:23,Maine,2002,2022,20,0.1808296572009176,0.1476422558520148,0.0461350670083712,0.5238060659768077,0.0466698181086412,0.0466698181086412,13,213165.329124006,45201.20006876439,427.20000283420086,0.0094510765684164,0.07055433104948713,0.0094510765684164
usda_census_qs,United States,US:24,Maryland,2002,2022,20,0.0880775878802381,0.152872355650731,0.0178328538760957,0.2420535409342251,0.0003675286293992,0.0003675286293992,13,748747.7560858319,453090.60015791655,33972.29988531768,0.07497904364707025,0.06531199937736328,0.07497904364707025
usda_census_qs,United States,US:25,Massachusetts,2002,2022,20,0.2148295231658634,0.145448363596834,0.0327903615091996,0.6512143394439968,0.0726658492682545,0.0726658492682545,12,93076.888288716,10571.100022040308,741.5000010579824,0.07014407199931753,0.20521482795502569,0.07014407199931753
usda_census_qs,United States,US:26,Michigan,2002,2022,20,0.0944088788695965,0.1859517141417368,0.0039852972422624,0.2570360434536647,0.0023665060662344,0.0023665060662344,14,3323150.6114411284,2197474.1017323285,168780.80009681731,0.07680673003780242,0.10071442106150211,0.07680673003780242
usda_census_qs,United States,US:27,Minnesota,2002,2022,20,0.1157103902100869,0.2464541490821308,0.0472861191278025,0.2535849267674126,3.878949733219355e-05,3.878949733219355e-05,15,9639968.520490602,7040629.900109045,169308.49992400408,0.024047351206655788,0.0347140393338097,0.024047351206655788
usda_census_qs,United States,US:28,Mississippi,2002,2022,20,0.2858159911999154,0.6136266718149327,0.0577954785226204,0.2575649704944601,0.0001548109360012,0.0001548109360012,14,3097665.4373177164,1439787.2979821563,617416.5996789485,0.4288248691624451,0.22910189538229678,0.4288248691624451
usda_census_qs,United States,US:29,Missouri,2002,2022,20,0.124088570125375,0.25554946164332,-0.0034938343480692,0.2742837883994601,3.340227779921788e-05,3.340227779921788e-05,17,8226431.51972211,3782218.7965526283,455672.4997223541,0.12047756204312798,0.07915262504270597,0.12047756204312798
usda_census_qs,United States,US:30,Montana,2002,2022,20,0.112729529951397,0.0653854200656048,-0.0131836113893795,0.4388608830200167,4.37664137394942e-06,4.37664137394942e-06,15,7582120.582581576,2503910.5995762125,167821.69999616593,0.06702383864047294,0.21060862642419645,0.06702383864047294
usda_census_qs,United States,US:31,Nebraska,2002,2022,20,0.1024793687636836,0.201720153171214,0.0413841366288009,0.2876413565812694,1.4612480665861516e-06,1.4612480665861516e-06,14,12185588.918929933,6512465.498230062,3220857.0968496427,0.4945680092623903,0.5006924655326451,0.4945680092623903
usda_census_qs,United States,US:32,Nevada,2002,2022,20,0.0871380044893759,0.0437630263586046,-0.0393091729696818,0.9875958907364516,1.9897329778343747e-06,1.9897329778343747e-06,10,813547.6398254399,7849.399995073676,5785.299997270107,0.7370372258900032,0.723805662780055,0.7370372258900032
usda_census_qs,United States,US:33,New Hampshire,2002,2022,20,0.0898043006277023,0.0606828784506563,-0.0397409306246222,0.7621775761045472,0.0046545178435839,0.0046545178435839,12,53297.09905140001,1304.2000027298927,194.80000156909227,0.14936359543118055,0.034996203492786634,0.14936359543118055
usda_census_qs,United States,US:34,New Jersey,2002,2022,20,0.1312821824272873,0.1535708317098517,0.0009043935492994,0.3092190047741963,0.0199151417807817,0.0199151417807817,13,234823.699998204,96765.30009683967,15370.700016975403,0.15884516455374903,0.32937190441559155,0.15884516455374903
usda_census_qs,United States,US:35,New Mexico,2002,2022,20,0.1583914046304031,0.2927458095660817,0.1155911614442841,0.3380408440932785,3.561495698684513e-05,3.561495698684513e-05,15,874935.6189173461,151948.8000669703,63272.10000883043,0.4164040780904076,0.7834855757111543,0.4164040780904076
usda_census_qs,United States,US:36,New York,2002,2022,20,0.1594715585069842,0.3119598410223886,-0.1338581915245586,0.5299475119670944,0.0007536069794714,0.0007536069794714,15,2108792.1946378383,506330.2002378553,9348.300019033253,0.01846285292609796,0.025131746888612586,0.01846285292609796
usda_census_qs,United States,US:37,North Carolina,2002,2022,20,0.1494695118477888,0.3018612064197158,-0.0120611279648831,0.2096751664625517,0.0002779397872718,0.0002779397872718,17,2855253.47684637,1559616.401476048,41802.00003014505,0.026802744566281116,0.07200426334972011,0.026802744566281116
usda_census_qs,United States,US:38,North Dakota,2002,2022,20,0.1987686678801785,0.3676646433674169,-0.0562312864143004,0.2954489802646667,8.087933003047035e-07,8.087933003047035e-07,15,13009290.121513152,6808594.197771244,52821.40009339899,0.007758047925765613,0.010616967438230589,0.007758047925765613
usda_census_qs,United States,US:39,Ohio,2002,2022,20,0.0924186484087896,0.1931272590121345,0.0391352743473739,0.2843285299627452,0.000161647432255,0.000161647432255,14,4956945.86658096,3539979.1002776176,10421.399993248284,0.0029439156836917487,0.006018427807277073,0.0029439156836917487
usda_census_qs,United States,US:40,Oklahoma,2002,2022,20,0.0861578531762135,0.1318256790690049,-0.0332056343580727,0.4142785617534902,1.2279688989442997e-05,1.2279688989442997e-05,16,6195670.001203428,1976865.3995296508,150550.50006141514,0.07615617132923422,0.06509175736327383,0.07615617132923422
usda_census_qs,United States,US:41,Oregon,2002,2022,20,0.0799225173181182,0.1057951789328478,-0.0180263686569277,0.4860258288029954,0.0038997472100622,0.0038997472100622,14,2520421.028197632,548316.7997268513,109918.0999661684,0.20046458547490256,0.618802600345274,0.20046458547490256
usda_census_qs,United States,US:42,Pennsylvania,2002,2022,20,0.1328338671402248,0.2492217561926162,-0.096444577809691,0.4441877486785345,0.0005581059667389,0.0005581059667389,14,2381971.190413518,730433.4001326263,6135.800008423626,0.008400218291372679,0.013443642935185464,0.008400218291372679
usda_census_qs,United States,US:44,Rhode Island,2002,2022,20,0.1301362238113889,0.1377785558019018,-0.0783982472276699,0.6546451108184285,0.0092336103416435,0.0092336103416435,8,7888.941905148,654.4999982044101,100.69999973475933,0.15385790681592826,0.2625423207140659,0.15385790681592826
usda_census_qs,United States,US:45,South Carolina,2002,2022,20,0.1659263221888238,0.3207224929909506,-0.0250274963513239,0.2291504564257223,0.0002816170339652,0.0002816170339652,16,879448.268511288,527151.3999073058,35604.79998552799,0.0675418864329844,0.07827204941734725,0.0675418864329844
usda_census_qs,United States,US:46,South Dakota,2002,2022,20,0.1182063372334672,0.2504807631079999,-0.0304229748205156,0.2637900166319623,9.608197916740414e-07,9.608197916740414e-07,15,8002569.539708761,5072846.098320954,106276.20016197115,0.020950014666746387,0.033584292720323566,0.020950014666746387
usda_census_qs,United States,US:47,Tennessee,2002,2022,20,0.1439045541468784,0.3223307287704171,-0.0737767987262721,0.3452760871834989,7.237879780162182e-05,7.237879780162182e-05,17,3008075.320520472,1110816.6002679467,31618.500056639314,0.028464194763575215,0.014139292323703815,0.028464194763575215
usda_census_qs,United States,US:48,Texas,2002,2022,20,0.1407914669760067,0.3056657177793079,0.0051000914235159,0.2511014124079146,3.78663151745428e-05,0.0022634223184496,18,14897984.721979523,4466164.800298728,1374845.1005396694,0.30783572976252693,0.2741096105414172,0.30783572976252693
usda_census_qs,United States,US:49,Utah,2002,2022,20,0.0595881141470466,0.042846063415914,-0.002065376020756,0.7263848346288476,3.14279245447601e-05,3.14279245447601e-05,13,1261909.384423932,97824.90034351498,42259.90011289716,0.43199533006934115,0.708180817036244,0.43199533006934115
usda_census_qs,United States,US:50,Vermont,2002,2022,20,0.1019420773155068,0.1307557886527845,-0.0807527862464196,0.6834176461648023,0.0012644041495445,0.0012644041495445,12,211239.83483937,1303.0999979376793,126.50000094622374,0.09707620378054332,0.008935122656781326,0.09707620378054332
usda_census_qs,United States,US:51,Virginia,2002,2022,20,0.1021668038536125,0.1921947699470677,-0.0752139953007264,0.4365814828556327,0.0001771707263084,0.0001771707263084,16,1813620.152962026,523550.69961093366,17667.600012131035,0.03374572897192261,0.039827042099022374,0.03374572897192261
usda_census_qs,United States,US:53,Washington,2002,2022,20,0.1317952614204742,0.1414740803738612,0.0287832014674689,0.3948771693143769,0.0029839853946659,0.0029839853946659,14,3700911.708307584,1442156.397040218,187330.09995685518,0.1298958284561359,0.40234016886761426,0.1298958284561359
usda_census_qs,United States,US:54,West Virginia,2002,2022,20,0.0498502565245157,0.0283327736423435,-0.0147587656838596,0.8703807258966587,0.0002209904359327,0.0002209904359327,13,487108.776077424,23302.600040748715,32.4000001847744,0.0013904027931697439,0.0033273184056786236,0.0013904027931697439
usda_census_qs,United States,US:55,Wisconsin,2002,2022,20,0.1540562613250606,0.3241355948182349,-0.0184090855414229,0.3311605183263977,0.0014579824771934,0.0014579824771934,16,4373877.221701211,2267270.4993863776,125012.90008673072,0.05513806143579457,0.060801514717777054,0.05513806143579457
usda_census_qs,United States,US:56,Wyoming,2002,2022,20,0.0718646037978805,0.0702790195118346,0.044514475991442,0.7414887516909004,1.0053878736147012e-06,1.0053878736147012e-06,14,1610067.726578088,137393.0002407953,80510.30001807958,0.5859854568790043,0.7764175717670999,0.5859854568790043
