country,crop,delta_share,W,B,I,exact_err,abs_W,abs_B,abs_I
Angola,avocado,0.00258243883407948,0.002329301383394923,0.0,0.0002531374506845566,0.0,0.002329301383394923,0.0,0.0002531374506845566
Angola,banana,0.02554295589234147,0.024131885077811638,0.0,0.00141107081452983,3.469446951953614e-18,0.024131885077811638,0.0,0.00141107081452983
Angola,beans (mixed),0.016511206542347903,0.0005755582554421912,0.015988994891010504,-5.334660410478325e-05,1.0408340855860843e-17,0.0005755582554421912,0.015988994891010504,5.334660410478325e-05
Angola,cabbage,0.004438919083116894,0.003924700715577075,0.0,0.000514218367539819,0.0,0.003924700715577075,0.0,0.000514218367539819
Angola,carrots,0.0024923009619337664,0.00288503917927212,0.0,-0.00039273821733835316,4.336808689942018e-19,0.00288503917927212,0.0,0.00039273821733835316
Angola,cassava,-0.13989328874279863,-0.06574684970232028,-0.11142585596982818,0.03727941692934985,2.7755575615628914e-17,0.06574684970232028,0.11142585596982818,0.03727941692934985
Angola,chili pepper,0.0005159836973442262,0.0006722038834656889,0.0,-0.00015622018612146285,2.168404344971009e-19,0.0006722038834656889,0.0,0.00015622018612146285
Angola,green bean,0.005397022756307343,0.005397022756307343,0.0,0.0,0.0,0.005397022756307343,0.0,0.0
Angola,groundnuts (in shell),-0.001590777264782503,0.009746124440035236,-0.004522360468779146,-0.006814541236038598,5.204170427930421e-18,0.009746124440035236,0.004522360468779146,0.006814541236038598
Angola,maize,0.12408875940199549,0.04286137494860899,0.08783247072488483,-0.006605086271498287,4.163336342344337e-17,0.04286137494860899,0.08783247072488483,0.006605086271498287
Angola,melon,0.00011431622123425294,0.00011771446822885691,0.0,-3.3982469946039844e-06,1.3552527156068805e-20,0.00011771446822885691,0.0,3.3982469946039844e-06
Angola,millet,-0.05488746962670379,-0.03004330905267641,-0.009155648471604416,-0.01568851210242297,6.938893903907228e-18,0.03004330905267641,0.009155648471604416,0.01568851210242297
Angola,okras,0.0003003881741342109,0.0003618959475994095,0.0,-6.150777346519863e-05,0.0,0.0003618959475994095,0.0,6.150777346519863e-05
Angola,onions,0.006915073083026881,0.005549888825625206,0.0,0.0013651842574016757,0.0,0.005549888825625206,0.0,0.0013651842574016757
Angola,pineapple,0.007375799286107991,0.008274811740470515,0.0,-0.0008990124543625248,8.673617379884035e-19,0.008274811740470515,0.0,0.0008990124543625248
Angola,potato,-0.015582565459749922,-0.01643195822704749,0.005219324137269124,-0.004369931369971556,1.734723475976807e-18,0.01643195822704749,0.005219324137269124,0.004369931369971556
Angola,rice,-0.0016242907937757444,-0.003420671198713506,-9.549746828300593e-05,0.0018918778732207675,0.0,0.003420671198713506,9.549746828300593e-05,0.0018918778732207675
Angola,sorghum,0.042720439786790826,0.04962391834523295,0.0,-0.00690347855844213,6.938893903907228e-18,0.04962391834523295,0.0,0.00690347855844213
Angola,soybean,0.012663973056348286,0.011627888161754866,0.0,0.0010360848945934202,0.0,0.011627888161754866,0.0,0.0010360848945934202
Angola,sweet potatoes,-0.036646422804222686,-0.028345126366888945,0.0010710927057943206,-0.00937238914312806,0.0,0.028345126366888945,0.0010710927057943206,0.00937238914312806
Angola,tomato,0.006746863468140037,0.005470799169588959,0.0,0.0012760642985510762,8.673617379884035e-19,0.005470799169588959,0.0,0.0012760642985510762
Angola,watermelon,0.00015861615045799317,0.0002990817490819844,0.0,-0.00014046559862399132,8.131516293641283e-20,0.0002990817490819844,0.0,0.00014046559862399132
Angola,wheat,0.007017717364139477,0.00662306489019763,0.0,0.00039465247394184736,0.0,0.00662306489019763,0.0,0.00039465247394184736
Benin,bambara groundnut,-0.006872433569393858,-0.0075224767004885736,0.0018561620147947637,-0.0012061188837000473,1.734723475976807e-18,0.0075224767004885736,0.0018561620147947637,0.0012061188837000473
Benin,cassava,-0.025255662158341616,-0.02511406207525014,0.00021747447619719328,-0.00035907455928868993,1.734723475976807e-17,0.02511406207525014,0.00021747447619719328,0.00035907455928868993
Benin,chili pepper,-0.0026162438393910296,-0.0022554225071167097,0.0003398911755786104,-0.0007007125078529291,1.3010426069826053e-18,0.0022554225071167097,0.0003398911755786104,0.0007007125078529291
Benin,cotton,-0.09712920742734399,-0.09712920742734399,-0.009990620432913646,0.009990620432913646,0.0,0.09712920742734399,0.009990620432913646,0.009990620432913646
Benin,cowpea,-0.020320767188500406,-0.023658868528373775,0.004025128774138939,-0.0006870274342655619,1.0408340855860843e-17,0.023658868528373775,0.004025128774138939,0.0006870274342655619
Benin,eggplant,0.0015176783713052814,0.0015237260092776186,0.0,-6.047637972337032e-06,2.168404344971009e-19,0.0015237260092776186,0.0,6.047637972337032e-06
Benin,fonio,0.004210965928374391,0.004060290188184862,9.647931827326656e-05,5.419642191626174e-05,8.673617379884035e-19,0.004060290188184862,9.647931827326656e-05,5.419642191626174e-05
Benin,geocarpa groundnut,-0.0015197888003803902,-0.0015614517946385509,4.921020144702607e-05,-7.547207188865415e-06,0.0,0.0015614517946385509,4.921020144702607e-05,7.547207188865415e-06
Benin,goussi,-0.0047080582457460305,-0.004809087192090931,0.0006216591605590995,-0.0005206302142141997,0.0,0.004809087192090931,0.0006216591605590995,0.0005206302142141997
Benin,groundnuts (in shell),-0.018730024225732785,-0.02267113097463694,0.00469818635095504,-0.0007570796020508708,1.3877787807814457e-17,0.02267113097463694,0.00469818635095504,0.0007570796020508708
Benin,lettuce,0.00042304882933559036,0.0003888108075388262,0.0,3.4238021796764216e-05,5.421010862427522e-20,0.0003888108075388262,0.0,3.4238021796764216e-05
Benin,maize,0.15068845532822855,0.15983528346503603,-0.0076662973222461515,-0.001480530814561409,8.326672684688674e-17,0.15983528346503603,0.0076662973222461515,0.001480530814561409
Benin,millet,-0.024191598483318935,-0.02425558314622479,0.00022118554944177294,-0.00015720088653591383,3.469446951953614e-18,0.02425558314622479,0.00022118554944177294,0.00015720088653591383
Benin,okras,-0.004657533004764238,-0.004815941609569261,0.00040752068340281126,-0.0002491120785977879,0.0,0.004815941609569261,0.00040752068340281126,0.0002491120785977879
Benin,onions,0.0011379716020802721,0.0013697660682227286,-6.089711449851505e-05,-0.00017089735164394108,2.168404344971009e-19,0.0013697660682227286,6.089711449851505e-05,0.00017089735164394108
Benin,pigeon pea,-0.0015064053918838742,-0.0015908739119933268,0.00043778807100088886,-0.00035331955089143603,2.168404344971009e-19,0.0015908739119933268,0.00043778807100088886,0.00035331955089143603
Benin,pineapple,-0.0046794599554047,-0.0046794599554047,-0.0007786824855330607,0.0007786824855330607,0.0,0.0046794599554047,0.0007786824855330607,0.0007786824855330607
Benin,potato,0.00032015146063618595,0.00029926805401133744,0.0,2.08834066248485e-05,0.0,0.00029926805401133744,0.0,2.08834066248485e-05
Benin,rice,0.020008923799596595,0.020667955124539672,0.0005958307152351903,-0.0012548620401782698,3.469446951953614e-18,0.020667955124539672,0.0005958307152351903,0.0012548620401782698
Benin,sesame seed,0.0007789768707029823,0.0007777966301360133,0.0,1.180240566968695e-06,2.168404344971009e-19,0.0007777966301360133,0.0,1.180240566968695e-06
Benin,sorghum,-0.06648484057469292,-0.06351449309570838,-0.006116638077820858,0.003146290598836317,0.0,0.06351449309570838,0.006116638077820858,0.003146290598836317
Benin,soybean,0.06926892401568877,0.06929634962498567,0.0001979352092052061,-0.00022536081850210902,0.0,0.06929634962498567,0.0001979352092052061,0.00022536081850210902
Benin,sugarcane,-0.0025618131657057985,-0.0025618131657057985,-8.593081547778973e-05,8.593081547778973e-05,0.0,0.0025618131657057985,8.593081547778973e-05,8.593081547778973e-05
Benin,sweet potatoes,-0.0034524738083486976,-0.003404307211045142,-0.0002674488556953391,0.00021928225839178405,4.336808689942018e-19,0.003404307211045142,0.0002674488556953391,0.00021928225839178405
Benin,taro,-8.333488352452509e-05,-9.780543333246913e-05,5.046951472175676e-05,-3.599896491381267e-05,5.421010862427522e-20,9.780543333246913e-05,5.046951472175676e-05,3.599896491381267e-05
Benin,tobacco,-0.006963413878865243,-0.006963413878865243,-0.00015114867199996594,0.00015114867199996594,0.0,0.006963413878865243,0.00015114867199996594,0.00015114867199996594
Benin,tomato,0.0005267308659700227,0.0009913705089844701,-6.548927950219885e-05,-0.00039915036351224903,4.336808689942018e-19,0.0009913705089844701,6.548927950219885e-05,0.00039915036351224903
Benin,yams,-0.01066018548454345,-0.012226313000118373,0.0014191020277644392,0.00014702548781049435,8.673617379884035e-18,0.012226313000118373,0.0014191020277644392,0.00014702548781049435
Brazil,abacate,-0.00021956771843239948,-0.00021956771843239948,-8.098212397617526e-06,8.098212397617526e-06,0.0,0.00021956771843239948,8.098212397617526e-06,8.098212397617526e-06
Brazil,abacate (2),9.14788252617082e-05,8.361250593586532e-05,0.0,7.866319325842872e-06,0.0,8.361250593586532e-05,0.0,7.866319325842872e-06
Brazil,abacaxi (1) (2),-0.0007241691272253283,-0.00043344615978356397,-0.00026032919800986665,-3.0393769431897955e-05,2.168404344971009e-19,0.00043344615978356397,0.00026032919800986665,3.0393769431897955e-05
Brazil,algodão arbóreo (em caroço),-0.0010777566840689764,-0.0010777566840689764,-0.00013329959703726525,0.00013329959703726525,0.0,0.0010777566840689764,0.00013329959703726525,0.00013329959703726525
Brazil,algodão herbáceo  (em caroço),0.014923032872395655,0.014272655492964238,0.0,0.0006503773794314205,3.469446951953614e-18,0.014272655492964238,0.0,0.0006503773794314205
Brazil,algodão herbáceo (caroço),-0.02827641329454198,-0.02827641329454198,0.00601555248520307,-0.00601555248520307,0.0,0.02827641329454198,0.00601555248520307,0.00601555248520307
Brazil,alho,-0.0004863654336675269,-0.0004823232886670613,-2.7538080641109404e-06,-1.28833693635479e-06,1.0842021724855044e-19,0.0004823232886670613,2.7538080641109404e-06,1.28833693635479e-06
Brazil,amendoim  (em casca),0.00017899951529237862,0.00023965522891175877,0.0,-6.0655713619380135e-05,2.710505431213761e-20,0.00023965522891175877,0.0,6.0655713619380135e-05
Brazil,amendoim (em casca),-0.0006749999058249172,-0.0006749999058249172,-0.00011027336194606088,0.00011027336194606088,0.0,0.0006749999058249172,0.00011027336194606088,0.00011027336194606088
Brazil,arroz  (em casca),0.01815450816380517,0.0210013333992431,0.0,-0.0028468252354379303,0.0,0.0210013333992431,0.0,0.0028468252354379303
Brazil,arroz (em casca),-0.06892101341650533,-0.06892101341650533,0.007098270253139801,-0.007098270253139801,0.0,0.06892101341650533,0.007098270253139801,0.007098270253139801
Brazil,aveia  (em grão),0.006263980558627148,0.007006353021210289,0.0,-0.000742372462583141,0.0,0.007006353021210289,0.0,0.000742372462583141
Brazil,aveia (em grão),-0.007520908851509741,-0.007520908851509741,-0.0005497825272360982,0.0005497825272360982,8.673617379884035e-19,0.007520908851509741,0.0005497825272360982,0.0005497825272360982
Brazil,azeitona (2),1.7134096624671482e-05,1.6911301166163566e-05,0.0,2.227954585079138e-07,3.3881317890172014e-21,1.6911301166163566e-05,0.0,2.227954585079138e-07
Brazil,banana,-0.009669274984703144,-0.009669274984703144,-0.0032024638858181276,0.0032024638858181276,0.0,0.009669274984703144,0.0032024638858181276,0.0032024638858181276
Brazil,banana (2),0.0030093193462003382,0.005095533908035786,0.0,-0.002086214561835448,4.336808689942018e-19,0.005095533908035786,0.0,0.002086214561835448
Brazil,batata-doce,-0.0007446116543444621,-0.0005118522608212944,-0.00037062365777520615,0.00013786426425203846,1.0842021724855044e-19,0.0005118522608212944,0.00037062365777520615,0.00013786426425203846
Brazil,batata-inglesa,-0.0031929627110238905,-0.0032874996552625015,0.0002796451927376717,-0.0001851082484990612,8.673617379884035e-19,0.0032874996552625015,0.0002796451927376717,0.0001851082484990612
Brazil,borracha  (látex coagulado) (2),0.0010766163433849065,0.0013856298153862106,0.0,-0.0003090134720013042,2.168404344971009e-19,0.0013856298153862106,0.0,0.0003090134720013042
Brazil,borracha (látex coagulado),-0.0030521431096609134,-0.0030521431096609134,-2.467136929252048e-05,2.467136929252048e-05,0.0,0.0030521431096609134,2.467136929252048e-05,2.467136929252048e-05
Brazil,cacau  (em amêndoa) (2),0.011502588493103887,0.018036294827925757,0.0,-0.006533706334821868,1.734723475976807e-18,0.018036294827925757,0.0,0.006533706334821868
Brazil,cacau (em amêndoa),-0.035031837859633284,-0.035031837859633284,-0.012481453425656047,0.012481453425656047,0.0,0.035031837859633284,0.012481453425656047,0.012481453425656047
Brazil,café  (beneficiado) (2),0.020678673156226582,0.02847837501616003,0.0,-0.007799701859933446,0.0,0.02847837501616003,0.0,0.007799701859933446
Brazil,café (beneficiado),-0.07021144832651394,-0.07021144832651394,-0.017147599780299894,0.017147599780299894,0.0,0.07021144832651394,0.017147599780299894,0.017147599780299894
Brazil,cana-de-açúcar (2),-0.028256035439031817,-0.017059461847509512,-0.017776251686191694,0.006579678094669387,0.0,0.017059461847509512,0.017776251686191694,0.006579678094669387
Brazil,caqui,-0.00015138307541812896,-0.00015138307541812896,-1.9049451701917525e-05,1.9049451701917525e-05,0.0,0.00015138307541812896,1.9049451701917525e-05,1.9049451701917525e-05
Brazil,caqui (2),8.740582090678121e-05,0.00010371410395219,0.0,-1.6308283045408794e-05,1.3552527156068805e-20,0.00010371410395219,0.0,1.6308283045408794e-05
Brazil,castanha de caju (2),0.0022056216239941893,0.007263312227884485,0.0,-0.0050576906038902955,0.0,0.007263312227884485,0.0,0.0050576906038902955
Brazil,castanha de cajú,-0.021143341373190478,-0.021143341373190478,-0.010303139098930464,0.010303139098930464,3.469446951953614e-18,0.021143341373190478,0.010303139098930464,0.010303139098930464
Brazil,cebola,-0.0017200255482543126,-0.001512109733531868,-0.0004941449625548513,0.00028622914783240624,4.336808689942018e-19,0.001512109733531868,0.0004941449625548513,0.00028622914783240624
Brazil,centeio  (em grão),7.997293304023394e-05,8.540164226096272e-05,0.0,-5.428709220728768e-06,1.3552527156068805e-20,8.540164226096272e-05,0.0,5.428709220728768e-06
Brazil,centeio (em grão),-0.00044197184831966483,-0.00044197184831966483,1.7493064210489925e-05,-1.7493064210489925e-05,0.0,0.00044197184831966483,1.7493064210489925e-05,1.7493064210489925e-05
Brazil,cevada  (em grão),0.0021949243640610175,0.0021341875228549226,0.0,6.073684120609533e-05,4.336808689942018e-19,0.0021341875228549226,0.0,6.073684120609533e-05
Brazil,cevada (em grão),-0.011420376432321782,-0.011420376432321782,0.0003822125532528249,-0.0003822125532528249,0.0,0.011420376432321782,0.0003822125532528249,0.0003822125532528249
Brazil,coco-da-baía (1),-0.009821556500080663,-0.009821556500080663,-0.004626371903439028,0.004626371903439028,0.0,0.009821556500080663,0.004626371903439028,0.004626371903439028
Brazil,coco-da-baía (1) (2),0.0023972149042320533,0.004899290093007269,0.0,-0.0025020751887752163,4.336808689942018e-19,0.004899290093007269,0.0,0.0025020751887752163
Brazil,dendê  (coco) (2),0.00401934454125216,0.0039758857298198315,0.0,4.345881143232777e-05,0.0,0.0039758857298198315,0.0,4.345881143232777e-05
Brazil,dendê (coco),-0.010139691241046625,-0.010139691241046625,0.00021890434564991843,-0.00021890434564991843,0.0,0.010139691241046625,0.00021890434564991843,0.00021890434564991843
Brazil,erva-mate  (folha verde) (2),0.0014360257923463362,0.001788133603075074,0.0,-0.00035210781072873783,0.0,0.001788133603075074,0.0,0.00035210781072873783
Brazil,erva-mate (folha verde),-0.0036295492581171094,-0.0036295492581171094,-0.0005965291340997102,0.0005965291340997102,4.336808689942018e-19,0.0036295492581171094,0.0005965291340997102,0.0005965291340997102
Brazil,ervilha  (em grão),5.428081407277413e-05,4.770795969440985e-05,0.0,6.572854378364293e-06,6.776263578034403e-21,4.770795969440985e-05,0.0,6.572854378364293e-06
Brazil,ervilha (em grão),-0.00013793817668070698,-0.00013793817668070698,7.441614087744013e-07,-7.441614087744013e-07,0.0,0.00013793817668070698,7.441614087744013e-07,7.441614087744013e-07
Brazil,fava  (em grão),0.00015979822423496965,0.00030303544453340927,0.0,-0.00014323722029843962,0.0,0.00030303544453340927,0.0,0.00014323722029843962
Brazil,fava (em grão),-0.0005492753823347973,-0.0005492753823347973,-0.00020080418401298533,0.00020080418401298533,0.0,0.0005492753823347973,0.00020080418401298533,0.00020080418401298533
Brazil,feijão  (em grão),0.014149195437860404,0.01822483039740935,0.0,-0.0040756349595489445,0.0,0.01822483039740935,0.0,0.0040756349595489445
Brazil,feijão (em grão),-0.07359491237433904,-0.07359491237433904,-0.021367755623910387,0.021367755623910387,0.0,0.07359491237433904,0.021367755623910387,0.021367755623910387
Brazil,figo,-0.00013053943520284974,-0.00013053943520284974,-2.9946815862681922e-05,2.9946815862681922e-05,0.0,0.00013053943520284974,2.9946815862681922e-05,2.9946815862681922e-05
Brazil,figo (2),6.210652146705642e-05,6.109289866438465e-05,0.0,1.0136228026717624e-06,0.0,6.109289866438465e-05,0.0,1.0136228026717624e-06
Brazil,fumo  (em folha),0.009737217670630502,0.010044539832600258,0.0,-0.00030732216196975457,1.734723475976807e-18,0.010044539832600258,0.0,0.00030732216196975457
Brazil,fumo (em folha),-0.015214182481429354,-0.015214182481429354,-0.00034601216509677683,0.00034601216509677683,0.0,0.015214182481429354,0.00034601216509677683,0.00034601216509677683
Brazil,girassol  (em grão),0.0006360411432532196,0.0005434288483398098,0.0,9.261229491340968e-05,0.0,0.0005434288483398098,0.0,9.261229491340968e-05
Brazil,goiaba,-0.0003758919239820786,-0.0003758919239820786,-0.00013473668795397378,0.00013473668795397378,5.421010862427522e-20,0.0003758919239820786,0.00013473668795397378,0.00013473668795397378
Brazil,goiaba (2),0.00011016814130783911,0.00022497846913847053,0.0,-0.00011481032783063141,1.3552527156068805e-20,0.00022497846913847053,0.0,0.00011481032783063141
Brazil,guaraná  (semente) (2),0.0003004218406757795,0.0006696330999680471,0.0,-0.0003692112592922676,5.421010862427522e-20,0.0006696330999680471,0.0,0.0003692112592922676
Brazil,guaraná (semente),-0.001191169338449458,-0.001191169338449458,-0.0005642395523976163,0.0005642395523976163,2.168404344971009e-19,0.001191169338449458,0.0005642395523976163,0.0005642395523976163
Brazil,juta  (fibra),0.0006546287709344826,0.0006546287709344826,0.0,0.0,0.0,0.0006546287709344826,0.0,0.0
Brazil,juta (fibra),-0.003420902370377108,-0.003420902370377108,0.0,0.0,0.0,0.003420902370377108,0.0,0.0
Brazil,laranja,-0.007037985881810504,-0.007037985881810504,-0.001978332227182455,0.001978332227182455,8.673617379884035e-19,0.007037985881810504,0.001978332227182455,0.001978332227182455
Brazil,laranja (2),0.002210022493418039,0.0032024647036618704,0.0,-0.0009924422102438317,0.0,0.0032024647036618704,0.0,0.0009924422102438317
Brazil,lavouras permanentes,0.03670298453655044,0.05174474436721117,0.0,-0.015041759830660735,0.0,0.05174474436721117,0.0,0.015041759830660735
Brazil,lavouras temporárias,0.4633027718011068,0.4482670640900785,0.0,0.015035707711028343,5.551115123125783e-17,0.4482670640900785,0.0,0.015035707711028343
Brazil,limão,-0.00036832672988836875,-0.00036832672988836875,-0.00011642705872448217,0.00011642705872448217,5.421010862427522e-20,0.00036832672988836875,0.00011642705872448217,0.00011642705872448217
Brazil,limão (2),0.00017881064383955334,0.00026406754247512476,0.0,-8.525689863557142e-05,0.0,0.00026406754247512476,0.0,8.525689863557142e-05
Brazil,linho  (semente),0.0006572774081578836,0.0006572774081578836,0.0,0.0,0.0,0.0006572774081578836,0.0,0.0
Brazil,linho (semente),-0.0007529451056676649,-0.0007529451056676649,0.0,0.0,0.0,0.0007529451056676649,0.0,0.0
Brazil,malva  (fibra),0.009496313516825219,0.009496313516825219,0.0,0.0,0.0,0.009496313516825219,0.0,0.0
Brazil,malva (fibra),-0.022011005502751375,-0.022011005502751375,0.0,0.0,0.0,0.022011005502751375,0.0,0.0
Brazil,mamona  (baga),0.0007914450029157214,0.0011898510596633177,0.0,-0.0003984060567475963,1.0842021724855044e-19,0.0011898510596633177,0.0,0.0003984060567475963
Brazil,mamona (baga),-0.004901566285589666,-0.004901566285589666,-0.0012744847308665444,0.0012744847308665444,0.0,0.004901566285589666,0.0012744847308665444,0.0012744847308665444
Brazil,mamão,-0.0007645511068806948,-0.0007645511068806948,-0.0002176950680353513,0.0002176950680353513,0.0,0.0007645511068806948,0.0002176950680353513,0.0002176950680353513
Brazil,mamão (2),0.00027467513325287645,0.000462130215288301,0.0,-0.00018745508203542457,0.0,0.000462130215288301,0.0,0.00018745508203542457
Brazil,mandioca (2),-0.023345581839932326,-0.019304797131619846,-0.007732157601153187,0.0036913728928407064,0.0,0.019304797131619846,0.007732157601153187,0.0036913728928407064
Brazil,manga,-0.001328343219880771,-0.001328343219880771,-0.0004330825083142108,0.0004330825083142108,0.0,0.001328343219880771,0.0004330825083142108,0.0004330825083142108
Brazil,manga (2),0.0006281251669215222,0.0010840940235380613,0.0,-0.000455968856616539,2.168404344971009e-19,0.0010840940235380613,0.0,0.000455968856616539
Brazil,maracujá,-0.0010410402091044066,-0.0010410402091044066,-0.00039367895599851636,0.00039367895599851636,0.0,0.0010410402091044066,0.00039367895599851636,0.00039367895599851636
Brazil,maracujá (2),0.00032804076069743694,0.0005098009967618307,0.0,-0.00018176023606439367,5.421010862427522e-20,0.0005098009967618307,0.0,0.00018176023606439367
Brazil,marmelo,-1.5386274357183437e-05,-1.5386274357183437e-05,7.313210783831632e-07,-7.313210783831632e-07,0.0,1.5386274357183437e-05,7.313210783831632e-07,7.313210783831632e-07
Brazil,marmelo (2),2.505551817882915e-06,2.3783175840708526e-06,0.0,1.2723423381206275e-07,0.0,2.3783175840708526e-06,0.0,1.2723423381206275e-07
Brazil,maçã,-0.0022354502443025608,-0.0022354502443025608,-0.00025903722113185094,0.00025903722113185094,0.0,0.0022354502443025608,0.00025903722113185094,0.00025903722113185094
Brazil,maçã (2),0.0008130279584161631,0.0009119086934493722,0.0,-9.8880735033209e-05,1.0842021724855044e-19,0.0009119086934493722,0.0,9.8880735033209e-05
Brazil,melancia,-0.0010104314496812562,-0.0006805091341543388,-0.00033610936294515783,6.187047418240213e-06,2.168404344971009e-19,0.0006805091341543388,0.00033610936294515783,6.187047418240213e-06
Brazil,melão,-0.0002780534941263023,0.00022821225681180792,-0.00028254399242357996,-0.00022372175851453034,5.421010862427522e-20,0.00022821225681180792,0.00028254399242357996,0.00022372175851453034
Brazil,milho  (em grão),0.10028542271630342,0.08595213983617059,0.0,0.014333282880132834,0.0,0.08595213983617059,0.0,0.014333282880132834
Brazil,milho (em grão),-0.19980305463324582,-0.19980305463324582,-0.011288970343534079,0.011288970343534079,0.0,0.19980305463324582,0.011288970343534079,0.011288970343534079
Brazil,noz  (fruto seco) (2),0.0001029369491556585,9.894091993936684e-05,0.0,3.996029216291637e-06,1.3552527156068805e-20,9.894091993936684e-05,0.0,3.996029216291637e-06
Brazil,noz (fruto seco),-0.00011646380893631568,-0.00011646380893631568,-3.230204934948169e-06,3.230204934948169e-06,0.0,0.00011646380893631568,3.230204934948169e-06,3.230204934948169e-06
Brazil,palmito,-0.00011556235514487652,-0.00011556235514487652,-2.5717690832466937e-05,2.5717690832466937e-05,0.0,0.00011556235514487652,2.5717690832466937e-05,2.5717690832466937e-05
Brazil,palmito (2),0.00018915133623358934,0.00029609844900090607,0.0,-0.00010694711276731672,0.0,0.00029609844900090607,0.0,0.00010694711276731672
Brazil,pera (2),3.5501089500933714e-05,3.89546128286294e-05,0.0,-3.4535233276956903e-06,0.0,3.89546128286294e-05,0.0,3.4535233276956903e-06
Brazil,pimenta-do-reino,-0.00010415345625564205,-0.00010415345625564205,-3.8503745659672124e-05,3.8503745659672124e-05,0.0,0.00010415345625564205,3.8503745659672124e-05,3.8503745659672124e-05
Brazil,pimenta-do-reino (2),4.441118218486941e-05,7.188473080913115e-05,0.0,-2.7473548624261736e-05,6.776263578034403e-21,7.188473080913115e-05,0.0,2.7473548624261736e-05
Brazil,pêra,-0.00010254704466164776,-0.00010254704466164776,-1.0167568865854116e-06,1.0167568865854116e-06,0.0,0.00010254704466164776,1.0167568865854116e-06,1.0167568865854116e-06
Brazil,pêssego,-0.001466504301748423,-0.001466504301748423,-3.7317121296924025e-05,3.7317121296924025e-05,0.0,0.001466504301748423,3.7317121296924025e-05,3.7317121296924025e-05
Brazil,pêssego (2),0.00046451737233011575,0.00047511982050938594,0.0,-1.060244817927023e-05,5.421010862427522e-20,0.00047511982050938594,0.0,1.060244817927023e-05
Brazil,sisal ou agave  (fibra) (2),0.021398518408387496,0.020020018465786063,0.0,0.001378499942601434,0.0,0.020020018465786063,0.0,0.001378499942601434
Brazil,sisal ou agave (fibra),-0.036796346941590646,-0.036796346941590646,0.004948201267268759,-0.004948201267268759,0.0,0.036796346941590646,0.004948201267268759,0.004948201267268759
Brazil,soja  (em grão),0.2608928743844245,0.24286829525085502,0.0,0.018024579133569526,5.551115123125783e-17,0.24286829525085502,0.0,0.018024579133569526
Brazil,soja (em grão),-0.40031335373577065,-0.40031335373577065,0.06231310690148503,-0.06231310690148503,5.551115123125783e-17,0.40031335373577065,0.06231310690148503,0.06231310690148503
Brazil,sorgo granífero  (em grão),0.004468320785260444,0.004860632711897247,0.0,-0.00039231192663680354,8.673617379884035e-19,0.004860632711897247,0.0,0.00039231192663680354
Brazil,sorgo granífero (em grão),-0.009010074017756227,-0.009010074017756227,0.0014591505044890206,-0.0014591505044890206,0.0,0.009010074017756227,0.0014591505044890206,0.0014591505044890206
Brazil,tangerina,-0.0008258820416215978,-0.0008258820416215978,-0.00021215212858692478,0.00021215212858692478,0.0,0.0008258820416215978,0.00021215212858692478,0.00021215212858692478
Brazil,tangerina (2),0.000285367249354398,0.00039083986935473645,0.0,-0.00010547262000033849,5.421010862427522e-20,0.00039083986935473645,0.0,0.00010547262000033849
Brazil,tomate,-0.0007255593000458845,-0.0005573486041104509,-0.0003252049008466174,0.0001569942049111838,1.0842021724855044e-19,0.0005573486041104509,0.0003252049008466174,0.0001569942049111838
Brazil,trigo  (em grão),0.01882780412535564,0.02057337314789666,0.0,-0.0017455690225410187,0.0,0.02057337314789666,0.0,0.0017455690225410187
Brazil,trigo (em grão),-0.04431290054070399,-0.04431290054070399,-0.010056226998000446,0.010056226998000446,0.0,0.04431290054070399,0.010056226998000446,0.010056226998000446
Brazil,triticale  (em grão),0.0001879197792725393,0.00019105886336006207,0.0,-3.139084087522758e-06,0.0,0.00019105886336006207,0.0,3.139084087522758e-06
Brazil,tungue  (fruto seco) (2),3.607697609099876e-06,3.607697609099876e-06,0.0,0.0,0.0,3.607697609099876e-06,0.0,0.0
Brazil,tungue (fruto seco),-4.201793071283757e-05,-4.201793071283757e-05,0.0,0.0,0.0,4.201793071283757e-05,0.0,0.0
Brazil,urucum  (semente) (2),6.495797023144237e-05,8.620044120634779e-05,0.0,-2.124247097490543e-05,0.0,8.620044120634779e-05,0.0,2.124247097490543e-05
Brazil,urucum (semente),-0.00020160219725706073,-0.00020160219725706073,-9.74534503390685e-05,9.74534503390685e-05,0.0,0.00020160219725706073,9.74534503390685e-05,9.74534503390685e-05
Brazil,uva,-0.0018097098142283224,-0.0018097098142283224,-0.0004935763415444798,0.0004935763415444798,0.0,0.0018097098142283224,0.0004935763415444798,0.0004935763415444798
Brazil,uva (2),0.0008001498140206034,0.0011370696683577774,0.0,-0.00033691985433717395,1.0842021724855044e-19,0.0011370696683577774,0.0,0.00033691985433717395
Burkina Faso,bambara groundnut,0.0016115730265968018,0.0021585078817223592,-0.00014928860541809171,-0.0003976462497074653,4.336808689942018e-19,0.0021585078817223592,0.00014928860541809171,0.0003976462497074653
Burkina Faso,cotton,-0.06319816972328526,-0.06952678158506265,-0.0026937836946568754,0.00902239555643426,0.0,0.06952678158506265,0.0026937836946568754,0.00902239555643426
Burkina Faso,cowpea,0.03761508750120011,0.03973759282181974,3.323472137939963e-05,-0.002155740041999035,0.0,0.03973759282181974,3.323472137939963e-05,0.002155740041999035
Burkina Faso,fonio,-0.0012749537869904144,-0.0016431504777110833,0.0005742230612693738,-0.00020602637054870516,4.336808689942018e-19,0.0016431504777110833,0.0005742230612693738,0.00020602637054870516
Burkina Faso,groundnuts (in shell),-0.006379707859674413,-0.005589628203345142,0.003001027129493055,-0.0037911067858223263,0.0,0.005589628203345142,0.003001027129493055,0.0037911067858223263
Burkina Faso,maize,0.0730211861471676,0.06849514989200717,0.006243524372430274,-0.0017174881172697788,6.938893903907228e-17,0.06849514989200717,0.006243524372430274,0.0017174881172697788
Burkina Faso,millet,-0.11588667874026357,-0.1030111825754528,-0.010544430331978463,-0.0023310658328323363,4.163336342344337e-17,0.1030111825754528,0.010544430331978463,0.0023310658328323363
Burkina Faso,peanut,0.0068788455574549795,0.0068788455574549795,0.0,0.0,0.0,0.0068788455574549795,0.0,0.0
Burkina Faso,potato,0.0008620807949192099,0.0008262844173971162,0.0,3.579637752209371e-05,0.0,0.0008262844173971162,0.0,3.579637752209371e-05
Burkina Faso,red sorghum,0.0806621849565548,0.0806621849565548,0.0,0.0,0.0,0.0806621849565548,0.0,0.0
Burkina Faso,rice,0.019159533916524973,0.018235999796177283,0.0004694285869318496,0.000454105533415839,0.0,0.018235999796177283,0.0004694285869318496,0.000454105533415839
Burkina Faso,sesame,0.0425381914195271,0.0425381914195271,0.0,0.0,0.0,0.0425381914195271,0.0,0.0
Burkina Faso,sesame seed,0.08913819160162184,0.07993384083836325,0.0003855478714466778,0.008818802891811913,0.0,0.07993384083836325,0.0003855478714466778,0.008818802891811913
Burkina Faso,sorghum,-0.10951804330714221,-0.10441812628133683,0.0032193674056561947,-0.008319284431461628,5.551115123125783e-17,0.10441812628133683,0.0032193674056561947,0.008319284431461628
Burkina Faso,sorghum (red),0.05712455462035394,0.057275248651325716,0.0,-0.00015069403097178188,6.938893903907228e-18,0.057275248651325716,0.0,0.00015069403097178188
Burkina Faso,soybean,0.007730640873827002,0.0071409837029680285,-3.685754205637773e-05,0.0006265147129153509,0.0,0.0071409837029680285,3.685754205637773e-05,0.0006265147129153509
Burkina Faso,sweet potatoes,-0.0005672651085208336,-0.0005947692797078005,6.221045975868619e-05,-3.470628857171929e-05,0.0,0.0005947692797078005,6.221045975868619e-05,3.470628857171929e-05
Burkina Faso,white sorghum,0.14405286184226157,0.14405286184226157,0.0,0.0,0.0,0.14405286184226157,0.0,0.0
Burkina Faso,yam,6.178111860681806e-05,6.178111860681806e-05,0.0,0.0,0.0,6.178111860681806e-05,0.0,0.0
Burkina Faso,yams,0.00014783850046346317,0.0003592411127719781,-6.317490254079082e-05,-0.00014822770976772402,8.131516293641283e-20,0.0003592411127719781,6.317490254079082e-05,0.00014822770976772402
Canada,barley,-0.020865051847444104,-0.02432694637417759,0.0032532916598789845,0.0002086028668545054,3.469446951953614e-18,0.02432694637417759,0.0032532916598789845,0.0002086028668545054
Canada,"beans, all dry (white and coloured)",-0.0017569999859059402,-0.0013764196432668795,-0.0006400730080000435,0.00025949266536098305,0.0,0.0013764196432668795,0.0006400730080000435,0.00025949266536098305
Canada,"beans, dry coloured",-0.0003165836650294417,-9.001497922960175e-05,-0.00028592703219780145,5.9358346397961615e-05,1.6263032587282567e-19,9.001497922960175e-05,0.00028592703219780145,5.9358346397961615e-05
Canada,"beans, dry white",-0.0014404163208764983,-0.0012864046640372775,-0.000354145975802242,0.0002001343189630214,0.0,0.0012864046640372775,0.000354145975802242,0.0002001343189630214
Canada,borage seed,-5.07227998985544e-05,-5.07227998985544e-05,0.0,0.0,0.0,5.07227998985544e-05,0.0,0.0
Canada,buckwheat,-2.226727950411337e-05,1.1344442680473728e-05,-4.441644979465399e-05,1.080472761006687e-05,2.710505431213761e-20,1.1344442680473728e-05,4.441644979465399e-05,1.080472761006687e-05
Canada,canary seed,-0.002572032677939282,-0.002491063788157254,-0.00022663606217189497,0.00014566717238986702,4.336808689942018e-19,0.002491063788157254,0.00022663606217189497,0.00014566717238986702
Canada,canola (rapeseed),0.06833003721335208,0.06706574330031412,0.0015086137689274638,-0.0002443198558894892,1.3877787807814457e-17,0.06706574330031412,0.0015086137689274638,0.0002443198558894892
Canada,caraway seed,-0.000253613999492772,-0.000253613999492772,0.0,0.0,0.0,0.000253613999492772,0.0,0.0
Canada,chick peas,-0.00022058509557509615,-0.00026131941010887577,1.304228478979462e-05,2.7692029743984733e-05,2.710505431213761e-19,0.00026131941010887577,1.304228478979462e-05,2.7692029743984733e-05
Canada,coriander seed,-0.0003043367993913264,-0.0003043367993913264,0.0,0.0,0.0,0.0003043367993913264,0.0,0.0
Canada,corn for grain,-0.0014553831515639395,0.0028134009307985023,-0.0036148668583624376,-0.0006539172240000016,2.6020852139652106e-18,0.0028134009307985023,0.0036148668583624376,0.0006539172240000016
Canada,corn for silage,0.0014373468719125152,0.002058603332778466,-0.000573520063264616,-4.773639760133458e-05,2.168404344971009e-19,0.002058603332778466,0.000573520063264616,4.773639760133458e-05
Canada,faba beans,0.00047692098479468014,0.0004489596542478442,-9.474388732811868e-06,3.743571927964794e-05,1.0842021724855044e-19,0.0004489596542478442,9.474388732811868e-06,3.743571927964794e-05
Canada,flaxseed,-0.006908598641286397,-0.0068417088055816476,-0.0008183415394205363,0.0007514517037157876,8.673617379884035e-19,0.0068417088055816476,0.0008183415394205363,0.0007514517037157876
Canada,hemp,0.0,0.0,0.0,0.0,0.0,0.0,0.0,0.0
Canada,lentils,0.017537642465317083,0.017486101007406434,-0.00014801419402991084,0.00019955565194056034,0.0,0.017486101007406434,0.00014801419402991084,0.00019955565194056034
Canada,mixed grains,-0.0016805880470955774,-0.0015718934236042994,-0.00030801843849547714,0.00019932381500419857,4.336808689942018e-19,0.0015718934236042994,0.00030801843849547714,0.00019932381500419857
Canada,mustard seed,-0.002472486417054568,-0.002579552511151595,2.0506914665190305e-05,8.655917943183687e-05,0.0,0.002579552511151595,2.0506914665190305e-05,8.655917943183687e-05
Canada,oats,-0.007923819624148856,-0.0073363831663041815,-0.0014046555747553584,0.0008172191169106839,0.0,0.0073363831663041815,0.0014046555747553584,0.0008172191169106839
Canada,"peas, dry",0.008936839415372929,0.00691526545157194,0.0003904146890139852,0.0016311592747870023,1.734723475976807e-18,0.00691526545157194,0.0003904146890139852,0.0016311592747870023
Canada,"rye, all",0.0001776033847935639,0.00038641136862422167,-0.0001052338487147503,-0.00010357413511590734,1.0842021724855044e-19,0.00038641136862422167,0.0001052338487147503,0.00010357413511590734
Canada,"rye, fall remaining",0.00018591042000268266,0.0003859070070568769,-0.00011638425186949869,-8.361233518469556e-05,2.710505431213761e-20,0.0003859070070568769,0.00011638425186949869,8.361233518469556e-05
Canada,"rye, spring",-4.839911334857892e-05,-4.071282393768713e-05,1.115040315474839e-05,-1.883669256564018e-05,0.0,4.071282393768713e-05,1.115040315474839e-05,1.883669256564018e-05
Canada,safflower,-3.688063582216158e-05,-3.688063582216158e-05,2.4990744541770915e-06,-2.4990744541770915e-06,0.0,3.688063582216158e-05,2.4990744541770915e-06,2.4990744541770915e-06
Canada,soybeans,0.017299006548221085,0.024496830451296574,-0.003093857261834723,-0.004103966641240769,3.469446951953614e-18,0.024496830451296574,0.003093857261834723,0.004103966641240769
Canada,sugar beets,5.626363419014829e-06,-6.306805550269478e-06,6.039513078569848e-05,-4.846196181641418e-05,6.776263578034403e-21,6.306805550269478e-06,6.039513078569848e-05,4.846196181641418e-05
Canada,sunflower seed,-0.0014357690033515314,-0.0013349745533359626,-0.0003251415459667374,0.0002243470959511687,0.0,0.0013349745533359626,0.0003251415459667374,0.0002243470959511687
Canada,tame hay,-0.04481868128248376,-0.04237534161274724,0.0006278036780930987,-0.003071143347829603,1.3877787807814457e-17,0.04237534161274724,0.0006278036780930987,0.003071143347829603
Canada,triticale,0.0001642937374467612,0.00014359297779500388,1.5427018976585463e-05,5.273740675171827e-06,2.710505431213761e-20,0.00014359297779500388,1.5427018976585463e-05,5.273740675171827e-06
Canada,"wheat, all",-0.01234653498021257,-0.014831089561759108,0.0019448158254350978,0.0005397387561114558,1.5612511283791264e-17,0.014831089561759108,0.0019448158254350978,0.0005397387561114558
Canada,"wheat, all excluding durum wheat",0.0005448883005537974,-0.0014462187570594709,0.00044838031829480985,0.0015427267393184618,3.469446951953614e-18,0.0014462187570594709,0.00044838031829480985,0.0015427267393184618
Canada,"wheat, canada eastern red spring (cers)",0.001045066836835265,0.001213132212491319,0.0,-0.00016806537565605402,0.0,0.001213132212491319,0.0,0.00016806537565605402
Canada,"wheat, canada northern hard red (cnhr)",0.002839187333576113,0.003186139846087864,0.0,-0.00034695251251175117,0.0,0.003186139846087864,0.0,0.00034695251251175117
Canada,"wheat, canada prairie spring red (cpsr) and canada prairie spring white (cpsw)",-0.004545411367695639,-0.00542156843835156,0.0011070582601437591,-0.00023090118948783974,1.734723475976807e-18,0.00542156843835156,0.0011070582601437591,0.00023090118948783974
Canada,"wheat, canada western extra strong (cwes)",-0.0013072308711109867,-0.0012941236259956248,0.00021371524268700258,-0.00022682248780236445,0.0,0.0012941236259956248,0.00021371524268700258,0.00022682248780236445
Canada,"wheat, canada western hard white spring (cwhws)",0.00017573694251130095,0.0001569843833738453,0.0,1.875255913745567e-05,2.710505431213761e-20,0.0001569843833738453,0.0,1.875255913745567e-05
Canada,"wheat, canada western red spring (cwrs)",0.003233453292097177,0.0010951590288212833,0.0004090821313560795,0.0017292121319198185,4.336808689942018e-18,0.0010951590288212833,0.0004090821313560795,0.0017292121319198185
Canada,"wheat, canada western soft white spring (cwsws)",0.001847872399722867,0.001558719584785861,5.7424398261651845e-05,0.00023172841667535416,2.168404344971009e-19,0.001558719584785861,5.7424398261651845e-05,0.00023172841667535416
Canada,"wheat, canada western special purpose (cwsp)",0.0,0.0,0.0,0.0,0.0,0.0,0.0,0.0
Canada,"wheat, durum",-0.012891423280766354,-0.01338487080469964,0.0014964355071402854,-0.0010029879832070038,5.204170427930421e-18,0.01338487080469964,0.0014964355071402854,0.0010029879832070038
Canada,"wheat, other spring",0.0005651601401416803,0.0006400558242158876,4.648132371193702e-05,-0.00012137700778614446,0.0,0.0006400558242158876,4.648132371193702e-05,0.00012137700778614446
Canada,"wheat, spring",0.001893350162942925,-0.0009374955343619566,0.0014753578180810609,0.0013554878792238268,6.071532165918825e-18,0.0009374955343619566,0.0014753578180810609,0.0013554878792238268
Canada,"wheat, winter remaining",-0.001348461862389131,-0.0005087232226975158,-0.0010269774997862522,0.0001872388600946374,4.336808689942018e-19,0.0005087232226975158,0.0010269774997862522,0.0001872388600946374
Chad,bambara groundnut,0.00852223335309376,0.009271402773333182,0.0,-0.0007491694202394218,0.0,0.009271402773333182,0.0,0.0007491694202394218
Chad,cassava,-0.005486799463129384,-0.0042217380092265605,-0.00018439922752198532,-0.0010806622263808368,1.734723475976807e-18,0.0042217380092265605,0.00018439922752198532,0.0010806622263808368
Chad,cowpea,0.017830563975547088,0.019906733334951472,-0.0033476171164799,0.0012714477570755127,3.469446951953614e-18,0.019906733334951472,0.0033476171164799,0.0012714477570755127
Chad,fonio,-0.010366131774267115,-0.010366131774267115,0.0,0.0,0.0,0.010366131774267115,0.0,0.0
Chad,groundnuts (in shell),-0.009994114877628857,-0.015175070447447949,0.010092932242495894,-0.004911976672676775,2.7755575615628914e-17,0.015175070447447949,0.010092932242495894,0.004911976672676775
Chad,maize,0.01788469591668894,0.012825452430544027,-0.0006627755274315242,0.005722019013576429,6.938893903907228e-18,0.012825452430544027,0.0006627755274315242,0.005722019013576429
Chad,millet,-0.0750226987244629,-0.07792559588030484,-0.0004604644350273911,0.0033633615908693136,2.7755575615628914e-17,0.07792559588030484,0.0004604644350273911,0.0033633615908693136
Chad,rice,0.005607128343125156,0.025563713709655402,-0.006758689025208741,-0.013197896341321508,1.734723475976807e-18,0.025563713709655402,0.006758689025208741,0.013197896341321508
Chad,sesame seed,0.03774643510573873,0.035259220278658784,-0.0005404325486542726,0.003027647375734202,2.0816681711721685e-17,0.035259220278658784,0.0005404325486542726,0.003027647375734202
Chad,sorghum,0.0029443100058382243,-0.005713466966039534,0.002757695456267261,0.005900081515610418,7.979727989493313e-17,0.005713466966039534,0.002757695456267261,0.005900081515610418
Chad,sweet potatoes,0.007451224787822523,0.007853151392388376,0.0,-0.0004019266045658547,8.673617379884035e-19,0.007853151392388376,0.0,0.0004019266045658547
Chad,wheat,-0.024357566437303434,-0.024357566437303434,0.0,0.0,0.0,0.024357566437303434,0.0,0.0
Ethiopia,avocado,-0.0028184973580675887,-0.0028184973580675887,0.0,0.0,0.0,0.0028184973580675887,0.0,0.0
Ethiopia,banana,-0.0020444494890297597,6.286493247252296e-05,0.009683636484495488,-0.011790950905997771,1.734723475976807e-18,6.286493247252296e-05,0.009683636484495488,0.011790950905997771
Ethiopia,barley,-0.07756793212129903,-0.030765667605634307,-0.028350343804247544,-0.0184519207114172,1.3877787807814457e-17,0.030765667605634307,0.028350343804247544,0.0184519207114172
Ethiopia,beans (red),0.008973284660794605,0.00751983225640076,0.0,0.0014534524043938457,0.0,0.00751983225640076,0.0,0.0014534524043938457
Ethiopia,beans (white),-0.01330257497553519,-0.013175586596360454,0.001242904737802032,-0.0013698931169767717,1.734723475976807e-18,0.013175586596360454,0.001242904737802032,0.0013698931169767717
Ethiopia,beet,4.038088809595914e-05,3.838281515795939e-05,1.8571707817649669e-06,1.4090215623479858e-07,1.3552527156068805e-20,3.838281515795939e-05,1.8571707817649669e-06,1.4090215623479858e-07
Ethiopia,beetroot,-0.00014996466369024948,-0.00014996466369024948,0.0,0.0,0.0,0.00014996466369024948,0.0,0.0
Ethiopia,cabbage,-7.365448256978839e-05,1.901961351376025e-05,0.000139507608688238,-0.00023218170477178664,0.0,1.901961351376025e-05,0.000139507608688238,0.00023218170477178664
Ethiopia,carrots,3.5592125244043476e-05,3.313404278050368e-05,0.0,2.4580824635398e-06,0.0,3.313404278050368e-05,0.0,2.4580824635398e-06
Ethiopia,chat,0.019237979425702215,0.016968635761641176,-0.00013114764206707504,0.002400491306128116,3.469446951953614e-18,0.016968635761641176,0.00013114764206707504,0.002400491306128116
Ethiopia,chick peas,-0.02308155084078014,-0.02308155084078014,-0.0008662585276282384,0.0008662585276282384,0.0,0.02308155084078014,0.0008662585276282384,0.0008662585276282384
Ethiopia,chickpea,-6.554518239729338e-05,-6.554518239729338e-05,0.0,0.0,0.0,6.554518239729338e-05,0.0,0.0
Ethiopia,chili pepper,0.0019323786515539326,0.0022409491445426473,0.00024155733850711128,-0.0005501278314958234,2.3852447794681098e-18,0.0022409491445426473,0.00024155733850711128,0.0005501278314958234
Ethiopia,coffee,-0.005703696219019575,0.027743752345110756,0.04887874717842312,-0.08232619574255345,1.3010426069826053e-17,0.027743752345110756,0.04887874717842312,0.08232619574255345
Ethiopia,enset,0.9848880938243395,0.9848880938243395,0.0,0.0,0.0,0.9848880938243395,0.0,0.0
Ethiopia,ethiopian cabbage,-0.0029392346433951533,-0.0008982542613897723,0.0059659081662858885,-0.008006888548291268,1.3010426069826053e-18,0.0008982542613897723,0.0059659081662858885,0.008006888548291268
Ethiopia,faba bean,-0.03068178351621606,-0.030437402087188703,0.003126983651785325,-0.0033713650808126832,0.0,0.030437402087188703,0.003126983651785325,0.0033713650808126832
Ethiopia,fava bean,-0.011744082721140074,-0.011697889978137,-0.00036098037454716737,0.00031478763154410105,6.938893903907228e-18,0.011697889978137,0.00036098037454716737,0.00031478763154410105
Ethiopia,fenugreek,-0.0014497648309260154,-0.0006009962103990159,-0.0013543890268512397,0.0005056204063242401,0.0,0.0006009962103990159,0.0013543890268512397,0.0005056204063242401
Ethiopia,field pea,-0.022733109739714014,-0.022791414941228914,0.002350885772868952,-0.002292580571354048,6.938893903907228e-18,0.022791414941228914,0.002350885772868952,0.002292580571354048
Ethiopia,field peas,-0.00824835593373254,-0.00837779167983556,2.2465318652991224e-05,0.00010697042745002599,3.469446951953614e-18,0.00837779167983556,2.2465318652991224e-05,0.00010697042745002599
Ethiopia,finger millet,-0.018456148379000916,-0.010932755282067417,-0.014011199552669986,0.006487806455736487,3.469446951953614e-18,0.010932755282067417,0.014011199552669986,0.006487806455736487
Ethiopia,garlic,-0.00042260456288267274,8.057065434894476e-05,-0.00027115269988863233,-0.0002320225173429852,5.421010862427522e-20,8.057065434894476e-05,0.00027115269988863233,0.0002320225173429852
Ethiopia,grass pea,-0.00028214047771406986,0.0004485810210660355,-0.0005391464368211031,-0.0001915750619590018,5.421010862427522e-19,0.0004485810210660355,0.0005391464368211031,0.0001915750619590018
Ethiopia,green pepper,-0.0007726891079244899,-0.0007726891079244899,4.284408635175851e-05,-4.284408635175851e-05,0.0,0.0007726891079244899,4.284408635175851e-05,4.284408635175851e-05
Ethiopia,green peppers,-5.803891455940548e-05,-7.696698399312259e-05,4.090784419739477e-05,-2.1979774763677612e-05,4.743384504624082e-20,7.696698399312259e-05,4.090784419739477e-05,2.1979774763677612e-05
Ethiopia,groundnut,-0.0030223996268220732,0.003871240344600197,-0.002838522448613104,-0.004055117522809166,0.0,0.003871240344600197,0.002838522448613104,0.004055117522809166
Ethiopia,groundnuts (in shell),0.0014044842322524153,0.001307380631487671,2.051243522307555e-05,7.659116554166912e-05,4.336808689942018e-19,0.001307380631487671,2.051243522307555e-05,7.659116554166912e-05
Ethiopia,guava,-0.00012989103514717302,-0.00012989103514717302,0.0,0.0,0.0,0.00012989103514717302,0.0,0.0
Ethiopia,haricot bean,-0.03094756193441882,-0.03094756193441882,5.098491327894857e-06,-5.098491327894857e-06,0.0,0.03094756193441882,5.098491327894857e-06,5.098491327894857e-06
Ethiopia,hops,-2.8973360370210705e-05,0.0014039023407128733,0.0009552299843774449,-0.0023881056854605292,2.439454888092385e-19,0.0014039023407128733,0.0009552299843774449,0.0023881056854605292
Ethiopia,khat,-0.01664719215104051,-0.01664719215104051,0.0017921174763355842,-0.0017921174763355842,0.0,0.01664719215104051,0.0017921174763355842,0.0017921174763355842
Ethiopia,lemon,-0.00011290138284735685,-0.00011290138284735685,2.0735934366397507e-06,-2.0735934366397507e-06,0.0,0.00011290138284735685,2.0735934366397507e-06,2.0735934366397507e-06
Ethiopia,lentil,-0.000508045678203091,-0.000508045678203091,0.0,0.0,0.0,0.000508045678203091,0.0,0.0
Ethiopia,lentils,-0.0028053996346240877,-0.0024066104878751084,-0.00039083025911114313,-7.958887637836853e-06,4.336808689942018e-19,0.0024066104878751084,0.00039083025911114313,7.958887637836853e-06
Ethiopia,lettuce,-1.3433623622647293e-06,-1.0988900342178489e-06,2.699031053378802e-06,-2.9435033814256825e-06,2.117582368135751e-22,1.0988900342178489e-06,2.699031053378802e-06,2.9435033814256825e-06
Ethiopia,linseed,-0.010082481455770531,-0.007729857262927504,-0.008087756529933567,0.005735132337090541,1.734723475976807e-18,0.007729857262927504,0.008087756529933567,0.005735132337090541
Ethiopia,maize,-0.16727028203527186,-0.046587483558928174,0.093097704300674,-0.21378050277701766,2.7755575615628914e-17,0.046587483558928174,0.093097704300674,0.21378050277701766
Ethiopia,mango,-0.0013168891236857133,-0.0013168891236857133,-0.00014812757213251342,0.00014812757213251342,2.168404344971009e-19,0.0013168891236857133,0.00014812757213251342,0.00014812757213251342
Ethiopia,millet,-0.0028437879807529966,-0.0011922279876094995,-0.0015010758904211497,-0.00015048410272235283,5.637851296924623e-18,0.0011922279876094995,0.0015010758904211497,0.00015048410272235283
Ethiopia,mung bean,0.0012756789641009169,0.0012756789641009169,0.0,0.0,0.0,0.0012756789641009169,0.0,0.0
Ethiopia,neug,-0.015551589534370105,-0.015567075807024062,-0.0009242939915412526,0.0009397802641952104,1.734723475976807e-18,0.015567075807024062,0.0009242939915412526,0.0009397802641952104
Ethiopia,niger,-0.010977600849702951,-0.010977600849702951,0.0,0.0,0.0,0.010977600849702951,0.0,0.0
Ethiopia,oat,-0.00034821143151956424,-0.00034821143151956424,0.0,0.0,0.0,0.00034821143151956424,0.0,0.0
Ethiopia,oats,-0.0028254119756487566,-0.0028388819778342816,-2.132049978708316e-05,3.479050197260825e-05,0.0,0.0028388819778342816,2.132049978708316e-05,3.479050197260825e-05
Ethiopia,onion,-0.0006899480906596807,-0.0006899480906596807,5.6633676964332666e-05,-5.6633676964332666e-05,0.0,0.0006899480906596807,5.6633676964332666e-05,5.6633676964332666e-05
Ethiopia,onions,-0.0009794321824339453,-0.0009637799776517685,4.612032756226692e-05,-6.177253234444365e-05,0.0,0.0009637799776517685,4.612032756226692e-05,6.177253234444365e-05
Ethiopia,orange,-0.0004891438358644798,-0.0004891438358644798,3.871952277051136e-05,-3.871952277051136e-05,0.0,0.0004891438358644798,3.871952277051136e-05,3.871952277051136e-05
Ethiopia,papaya,-0.0006824404297646701,-0.0006824404297646701,5.076669714006652e-05,-5.076669714006652e-05,0.0,0.0006824404297646701,5.076669714006652e-05,5.076669714006652e-05
Ethiopia,potato,-0.004684296998665073,-0.002473714554537219,0.0005968007116869357,-0.0028073831558147887,8.673617379884035e-19,0.002473714554537219,0.0005968007116869357,0.0028073831558147887
Ethiopia,rape,-0.00046990771766974946,-0.0003650921519217882,-6.884765948391375e-05,-3.5967906264047717e-05,2.168404344971009e-19,0.0003650921519217882,6.884765948391375e-05,3.5967906264047717e-05
Ethiopia,rapeseed,-0.0003198969650300882,-0.0002852154409983798,-2.624152683964712e-05,-8.439997192061267e-06,0.0,0.0002852154409983798,2.624152683964712e-05,8.439997192061267e-06
Ethiopia,red chickpea,5.218889951072512e-05,5.218889951072512e-05,0.0,0.0,0.0,5.218889951072512e-05,0.0,0.0
Ethiopia,red haricot bean,0.0009500360355753819,0.0027644618489158167,0.0,-0.0018144258133404347,2.168404344971009e-19,0.0027644618489158167,0.0,0.0018144258133404347
Ethiopia,red pepper,-0.012412411974162402,-0.012412411974162402,0.0008176832402233011,-0.0008176832402233011,0.0,0.012412411974162402,0.0008176832402233011,0.0008176832402233011
Ethiopia,rice,-0.0005682293218996529,0.0014373673426976135,-0.0008238811468729156,-0.001181715517724351,2.168404344971009e-19,0.0014373673426976135,0.0008238811468729156,0.001181715517724351
Ethiopia,sesame,-0.011204996090046411,-0.0044364321745168495,-0.010918206134037626,0.004149642218508066,1.734723475976807e-18,0.0044364321745168495,0.010918206134037626,0.004149642218508066
Ethiopia,sesame seed,0.0053384774392691604,0.006252072320417484,-0.0001942988650823338,-0.0007192960160659878,2.6020852139652106e-18,0.006252072320417484,0.0001942988650823338,0.0007192960160659878
Ethiopia,sorghum,-0.11271664119829314,-0.021658472357903184,-0.0430440430426294,-0.04801412579776057,1.3877787807814457e-17,0.021658472357903184,0.0430440430426294,0.04801412579776057
Ethiopia,soybean,4.857514019051949e-05,0.00412840024094505,-0.0003568240840548024,-0.0037230010166997285,2.168404344971009e-19,0.00412840024094505,0.0003568240840548024,0.0037230010166997285
Ethiopia,sugarcane,-0.000882092920795051,0.00015068408272832497,0.0042646622437011615,-0.005297439247224537,4.336808689942018e-19,0.00015068408272832497,0.0042646622437011615,0.005297439247224537
Ethiopia,sunflower,-0.00015965535458374312,-0.00015965535458374312,-1.354607342523127e-06,1.354607342523127e-06,0.0,0.00015965535458374312,1.354607342523127e-06,1.354607342523127e-06
Ethiopia,sweet potato,-0.01648711547406449,-0.016517898511907093,0.0017614848307424924,-0.0017307017928998893,0.0,0.016517898511907093,0.0017614848307424924,0.0017307017928998893
Ethiopia,sweet potatoes,-0.0006199692405577258,-0.0012220636746993227,0.0008700352967771572,-0.00026794086263556035,0.0,0.0012220636746993227,0.0008700352967771572,0.00026794086263556035
Ethiopia,swiss chard,-2.422888176593416e-05,-2.422888176593416e-05,0.0,0.0,0.0,2.422888176593416e-05,0.0,0.0
Ethiopia,taro,-0.0066561141115475606,-0.0027802553026469354,0.008094013700520654,-0.011969872509421277,1.734723475976807e-18,0.0027802553026469354,0.008094013700520654,0.011969872509421277
Ethiopia,teff,-0.1806724048535266,-0.01563864145297733,-0.05118803071277347,-0.1138457326877758,0.0,0.01563864145297733,0.05118803071277347,0.1138457326877758
Ethiopia,tomato,-0.00013067511856272533,-5.105633093755317e-05,-3.70615707915071e-05,-4.255721683366504e-05,2.710505431213761e-20,5.105633093755317e-05,3.70615707915071e-05,4.255721683366504e-05
Ethiopia,vetch,-0.0006435857291280676,-0.0006435857291280676,0.0,0.0,0.0,0.0006435857291280676,0.0,0.0
Ethiopia,wheat,-0.09698406824612268,-0.0040415149602309785,-0.03548288648888986,-0.05745966679700185,0.0,0.0040415149602309785,0.03548288648888986,0.05745966679700185
Ethiopia,white chickpea,-0.003702196850797323,-0.0037061499437086127,0.000176036021678344,-0.00017208292876705396,4.336808689942018e-19,0.0037061499437086127,0.000176036021678344,0.00017208292876705396
Ethiopia,white haricot bean,-0.04704987637838274,-0.04610966164582097,0.004325335922296443,-0.0052655506548582144,6.938893903907228e-18,0.04610966164582097,0.004325335922296443,0.0052655506548582144
Ethiopia,yams,0.0032967955370494934,0.003109205000693669,0.0,0.00018759053635582454,0.0,0.003109205000693669,0.0,0.00018759053635582454
Ghana,banana,0.02252390405320291,0.021217313480211508,-0.001462317243123382,0.002768907816114765,2.42861286636753e-17,0.021217313480211508,0.001462317243123382,0.002768907816114765
Ghana,cassava,0.009608019221032327,0.013971287677133588,0.0038581921608646388,-0.008221460616965832,6.591949208711867e-17,0.013971287677133588,0.0038581921608646388,0.008221460616965832
Ghana,cowpea,0.0027446250670712866,0.0031360235370622627,0.002377052343610192,-0.002768450813601167,8.673617379884035e-19,0.0031360235370622627,0.002377052343610192,0.002768450813601167
Ghana,groundnuts (in shell),-0.0024189416757547932,-0.0027074240880807436,-0.00657199815513525,0.006860480567461192,7.806255641895632e-18,0.0027074240880807436,0.00657199815513525,0.006860480567461192
Ghana,maize,0.002912290682165475,0.006980405756789963,0.0003039205486916937,-0.004372035623316178,3.469446951953614e-18,0.006980405756789963,0.0003039205486916937,0.004372035623316178
Ghana,millet,-0.05090347321485583,-0.04589023550958198,-0.004740596307947584,-0.00027264139732625264,1.3877787807814457e-17,0.04589023550958198,0.004740596307947584,0.00027264139732625264
Ghana,rice,0.029934735446756774,0.029452959905678554,0.0014691406375282052,-0.0009873650964499858,3.469446951953614e-18,0.029452959905678554,0.0014691406375282052,0.0009873650964499858
Ghana,sorghum,-0.07777705707369238,-0.06826464137869759,-0.016627286165995986,0.007114870471001203,1.3877787807814457e-17,0.06826464137869759,0.016627286165995986,0.007114870471001203
Ghana,taro,-0.04795667529642021,-0.05142983008778508,-0.00240864199235906,0.005881796783723917,1.3877787807814457e-17,0.05142983008778508,0.00240864199235906,0.005881796783723917
Ghana,yams,0.030434559077532786,0.027190542870381754,0.00416506248799117,-0.0009210462808401486,1.0408340855860843e-17,0.027190542870381754,0.00416506248799117,0.0009210462808401486
Indonesia,banana,0.03394456503385873,0.03394456503385873,0.0,0.0,0.0,0.03394456503385873,0.0,0.0
Indonesia,cashew,0.03536825262139832,0.05372608193252851,0.0,-0.01835782931113018,6.938893903907228e-18,0.05372608193252851,0.0,0.01835782931113018
Indonesia,cassava,-0.07107841939119003,-0.07107841939119003,-0.013075994696939626,0.013075994696939626,0.0,0.07107841939119003,0.013075994696939626,0.013075994696939626
Indonesia,cayenne pepper,0.0009698447152531066,0.0009698447152531066,0.0,0.0,0.0,0.0009698447152531066,0.0,0.0
Indonesia,clove,0.02712859399946223,0.052409556870958995,0.0,-0.025280962871496754,1.0408340855860843e-17,0.052409556870958995,0.0,0.025280962871496754
Indonesia,cocoa,0.06513296503971312,0.07689178911182139,0.0,-0.011758824072108275,1.3877787807814457e-17,0.07689178911182139,0.0,0.011758824072108275
Indonesia,coconut,0.1325742567681864,0.26755389200436075,0.0,-0.13497963523617434,0.0,0.26755389200436075,0.0,0.13497963523617434
Indonesia,coffee,0.04833590065838898,0.09141999212187192,0.0,-0.043084091463482924,1.3877787807814457e-17,0.09141999212187192,0.0,0.043084091463482924
Indonesia,corn,-0.1785132832808296,-0.1785132832808296,-0.057176808044838844,0.057176808044838844,0.0,0.1785132832808296,0.057176808044838844,0.057176808044838844
Indonesia,cotton,0.0007928769853759847,0.0004313932484787903,0.0,0.0003614837368971943,0.0,0.0004313932484787903,0.0,0.0003614837368971943
Indonesia,durian,0.003394456503385873,0.003394456503385873,0.0,0.0,0.0,0.003394456503385873,0.0,0.0
Indonesia,galangal,0.0001546902320828705,0.0001546902320828705,0.0,0.0,0.0,0.0001546902320828705,0.0,0.0
Indonesia,ginger,0.00020255206878061133,0.00020255206878061133,0.0,0.0,0.0,0.00020255206878061133,0.0,0.0
Indonesia,green bean,-0.01823876873032649,-0.01823876873032649,-0.008349436574425158,0.008349436574425158,0.0,0.01823876873032649,0.008349436574425158,0.008349436574425158
Indonesia,mango,0.19348402069299475,0.19348402069299475,0.0,0.0,0.0,0.19348402069299475,0.0,0.0
Indonesia,nutmeg,0.012636559873776614,0.007227324381112356,0.0,0.005409235492664255,1.734723475976807e-18,0.007227324381112356,0.0,0.005409235492664255
Indonesia,orange,0.0004849223576265533,0.0004849223576265533,0.0,0.0,0.0,0.0004849223576265533,0.0,0.0
Indonesia,orchid,0.002426890923213611,0.002426890923213611,0.0,0.0,0.0,0.002426890923213611,0.0,0.0
Indonesia,palm oil,0.5642904072875039,0.3501506975405834,0.0,0.21413970974692037,1.1102230246251565e-16,0.3501506975405834,0.0,0.21413970974692037
Indonesia,peanut,-0.03413234140826264,-0.03413234140826264,-0.011140162327669682,0.011140162327669682,0.0,0.03413234140826264,0.011140162327669682,0.011140162327669682
Indonesia,pepper,0.004997590147127228,0.008988893975889718,0.0,-0.003991303828762489,8.673617379884035e-19,0.008988893975889718,0.0,0.003991303828762489
Indonesia,rice,-0.6582775680839157,-0.6582296955705089,0.09323570781876771,-0.09328358033217453,1.1102230246251565e-16,0.6582296955705089,0.09323570781876771,0.09328358033217453
Indonesia,rose,0.00013456595424136855,0.00013456595424136855,0.0,0.0,0.0,0.00013456595424136855,0.0,0.0
Indonesia,rubber,0.15048698892259957,0.10566915099806568,0.0,0.04481783792453384,5.551115123125783e-17,0.10566915099806568,0.0,0.04481783792453384
Indonesia,sago,0.051544450051308796,0.026832184672459465,0.0,0.024712265378849334,0.0,0.026832184672459465,0.0,0.024712265378849334
Indonesia,soybean,-0.029264550906944572,-0.029264550906944572,-0.01263414239245364,0.01263414239245364,3.469446951953614e-18,0.029264550906944572,0.01263414239245364,0.01263414239245364
Indonesia,sugarcane,0.0513597074479581,0.10187668420222855,0.0,-0.05051697675427043,2.0816681711721685e-17,0.10187668420222855,0.0,0.05051697675427043
Indonesia,sweet potato,-0.010441884550541427,-0.010441884550541427,0.009136247493034945,-0.009136247493034945,0.0,0.010441884550541427,0.009136247493034945,0.009136247493034945
Indonesia,tangerine,0.0014547670728796598,0.0014547670728796598,0.0,0.0,0.0,0.0014547670728796598,0.0,0.0
Indonesia,tea,0.010708773891213453,0.03904013910380483,0.0,-0.02833136521259138,5.204170427930421e-18,0.03904013910380483,0.0,0.02833136521259138
Indonesia,tobacco,0.015095513667404775,0.054826617989918044,0.0,-0.03973110432251327,0.0,0.054826617989918044,0.0,0.03973110432251327
Indonesia,turmeric,8.093354148787175e-05,8.093354148787175e-05,0.0,0.0,0.0,8.093354148787175e-05,0.0,0.0
Lesotho,beans (mixed),0.006464280291494998,0.06548515878813806,-0.005067905057594709,-0.053952973439048355,6.938893903907228e-18,0.06548515878813806,0.005067905057594709,0.053952973439048355
Lesotho,maize,-0.013695501692649659,-0.08195034699011071,-0.049435438172642523,0.11769028347010357,0.0,0.08195034699011071,0.049435438172642523,0.11769028347010357
Lesotho,oats,0.010971631906691707,0.010447179450105261,0.0,0.0005244524565864455,0.0,0.010447179450105261,0.0,0.0005244524565864455
Lesotho,pea,0.009786624417416675,0.017209346402668822,0.012685942151735713,-0.020108664136987864,3.469446951953614e-18,0.017209346402668822,0.012685942151735713,0.020108664136987864
Lesotho,sorghum,-0.02701246613070135,-0.020275850348675503,-0.030096122751002662,0.02335950696897684,2.0816681711721685e-17,0.020275850348675503,0.030096122751002662,0.02335950696897684
Lesotho,wheat,0.023176963474251064,0.01757048666517561,0.07191352382950417,-0.06630704702042872,1.3877787807814457e-17,0.01757048666517561,0.07191352382950417,0.06630704702042872
Malawi,bambara groundnut,0.002170145821041857,0.0027655535168683502,0.0,-0.0005954076958264933,0.0,0.0027655535168683502,0.0,0.0005954076958264933
Malawi,banana,0.005771833538551374,0.0050043874717151,0.0,0.0007674460668362734,8.673617379884035e-19,0.0050043874717151,0.0,0.0007674460668362734
Malawi,bean (hyacinth),0.0010654070948286985,0.002400590335386139,0.0,-0.001335183240557441,2.168404344971009e-19,0.002400590335386139,0.0,0.001335183240557441
Malawi,beans (mixed),0.05280107376155615,0.06914503296002457,0.0,-0.016343959198468427,6.938893903907228e-18,0.06914503296002457,0.0,0.016343959198468427
Malawi,cabbage,0.001481281708021748,0.001481281708021748,0.0,0.0,0.0,0.001481281708021748,0.0,0.0
Malawi,cassava,-0.020791352589217243,-0.015939578978736407,0.029867629403186203,-0.034719403013667036,3.469446951953614e-18,0.015939578978736407,0.029867629403186203,0.034719403013667036
Malawi,chick peas,0.002133188838561325,0.002133188838561325,0.0,0.0,0.0,0.002133188838561325,0.0,0.0
Malawi,chili pepper,0.0003137458880808576,0.0005798671871935971,0.0,-0.0002661212991127395,0.0,0.0005798671871935971,0.0,0.0002661212991127395
Malawi,coffee,0.782893726917277,0.782893726917277,0.0,0.0,0.0,0.782893726917277,0.0,0.0
Malawi,cotton,-0.011718431352906272,-0.006177314653292195,-0.0069668677913373184,0.0014257510917232415,1.734723475976807e-18,0.006177314653292195,0.0069668677913373184,0.0014257510917232415
Malawi,cowpea,0.013704853379122424,0.024320810729272023,0.0,-0.010615957350149599,0.0,0.024320810729272023,0.0,0.010615957350149599
Malawi,field peas,0.002284442007139837,0.002410163756448248,0.0,-0.0001257217493084109,0.0,0.002410163756448248,0.0,0.0001257217493084109
Malawi,groundnuts (in shell),-0.03839363533269591,-0.02455306867241105,0.005088769875426559,-0.018929336535711407,1.3877787807814457e-17,0.02455306867241105,0.005088769875426559,0.018929336535711407
Malawi,maize,-0.4285302938022008,-0.3336061941741759,-0.015799087466862177,-0.07912501216116272,5.551115123125783e-17,0.3336061941741759,0.015799087466862177,0.07912501216116272
Malawi,millet,-0.0055143533858642985,0.0015918699779041267,0.008346358031924052,-0.015452581395692477,0.0,0.0015918699779041267,0.008346358031924052,0.015452581395692477
Malawi,onions,0.0023930267068041126,0.0023930267068041126,0.0,0.0,0.0,0.0023930267068041126,0.0,0.0
Malawi,paprika,0.0015034754269974094,0.0024472870246389647,0.0,-0.0009438115976415551,2.168404344971009e-19,0.0024472870246389647,0.0,0.0009438115976415551
Malawi,pigeon pea,0.04391481128227891,0.08306309776832782,0.0,-0.03914828648604891,6.938893903907228e-18,0.08306309776832782,0.0,0.03914828648604891
Malawi,potato,0.01933584705887313,0.02760534766404663,0.0,-0.008269500605173499,3.469446951953614e-18,0.02760534766404663,0.0,0.008269500605173499
Malawi,rice,-0.015560123345047378,-0.009624818986673694,0.0014647069203976952,-0.007400011278771376,3.469446951953614e-18,0.009624818986673694,0.0014647069203976952,0.007400011278771376
Malawi,sesame seed,0.0028219697874801077,0.003092158309382902,0.0,-0.0002701885219027944,0.0,0.003092158309382902,0.0,0.0002701885219027944
Malawi,sorghum,-0.005728772230320426,0.011766986542720436,-0.011709345914217453,-0.005786412858823407,2.6020852139652106e-18,0.011766986542720436,0.011709345914217453,0.005786412858823407
Malawi,soybean,0.023314447730783196,0.028137656154377327,0.0,-0.00482320842359413,0.0,0.028137656154377327,0.0,0.00482320842359413
Malawi,sunflower seed,0.003674187452273339,0.005614738424525343,0.0,-0.0019405509722520038,0.0,0.005614738424525343,0.0,0.0019405509722520038
Malawi,sweet potatoes,-0.02965298965887994,-0.004517515035932089,-0.01029216305851751,-0.01484331156443035,6.938893903907228e-18,0.004517515035932089,0.01029216305851751,0.01484331156443035
Malawi,tobacco,0.019410748732652163,0.024174319373930154,0.0,-0.004763570641277991,0.0,0.024174319373930154,0.0,0.004763570641277991
Malawi,tomato,0.0028932707961360367,0.0028932707961360367,0.0,0.0,0.0,0.0028932707961360367,0.0,0.0
Malawi,velvet bean,0.008997342561176354,0.008997342561176354,0.0,0.0,0.0,0.008997342561176354,0.0,0.0
Mali,bambara groundnut,0.001059188438045023,0.002620313211398729,-0.0009261071943111383,-0.0006350175790425673,4.336808689942018e-19,0.002620313211398729,0.0009261071943111383,0.0006350175790425673
Mali,cotton,-0.027685682412266155,-0.0372083545020719,0.017332032552598294,-0.007809360462792543,1.0408340855860843e-17,0.0372083545020719,0.017332032552598294,0.007809360462792543
Mali,cowpea,-0.016222551958011963,-0.016509772952674816,0.0008668500465468204,-0.0005796290518839701,3.469446951953614e-18,0.016509772952674816,0.0008668500465468204,0.0005796290518839701
Mali,fonio,-0.00048040477586856756,-0.00018683662730333917,-0.0006248562458320602,0.0003312880972668326,7.589415207398531e-19,0.00018683662730333917,0.0006248562458320602,0.0003312880972668326
Mali,groundnuts (in shell),0.010532502240708251,0.010522248721821083,0.0015202553851360484,-0.0015100018662488786,1.734723475976807e-18,0.010522248721821083,0.0015202553851360484,0.0015100018662488786
Mali,maize,0.11358854937105853,0.07838836030348684,0.017134828974561474,0.01806536009301018,2.7755575615628914e-17,0.07838836030348684,0.017134828974561474,0.01806536009301018
Mali,millet,-0.10951679569523359,-0.06827674137931394,-0.05412212217999357,0.01288206786407392,0.0,0.06827674137931394,0.05412212217999357,0.01288206786407392
Mali,rice,0.036724629589578645,0.057264294609501463,-0.010521111728281504,-0.01001855329164131,6.938893903907228e-18,0.057264294609501463,0.010521111728281504,0.01001855329164131
Mali,sorghum,-0.022625837313356156,-0.03200407531565381,0.0175836415251892,-0.008205403522891567,1.734723475976807e-17,0.03200407531565381,0.0175836415251892,0.008205403522891567
Mali,sugarcane,-0.004399054586714319,-0.004399054586714319,0.0,0.0,0.0,0.004399054586714319,0.0,0.0
Mali,wheat,-0.0006604364652282703,0.0007321874025822288,-0.0010861529549441055,-0.00030647091286639325,3.2526065174565133e-19,0.0007321874025822288,0.0010861529549441055,0.00030647091286639325
Mauritania,maize,-0.21239978250940938,-0.2096040053171081,-0.022282070054153995,0.01948629286185271,0.0,0.2096040053171081,0.022282070054153995,0.01948629286185271
Mauritania,millet,0.003355488158998516,0.004239762453805452,0.0,-0.0008842742948069357,0.0,0.004239762453805452,0.0,0.0008842742948069357
Mauritania,sorghum,0.20904429435041105,0.20536424286330263,0.022282070054154043,-0.018602018567045776,1.3877787807814457e-16,0.20536424286330263,0.022282070054154043,0.018602018567045776
Mozambique,bambara groundnut,0.010603143959364611,0.01416927740423855,0.0,-0.0035661334448739384,0.0,0.01416927740423855,0.0,0.0035661334448739384
Mozambique,banana,0.004047777902233218,0.0016025657679975263,0.0,0.0024452121342356916,0.0,0.0016025657679975263,0.0,0.0024452121342356916
Mozambique,beans (mixed),-0.1458779737142248,-0.1458779737142248,0.027188260487628218,-0.027188260487628218,0.0,0.1458779737142248,0.027188260487628218,0.027188260487628218
Mozambique,beans (rosecoco),0.02751872877303547,0.021016400746188654,0.0,0.006502328026846816,3.469446951953614e-18,0.021016400746188654,0.0,0.006502328026846816
Mozambique,cassava,-0.2563271191242682,-0.21005419966364972,-0.07429401224159915,0.028021092780980687,5.551115123125783e-17,0.21005419966364972,0.07429401224159915,0.028021092780980687
Mozambique,cotton,-0.02930477354339992,-0.010202507035768324,0.0004445006056137475,-0.01954676711324534,6.938893903907228e-18,0.010202507035768324,0.0004445006056137475,0.01954676711324534
Mozambique,cowpea,0.0776397231675006,0.1059176417461886,0.0,-0.028277918578687996,0.0,0.1059176417461886,0.0,0.028277918578687996
Mozambique,groundnuts (in shell),-0.10191023595071365,-0.10191023595071365,-0.003931989633745347,0.003931989633745347,0.0,0.10191023595071365,0.003931989633745347,0.003931989633745347
Mozambique,jute,0.011704377712661657,0.011704377712661657,0.0,0.0,0.0,0.011704377712661657,0.0,0.0
Mozambique,macadamia,0.0014234688869936398,0.0015166895194329666,0.0,-9.322063243932693e-05,2.168404344971009e-19,0.0015166895194329666,0.0,9.322063243932693e-05
Mozambique,maize,0.3845181987891405,0.3193883600139092,-0.01227085490372545,0.07740069367895676,0.0,0.3193883600139092,0.01227085490372545,0.07740069367895676
Mozambique,millet,0.011921542575425041,0.010454132459631412,0.0,0.0014674101157936298,1.734723475976807e-18,0.010454132459631412,0.0,0.0014674101157936298
Mozambique,mung bean,0.022124692478391512,0.0362987102972411,0.0,-0.014174017818849588,3.469446951953614e-18,0.0362987102972411,0.0,0.014174017818849588
Mozambique,pigeon pea,0.06016503390183794,0.05427045064116578,0.0,0.005894583260672155,6.938893903907228e-18,0.05427045064116578,0.0,0.005894583260672155
Mozambique,rice,0.06409556795805757,0.046536963962896284,0.0,0.017558603995161293,0.0,0.046536963962896284,0.0,0.017558603995161293
Mozambique,sorghum,-0.12841914445804636,-0.13682558992279345,0.06411157183642496,-0.05570512637167789,0.0,0.13682558992279345,0.06411157183642496,0.05570512637167789
Mozambique,sugarcane,0.06264453581842333,0.06076904879702549,0.0,0.001875487021397829,1.3877787807814457e-17,0.06076904879702549,0.0,0.001875487021397829
Mozambique,tea,0.006348166535577119,0.006348166535577119,0.0,0.0,0.0,0.006348166535577119,0.0,0.0
Niger,bambara groundnut,0.0024706272338878045,0.0012945079207554945,0.0007487457267844454,0.00042737358634786446,0.0,0.0012945079207554945,0.0007487457267844454,0.00042737358634786446
Niger,bean (hyacinth),0.0005074737708983938,0.000519003892609404,0.0,-1.1530121711010228e-05,0.0,0.000519003892609404,0.0,1.1530121711010228e-05
Niger,cabbage,0.0008926992251761135,0.0007594159482851052,0.0,0.00013328327689100835,1.0842021724855044e-19,0.0007594159482851052,0.0,0.00013328327689100835
Niger,capsicum chinense,0.000580291642167898,0.0007535121566723695,0.0,-0.00017322051450447166,1.0842021724855044e-19,0.0007535121566723695,0.0,0.00017322051450447166
Niger,carrots,8.007541251024353e-05,7.575269246940302e-05,0.0,4.3227200408405125e-06,0.0,7.575269246940302e-05,0.0,4.3227200408405125e-06
Niger,cassava,0.0013322535955407062,0.0012875636443690636,0.0,4.468995117164273e-05,0.0,0.0012875636443690636,0.0,4.468995117164273e-05
Niger,chili pepper,0.0002268050542864554,0.00021698973144532608,0.0,9.815322841129296e-06,2.710505431213761e-20,0.00021698973144532608,0.0,9.815322841129296e-06
Niger,coriander,0.00819613642828307,0.00819613642828307,0.0,0.0,0.0,0.00819613642828307,0.0,0.0
Niger,cotton,-0.0007729903764736914,-0.0007729903764736914,0.0,0.0,0.0,0.0007729903764736914,0.0,0.0
Niger,cowpea,0.020321199135011125,0.011196088430616492,-0.012375935911641024,0.021501046616035635,2.0816681711721685e-17,0.011196088430616492,0.012375935911641024,0.021501046616035635
Niger,cucumber,1.5596824437325745e-05,5.06522865421041e-05,0.0,-3.505546210477836e-05,6.776263578034403e-21,5.06522865421041e-05,0.0,3.505546210477836e-05
Niger,eggplant,1.914658388114881e-05,2.0182808713407013e-05,0.0,-1.0362248322582078e-06,3.3881317890172014e-21,2.0182808713407013e-05,0.0,1.0362248322582078e-06
Niger,fonio,0.00046460390661832453,0.0005618978243682527,-7.033682645666478e-05,-2.6957091293263405e-05,0.0,0.0005618978243682527,7.033682645666478e-05,2.6957091293263405e-05
Niger,garlic,4.9303618079146206e-05,2.404540947077526e-05,0.0,2.525820860837095e-05,6.776263578034403e-21,2.404540947077526e-05,0.0,2.525820860837095e-05
Niger,groundnuts (in shell),0.0213110192735127,0.04208519336431715,0.00012986410305268443,-0.020904038193857142,3.469446951953614e-18,0.04208519336431715,0.00012986410305268443,0.020904038193857142
Niger,lettuce,0.0004547546543668308,0.0006387622334703928,0.0,-0.000184007579103562,0.0,0.0006387622334703928,0.0,0.000184007579103562
Niger,maize,0.0008915518502655447,0.000697298740555871,0.00044346266287007935,-0.0002492095531604054,2.168404344971009e-19,0.000697298740555871,0.00044346266287007935,0.0002492095531604054
Niger,melon,4.0408612191684915e-05,4.01267438657885e-05,0.0,2.8186832589641336e-07,0.0,4.01267438657885e-05,0.0,2.8186832589641336e-07
Niger,millet,-0.06713140200868756,-0.0894662902483152,0.04337089891281982,-0.021036010673192204,2.7755575615628914e-17,0.0894662902483152,0.04337089891281982,0.021036010673192204
Niger,okras,0.0015552280136850653,0.003270518315952,3.9188310915119644e-05,-0.001754478613182055,8.673617379884035e-19,0.003270518315952,3.9188310915119644e-05,0.001754478613182055
Niger,onions,0.0029817271783012024,0.0020033602951009216,1.1588164475569854e-05,0.000966778718724711,0.0,0.0020033602951009216,1.1588164475569854e-05,0.000966778718724711
Niger,potato,0.0008151302801988863,0.0006949824860534331,0.0,0.0001201477941454532,0.0,0.0006949824860534331,0.0,0.0001201477941454532
Niger,rape,0.0002545001244475832,0.00024047924971502775,0.0,1.4020874732555464e-05,0.0,0.00024047924971502775,0.0,1.4020874732555464e-05
Niger,rice,0.00029871072027394844,0.00018223712094191303,0.0003488643129550925,-0.00023239071362305712,0.0,0.00018223712094191303,0.0003488643129550925,0.00023239071362305712
Niger,sesame seed,0.0033140275062378626,0.0026310258866656775,8.388059625253879e-05,0.000599121023319646,4.336808689942018e-19,0.0026310258866656775,8.388059625253879e-05,0.000599121023319646
Niger,sorghum,0.0025222733704119427,0.016926986423949453,-0.03456554005109067,0.0201608269975532,3.8163916471489756e-17,0.016926986423949453,0.03456554005109067,0.0201608269975532
Niger,sorrel,0.0066364101535094965,0.0040084225063367835,0.0017763276905029385,0.0008516599566697749,0.0,0.0040084225063367835,0.0017763276905029385,0.0008516599566697749
Niger,squash,0.0006711499805725424,0.000826172758292783,0.0,-0.00015502277772024055,0.0,0.000826172758292783,0.0,0.00015502277772024055
Niger,sugarcane,0.0003950469873285388,0.0004184707511191362,0.0,-2.3423763790597344e-05,5.421010862427522e-20,0.0004184707511191362,0.0,2.3423763790597344e-05
Niger,sweet potatoes,0.0006360514449102327,0.0006351378648925812,0.0,9.135800176515977e-07,1.0842021724855044e-19,0.0006351378648925812,0.0,9.135800176515977e-07
Niger,tobacco,0.00010391581496062954,0.00010391581496062954,0.0,0.0,0.0,0.00010391581496062954,0.0,0.0
Niger,tomato,0.0009672035177163795,0.000856151794833859,0.0,0.00011105172288252035,1.0842021724855044e-19,0.000856151794833859,0.0,0.00011105172288252035
Niger,watermelon,6.600324127703737e-05,6.810426052982379e-05,0.0,-2.1010192527864225e-06,0.0,6.810426052982379e-05,0.0,2.1010192527864225e-06
Niger,wheat,0.00014329897872555187,0.00011936867584241196,0.0,2.39303028831399e-05,0.0,0.00011936867584241196,0.0,2.39303028831399e-05
Nigeria,banana,0.06643882252031585,0.05921244938495591,0.0,0.007226373135359952,0.0,0.05921244938495591,0.0,0.007226373135359952
Nigeria,cassava,0.07824240210491487,0.040297056269179024,0.0368317268830959,0.001113618952639923,2.7755575615628914e-17,0.040297056269179024,0.0368317268830959,0.001113618952639923
Nigeria,cotton,0.008258664344260034,0.008325860982085253,-0.001734326369219432,0.001667129731394215,1.734723475976807e-18,0.008325860982085253,0.001734326369219432,0.001667129731394215
Nigeria,cowpea,-0.010408059014184637,-0.010630633783858113,-0.023278983039230434,0.023501557808903898,1.0408340855860843e-17,0.010630633783858113,0.023278983039230434,0.023501557808903898
Nigeria,ginger,0.012797878717126327,0.01423414073132095,0.0,-0.0014362620141946231,1.734723475976807e-18,0.01423414073132095,0.0,0.0014362620141946231
Nigeria,groundnuts (in shell),-0.009812744448235461,0.006231711241926297,-0.014748239377225532,-0.0012962163129362242,0.0,0.006231711241926297,0.014748239377225532,0.0012962163129362242
Nigeria,maize,-0.019964990038839822,-0.007368949417222447,0.02654955188310059,-0.039145592504717976,1.0408340855860843e-17,0.007368949417222447,0.02654955188310059,0.039145592504717976
Nigeria,melon,-0.07224574759864229,-0.07224574759864229,-0.009665918543008035,0.009665918543008035,0.0,0.07224574759864229,0.009665918543008035,0.009665918543008035
Nigeria,millet,-0.1568812660536212,-0.15243787299082204,-0.025968482648009314,0.021525089585210135,0.0,0.15243787299082204,0.025968482648009314,0.021525089585210135
Nigeria,okras,0.02872258200447113,0.02290652535310916,0.0,0.005816056651361961,6.938893903907228e-18,0.02290652535310916,0.0,0.005816056651361961
Nigeria,onions,0.022968040054923134,0.022051871163324077,0.0,0.0009161688915990581,0.0,0.022051871163324077,0.0,0.0009161688915990581
Nigeria,rice,0.028857212093130545,0.03244562108049544,0.013238836686272354,-0.016827245673637255,6.938893903907228e-18,0.03244562108049544,0.013238836686272354,0.016827245673637255
Nigeria,sesame seed,0.01406441221004392,0.011303501281594736,0.002089980945262093,0.0006709299831870939,1.734723475976807e-18,0.011303501281594736,0.002089980945262093,0.0006709299831870939
Nigeria,sorghum,-0.050895780624535675,-0.021527121292067013,-0.004933350125766343,-0.02443530920670229,2.7755575615628914e-17,0.021527121292067013,0.004933350125766343,0.02443530920670229
Nigeria,soybean,0.013442368569189789,0.014819508340564565,2.9063897215546178e-05,-0.0014062036685903256,3.469446951953614e-18,0.014819508340564565,2.9063897215546178e-05,0.0014062036685903256
Nigeria,taro,0.011774748581521624,0.003855157352919817,0.015523366708909369,-0.007603775480307563,1.734723475976807e-18,0.003855157352919817,0.015523366708909369,0.007603775480307563
Nigeria,tomato,0.03265403793249742,0.027351409564598726,0.0,0.005302628367898696,0.0,0.027351409564598726,0.0,0.005302628367898696
Nigeria,wheat,-0.004633963792835141,-0.004633963792835141,-2.4950754208343928e-05,2.4950754208343928e-05,0.0,0.004633963792835141,2.4950754208343928e-05,2.4950754208343928e-05
Nigeria,yams,0.044123078681628486,0.008609243208179098,0.013579972932344643,0.021933862541104777,3.469446951953614e-17,0.008609243208179098,0.013579972932344643,0.021933862541104777
Pakistan,apple,0.002079893133280648,0.0018712747707666684,7.657376814918478e-05,0.00013204459436479455,4.336808689942018e-19,0.0018712747707666684,7.657376814918478e-05,0.00013204459436479455
Pakistan,apricot,0.0005877512514728628,0.0005013038769940096,4.970391307451342e-05,3.674346140433966e-05,1.0842021724855044e-19,0.0005013038769940096,4.970391307451342e-05,3.674346140433966e-05
Pakistan,bajra,0.0050323893736953125,0.00511588708109539,-0.00023535287700884958,0.00015185516960876809,3.469446951953614e-18,0.00511588708109539,0.00023535287700884958,0.00015185516960876809
Pakistan,banana,-0.00013635178145213764,-0.00028967621094083,0.0001737113253028839,-2.0386895814191345e-05,1.6263032587282567e-19,0.00028967621094083,0.0001737113253028839,2.0386895814191345e-05
Pakistan,barley,-0.003327372002555763,-0.003225536393415703,-6.486604447175004e-05,-3.6969564668310446e-05,0.0,0.003225536393415703,6.486604447175004e-05,3.6969564668310446e-05
Pakistan,castorseed,-3.5311260193991774e-05,-4.011233416576526e-05,1.1642829385013486e-05,-6.841755413239995e-06,0.0,4.011233416576526e-05,1.1642829385013486e-05,6.841755413239995e-06
Pakistan,chickpea,-0.004208401562160478,-0.0035977058612591604,-0.0006716139288045801,6.091822790325305e-05,9.540979117872439e-18,0.0035977058612591604,0.0006716139288045801,6.091822790325305e-05
Pakistan,chillies,-0.00220010520279741,-0.0022947322993298923,0.0003217199250737287,-0.0002270928285412464,0.0,0.0022947322993298923,0.0003217199250737287,0.0002270928285412464
Pakistan,citrus,-0.0008203020135644275,-0.0006928369865898309,-0.00012841423805475503,9.492110801592207e-07,7.589415207398531e-19,0.0006928369865898309,0.00012841423805475503,9.492110801592207e-07
Pakistan,cotton,-0.01878997912813865,-0.02071911690104035,0.0020436468324361336,-0.0001145090595344495,1.3877787807814457e-17,0.02071911690104035,0.0020436468324361336,0.0001145090595344495
Pakistan,dates,0.0006012180146258827,0.0002473367314915858,0.00030564798971007695,4.823329342422091e-05,8.673617379884035e-19,0.0002473367314915858,0.00030564798971007695,4.823329342422091e-05
Pakistan,garlic,1.513454382645954e-06,1.7311220430010695e-05,-1.8942830944069279e-06,-1.3903482952957855e-05,4.2351647362715017e-20,1.7311220430010695e-05,1.8942830944069279e-06,1.3903482952957855e-05
Pakistan,grapes,2.839656623227372e-05,-2.4422990785277143e-05,4.868031538395362e-05,4.139241633597385e-06,1.4230153513872246e-19,2.4422990785277143e-05,4.868031538395362e-05,4.139241633597385e-06
Pakistan,groundnut,0.00020289918991025623,0.0002935348913466672,-0.00010057067117637263,9.934969739960636e-06,1.0570971181733668e-18,0.0002935348913466672,0.00010057067117637263,9.934969739960636e-06
Pakistan,guava,-0.00021589292296773487,-0.00018590553413785,-7.377459170043846e-06,-2.2609929659841147e-05,1.0842021724855044e-19,0.00018590553413785,7.377459170043846e-06,2.2609929659841147e-05
Pakistan,lentil,-0.0019878487005272234,-0.001976080529706634,-4.028419820911199e-06,-7.739750999678401e-06,0.0,0.001976080529706634,4.028419820911199e-06,7.739750999678401e-06
Pakistan,linseed,-0.00020710454024940495,-0.00022023648088813838,2.892378646759391e-05,-1.5791845828860462e-05,2.710505431213761e-20,0.00022023648088813838,2.892378646759391e-05,1.5791845828860462e-05
Pakistan,maize,0.010659330525532335,0.014074089151408257,-0.0032913199201689176,-0.00012343870570701016,5.204170427930421e-18,0.014074089151408257,0.0032913199201689176,0.00012343870570701016
Pakistan,mango,0.0026532776607613067,0.002390054002200769,0.00027930147973585117,-1.6077821175313873e-05,0.0,0.002390054002200769,0.00027930147973585117,1.6077821175313873e-05
Pakistan,mash,-0.002240409933694707,-0.002237674152359554,-4.2028734695406175e-05,3.929295336025306e-05,0.0,0.002237674152359554,4.2028734695406175e-05,3.929295336025306e-05
Pakistan,mungbean,-0.005962242609402946,-0.005837418985586231,-0.0002247400891682996,9.991646535158547e-05,8.673617379884035e-19,0.005837418985586231,0.0002247400891682996,9.991646535158547e-05
Pakistan,onion,0.0014506475851494092,0.0011390519518916376,0.00034759290968210436,-3.5997276424331864e-05,1.0842021724855044e-18,0.0011390519518916376,0.00034759290968210436,3.5997276424331864e-05
Pakistan,peach,0.0002826206584420897,0.0003087379550371324,-1.1177251305538655e-05,-1.494004528950401e-05,0.0,0.0003087379550371324,1.1177251305538655e-05,1.494004528950401e-05
Pakistan,pear,-5.3459158384112186e-05,-4.5667353301751226e-05,-1.2209428419374385e-05,4.417623337013426e-06,0.0,4.5667353301751226e-05,1.2209428419374385e-05,4.417623337013426e-06
Pakistan,plum,-9.344457379463635e-05,-9.374788092567196e-05,-3.5332735895514725e-08,3.3863986693114317e-07,1.3552527156068805e-20,9.374788092567196e-05,3.5332735895514725e-08,3.3863986693114317e-07
Pakistan,pomegranate,9.482353958357146e-06,-1.6474313720453775e-05,2.0079367375449955e-05,5.877300303361055e-06,8.809142651444724e-20,1.6474313720453775e-05,2.0079367375449955e-05,5.877300303361055e-06
Pakistan,potato,0.0031994097057708093,0.0033922417173495372,-0.000129314490470526,-6.351752110820423e-05,2.168404344971009e-18,0.0033922417173495372,0.000129314490470526,6.351752110820423e-05
Pakistan,rapeseed,-0.005399512055625772,-0.005512224839590401,0.00038074836740733023,-0.00026803558344270194,8.673617379884035e-19,0.005512224839590401,0.00038074836740733023,0.00026803558344270194
Pakistan,rice,0.021644103021160238,0.0183435441161586,0.002308961364789334,0.0009915975402123084,6.938893903907228e-18,0.0183435441161586,0.002308961364789334,0.0009915975402123084
Pakistan,sesame,-0.0007020084050390826,-0.0007217495612015752,-4.893486810085065e-05,6.867602426334313e-05,1.0842021724855044e-19,0.0007217495612015752,4.893486810085065e-05,6.867602426334313e-05
Pakistan,soghum,-0.005761251978234612,-0.005682038268698453,0.0003578759750720539,-0.00043708968460821326,0.0,0.005682038268698453,0.0003578759750720539,0.00043708968460821326
Pakistan,sugarcane,0.006224327960715002,0.005928477420122017,0.0005515874359637244,-0.0002557368953707425,3.469446951953614e-18,0.005928477420122017,0.0005515874359637244,0.0002557368953707425
Pakistan,tomato,0.0012875948025709003,0.001184001374532349,-2.9970312698323343e-05,0.00013356374073687476,0.0,0.001184001374532349,2.9970312698323343e-05,0.00013356374073687476
Pakistan,wheat,-0.0036599492346859885,-0.0013387738819081968,-0.0022341070463126013,-8.706830646514834e-05,4.206704429243757e-17,0.0013387738819081968,0.0022341070463126013,8.706830646514834e-05
Senegal,cassava,0.016660433638011462,0.010725285104464983,0.00014441104127416757,0.005790737492272314,3.469446951953614e-18,0.010725285104464983,0.00014441104127416757,0.005790737492272314
Senegal,cowpea,0.018600233274686448,0.041460299956409104,-0.013221782825127091,-0.00963828385659558,1.734723475976807e-17,0.041460299956409104,0.013221782825127091,0.00963828385659558
Senegal,fonio,0.005850042886934247,0.014286805995119431,0.0,-0.008436763108185183,8.673617379884035e-19,0.014286805995119431,0.0,0.008436763108185183
Senegal,groundnuts (in shell),-0.07756780058924173,-0.04898304849289632,0.0037924386712004355,-0.03237719076754593,8.326672684688674e-17,0.04898304849289632,0.0037924386712004355,0.03237719076754593
Senegal,maize,0.04022697710761272,0.030471415330928592,0.0015881524323262523,0.00816740934435787,6.938893903907228e-18,0.030471415330928592,0.0015881524323262523,0.00816740934435787
Senegal,millet,-0.04564421206155478,-0.03466724992158786,-0.0035849482286867615,-0.007392013911280236,7.632783294297951e-17,0.03466724992158786,0.0035849482286867615,0.007392013911280236
Senegal,rice,0.07524774847869686,0.030111919167579423,0.008374285447712616,0.03676154386340484,1.3877787807814457e-17,0.030111919167579423,0.008374285447712616,0.03676154386340484
Senegal,sesame seed,0.00367209336067337,0.0039094529383597604,0.0,-0.0002373595776863907,4.336808689942018e-19,0.0039094529383597604,0.0,0.0002373595776863907
Senegal,sorghum,-0.009486376426794438,-0.026427978992999507,0.006883295107144511,0.010058307459060549,6.938893903907228e-18,0.026427978992999507,0.006883295107144511,0.010058307459060549
South Africa,barley,0.019000590310546475,0.010784961720239176,0.0051497877522702126,0.003065840838037087,3.469446951953614e-18,0.010784961720239176,0.0051497877522702126,0.003065840838037087
South Africa,beans (mixed),0.0007008224081636229,0.0002609248054815262,0.001162144200820727,-0.0007222465981386302,0.0,0.0002609248054815262,0.001162144200820727,0.0007222465981386302
South Africa,canola seed,0.06918354727023905,0.06918354727023905,0.0,0.0,0.0,0.06918354727023905,0.0,0.0
South Africa,groundnuts (in shell),-0.001689335403188854,0.00097948377703505,-0.0007745763551799553,-0.001894242825043949,4.336808689942018e-19,0.00097948377703505,0.0007745763551799553,0.001894242825043949
South Africa,maize,-0.09207124872429612,-0.05602700341493511,-0.037526811194841456,0.0014825658854804215,4.163336342344337e-17,0.05602700341493511,0.037526811194841456,0.0014825658854804215
South Africa,maize (yellow),0.025404597945286767,0.013103628164354437,0.0053163760407523315,0.006984593740180001,3.469446951953614e-18,0.013103628164354437,0.0053163760407523315,0.006984593740180001
South Africa,oats,0.008358208955223882,0.007525439751478494,0.0,0.0008327692037453873,0.0,0.007525439751478494,0.0,0.0008327692037453873
South Africa,sorghum,-0.010562526097129899,-0.011147911419680686,0.0028622400232496794,-0.0022768547006988917,0.0,0.011147911419680686,0.0028622400232496794,0.0022768547006988917
South Africa,soybean,0.13006889066316848,0.11728217241071953,0.003930865445550313,0.008855852806898663,2.7755575615628914e-17,0.11728217241071953,0.003930865445550313,0.008855852806898663
South Africa,sunflower seed,-0.012020527924293145,0.0012626495117433966,-0.007079662340246091,-0.00620351509579045,0.0,0.0012626495117433966,0.007079662340246091,0.00620351509579045
South Africa,wheat,-0.06880516526175734,-0.08534233194038315,0.028180328140942276,-0.011643161462316445,1.3877787807814457e-17,0.08534233194038315,0.028180328140942276,0.011643161462316445
Sudan,cotton,0.019779269144363263,0.017199763522396674,0.0,0.0025795056219665886,0.0,0.017199763522396674,0.0,0.0025795056219665886
Sudan,cotton (acala),-0.0020545934840035217,-0.0020545934840035217,-0.00021070193814575578,0.00021070193814575578,0.0,0.0020545934840035217,0.00021070193814575578,0.00021070193814575578
Sudan,cotton (american),-0.002031443207913796,-0.002031443207913796,0.0007074218273451832,-0.0007074218273451832,0.0,0.002031443207913796,0.0007074218273451832,0.0007074218273451832
Sudan,groundnuts (in shell),0.08876423031498493,0.0762432219039901,0.026878543245960774,-0.014357534834965964,1.3877787807814457e-17,0.0762432219039901,0.026878543245960774,0.014357534834965964
Sudan,millet,-0.1371768959250747,-0.1604337051850697,-0.014176204790602264,0.03743301405059724,2.7755575615628914e-17,0.1604337051850697,0.014176204790602264,0.03743301405059724
Sudan,sesame seed,0.1926155642463704,0.21337394127138234,0.0030193347867666378,-0.02377771181177853,2.7755575615628914e-17,0.21337394127138234,0.0030193347867666378,0.02377771181177853
Sudan,sorghum,-0.15146949607809174,-0.14253631714615417,-0.00710633246870491,-0.0018268464632325235,1.3877787807814457e-16,0.14253631714615417,0.00710633246870491,0.0018268464632325235
Sudan,sunflower seed,0.040421699850138285,0.026169924372642376,0.0005315664733665041,0.013720209004129402,0.0,0.026169924372642376,0.0005315664733665041,0.013720209004129402
Sudan,wheat,0.02001296480152159,0.017878587518436406,0.002215466884625151,-8.108960153996878e-05,3.469446951953614e-18,0.017878587518436406,0.002215466884625151,8.108960153996878e-05
"Tanzania, United Republic of",bambara groundnut,0.005025541726997878,7.968076774321298e-05,-0.0005766875707096189,0.005522548529964285,8.673617379884035e-19,7.968076774321298e-05,0.0005766875707096189,0.005522548529964285
"Tanzania, United Republic of",banana,-0.18015672249317624,-0.18015672249317624,0.17187538259627372,-0.17187538259627372,0.0,0.18015672249317624,0.17187538259627372,0.17187538259627372
"Tanzania, United Republic of",beans (mixed),-0.13824341042293875,-0.12696103154141256,-0.08406953268711201,0.07278715380558588,5.551115123125783e-17,0.12696103154141256,0.08406953268711201,0.07278715380558588
"Tanzania, United Republic of",cassava,-0.0042365834136260895,-0.0042365834136260895,0.0002100992055556058,-0.0002100992055556058,0.0,0.0042365834136260895,0.0002100992055556058,0.0002100992055556058
"Tanzania, United Republic of",chick peas,0.007953322052625875,0.014853834061804336,-0.0003673391887417073,-0.006533172820436756,3.469446951953614e-18,0.014853834061804336,0.0003673391887417073,0.006533172820436756
"Tanzania, United Republic of",cowpea,-0.003381797839678888,-0.005207154331690451,-0.006208560127308768,0.00803391661932033,0.0,0.005207154331690451,0.006208560127308768,0.00803391661932033
"Tanzania, United Republic of",field peas,-0.002054705482120972,-0.002054705482120972,-0.00036215198987710006,0.00036215198987710006,0.0,0.002054705482120972,0.00036215198987710006,0.00036215198987710006
"Tanzania, United Republic of",groundnuts (in shell),0.01852635542799558,0.0018183153396819107,-0.013931565375533032,0.03063960546384671,1.0408340855860843e-17,0.0018183153396819107,0.013931565375533032,0.03063960546384671
"Tanzania, United Republic of",maize,0.1051041032983443,0.17305725594990748,-0.16396382674314441,0.09601067409158123,0.0,0.17305725594990748,0.16396382674314441,0.09601067409158123
"Tanzania, United Republic of",millet,0.016570380843686026,-0.0018971660800764481,-0.004696895295958864,0.023164442219721342,3.469446951953614e-18,0.0018971660800764481,0.004696895295958864,0.023164442219721342
"Tanzania, United Republic of",mung bean,0.00646880918068571,0.005522691343218523,-0.006285965490897098,0.007232083328364285,8.673617379884035e-19,0.005522691343218523,0.006285965490897098,0.007232083328364285
"Tanzania, United Republic of",pigeon pea,-0.02948335571715047,-0.045946905019982436,0.267574009015978,-0.25111045971314605,2.42861286636753e-17,0.045946905019982436,0.267574009015978,0.25111045971314605
"Tanzania, United Republic of",potato,-0.0001742251241757635,-0.0016889377191158304,-0.00046185019264487193,0.0019765627875849394,4.336808689942018e-19,0.0016889377191158304,0.00046185019264487193,0.0019765627875849394
"Tanzania, United Republic of",rice,0.05308628866165488,0.09157374995369846,-0.02964537045885814,-0.008842090833185426,2.0816681711721685e-17,0.09157374995369846,0.02964537045885814,0.008842090833185426
"Tanzania, United Republic of",sesame seed,0.07432481276894731,0.05501558345186603,-0.0010546138641002389,0.020363843181181514,0.0,0.05501558345186603,0.0010546138641002389,0.020363843181181514
"Tanzania, United Republic of",sorghum,0.03474291900298701,0.019351828025663254,-0.018479192597551874,0.03387028357487563,0.0,0.019351828025663254,0.018479192597551874,0.03387028357487563
"Tanzania, United Republic of",soybean,-5.9111928998409386e-05,-5.9111928998409386e-05,3.249679884677403e-05,-3.249679884677403e-05,0.0,5.9111928998409386e-05,3.249679884677403e-05,3.249679884677403e-05
"Tanzania, United Republic of",sunflower seed,0.07541610101773807,0.015276489035110202,0.010555733277502533,0.04958387870512535,1.3877787807814457e-17,0.015276489035110202,0.010555733277502533,0.04958387870512535
"Tanzania, United Republic of",sweet potatoes,-0.011263403815229861,0.011480290873240907,-0.02261742256427429,-0.0001262721241964727,6.938893903907228e-18,0.011480290873240907,0.02261742256427429,0.0001262721241964727
"Tanzania, United Republic of",taro,-0.002076834155494263,-0.0008555841286709119,-0.0020792304742705482,0.0008579804474471979,8.673617379884035e-19,0.0008555841286709119,0.0020792304742705482,0.0008579804474471979
"Tanzania, United Republic of",wheat,0.023285903087779985,0.03975867650912564,0.0,-0.01647277342134565,3.469446951953614e-18,0.03975867650912564,0.0,0.01647277342134565
"Tanzania, United Republic of",yams,0.00030722801230775,-0.00016870752300114888,-0.0005465933634638208,0.0010225288987727199,2.168404344971009e-19,0.00016870752300114888,0.0005465933634638208,0.0010225288987727199
United States,amaranth,-5.5666874459975655e-08,-5.5666874459975655e-08,-6.26712530765734e-10,6.26712530765734e-10,0.0,5.5666874459975655e-08,6.26712530765734e-10,6.26712530765734e-10
United States,artichokes,8.04391650957678e-06,1.0645249662409965e-05,-1.8461635469640505e-06,-7.551696058691354e-07,0.0,1.0645249662409965e-05,1.8461635469640505e-06,7.551696058691354e-07
United States,asparagus,-8.48418363047929e-05,-8.403253026406054e-05,-2.521185739556998e-06,1.7118796988246197e-06,1.3552527156068805e-20,8.403253026406054e-05,2.521185739556998e-06,1.7118796988246197e-06
United States,barley,-0.00285574813664511,-0.0033897356520228325,0.0007619694413859942,-0.00022798192600827273,8.673617379884035e-19,0.0033897356520228325,0.0007619694413859942,0.00022798192600827273
United States,beans,-0.0014406649141075981,-0.0015362347884839828,0.00010994823827708467,-1.4378363900699327e-05,6.505213034913027e-19,0.0015362347884839828,0.00010994823827708467,1.4378363900699327e-05
United States,beets,3.8415156246169544e-05,4.184718346725104e-05,-1.6458996450897085e-06,-1.7861275759917957e-06,6.776263578034403e-21,4.184718346725104e-05,1.6458996450897085e-06,1.7861275759917957e-06
United States,"berries, other",-8.089237559600518e-07,-8.089237559600518e-07,-2.5378833650467406e-08,2.5378833650467406e-08,0.0,8.089237559600518e-07,2.5378833650467406e-08,2.5378833650467406e-08
United States,berry totals,-0.0003649026289325019,-0.0003649026289325019,-1.2317369042299843e-05,1.2317369042299843e-05,0.0,0.0003649026289325019,1.2317369042299843e-05,1.2317369042299843e-05
United States,blackberries,-1.8785893148168594e-05,-1.8785893148168594e-05,-1.5702751266138458e-06,1.5702751266138458e-06,0.0,1.8785893148168594e-05,1.5702751266138458e-06,1.5702751266138458e-06
United States,blueberries,-0.0001464353937538378,-0.0001464353937538378,-1.1592419623834506e-06,1.1592419623834506e-06,0.0,0.0001464353937538378,1.1592419623834506e-06,1.1592419623834506e-06
United States,boysenberries,-2.1421183945312145e-05,-2.1421183945312145e-05,-8.903119765933722e-07,8.903119765933722e-07,0.0,2.1421183945312145e-05,8.903119765933722e-07,8.903119765933722e-07
United States,broccoli,9.027954839824649e-05,0.000125957999637402,-1.9219420728665344e-05,-1.645903051049008e-05,8.131516293641283e-20,0.000125957999637402,1.9219420728665344e-05,1.645903051049008e-05
United States,brussels sprouts,4.3341815751320054e-05,4.783854530957957e-05,-4.4942049366781284e-07,-4.047309064591708e-06,6.776263578034403e-21,4.783854530957957e-05,4.4942049366781284e-07,4.047309064591708e-06
United States,buckwheat,1.0105277367970442e-05,8.628626356321128e-06,9.335914863942275e-08,1.3832918630098713e-06,1.8634724839594607e-20,8.628626356321128e-06,9.335914863942275e-08,1.3832918630098713e-06
United States,cabbage,8.458997471868216e-05,9.662599287694082e-05,-3.7606174236594137e-06,-8.275400734599222e-06,2.710505431213761e-20,9.662599287694082e-05,3.7606174236594137e-06,8.275400734599222e-06
United States,camelina,2.2120213843656807e-05,1.952410180664814e-05,0.0,2.596112037008666e-06,3.3881317890172014e-21,1.952410180664814e-05,0.0,2.596112037008666e-06
United States,canola,0.002372331935183818,0.0020350226061288733,0.00017005282018209928,0.00016725650887284494,4.336808689942018e-19,0.0020350226061288733,0.00017005282018209928,0.00016725650887284494
United States,carrots,0.00010583094522529802,0.00012851626055873907,-1.3249756804249331e-05,-9.435558529191667e-06,4.0657581468206416e-20,0.00012851626055873907,1.3249756804249331e-05,9.435558529191667e-06
United States,cauliflower,6.195735837090198e-05,6.911367439912938e-05,-7.0952643615011245e-06,-6.105166672626155e-08,1.3552527156068805e-20,6.911367439912938e-05,7.0952643615011245e-06,6.105166672626155e-08
United States,celery,0.00010865524431555986,0.00012373836706125834,-3.892892831653981e-06,-1.1190229914044483e-05,1.3552527156068805e-20,0.00012373836706125834,3.892892831653981e-06,1.1190229914044483e-05
United States,chickpeas,0.0012618267295254196,0.0011028488541473646,0.0,0.00015897787537805512,2.168404344971009e-19,0.0011028488541473646,0.0,0.00015897787537805512
United States,chicory,5.7202400060477e-06,6.215834028986761e-06,-1.3575821011945358e-08,-4.82018201927115e-07,8.470329472543003e-22,6.215834028986761e-06,1.3575821011945358e-08,4.82018201927115e-07
United States,corn,0.03742681885258986,0.03515793945952516,0.00223223685343619,3.6642539628494754e-05,1.3877787807814457e-17,0.03515793945952516,0.00223223685343619,3.6642539628494754e-05
United States,cotton,-0.047669117427116325,-0.045585453902139195,-0.004962013604301254,0.0028783500793241267,0.0,0.045585453902139195,0.004962013604301254,0.0028783500793241267
United States,crambe,-0.00015362702871771135,-0.00015362702871771135,-2.2527996970025304e-06,2.2527996970025304e-06,0.0,0.00015362702871771135,2.2527996970025304e-06,2.2527996970025304e-06
United States,cranberries,-0.0004976843151835705,-0.0004976843151835705,2.471786933042634e-06,-2.471786933042634e-06,0.0,0.0004976843151835705,2.471786933042634e-06,2.471786933042634e-06
United States,cucumbers,-7.057204804713856e-05,-7.230453447618715e-05,9.34552457577833e-06,-7.613038146729717e-06,1.3552527156068805e-20,7.230453447618715e-05,9.34552457577833e-06,7.613038146729717e-06
United States,currants,-2.1108674846144146e-06,-2.1108674846144146e-06,1.0993050849835244e-07,-1.0993050849835244e-07,0.0,2.1108674846144146e-06,1.0993050849835244e-07,1.0993050849835244e-07
United States,cut christmas trees,-0.006621479787366959,-0.005335308891658783,-0.0017460934841234718,0.0004599225884152991,3.469446951953614e-18,0.005335308891658783,0.0017460934841234718,0.0004599225884152991
United States,daikon,1.030870479811148e-05,1.0057925371909777e-05,1.7560665836984266e-07,7.517276783185976e-08,1.6940658945086007e-21,1.0057925371909777e-05,1.7560665836984266e-07,7.517276783185976e-08
United States,dill,-2.4636793964560444e-05,-2.4627417747557863e-05,1.3665753325575898e-06,-1.3759515495601708e-06,0.0,2.4627417747557863e-05,1.3665753325575898e-06,1.3759515495601708e-06
United States,eggplant,2.8244300511921634e-05,2.893049641374759e-05,5.631410431670673e-07,-1.2493369449930257e-06,3.3881317890172014e-21,2.893049641374759e-05,5.631410431670673e-07,1.2493369449930257e-06
United States,emmer & spelt,-1.2825545684526536e-05,-1.1034277900046235e-05,-2.4632900265909815e-06,6.720222421106822e-07,1.6940658945086007e-21,1.1034277900046235e-05,2.4632900265909815e-06,6.720222421106822e-07
United States,escarole & endive,9.721226673064313e-06,1.1025446887533277e-05,-3.603731959859008e-07,-9.438470184830685e-07,5.082197683525802e-21,1.1025446887533277e-05,3.603731959859008e-07,9.438470184830685e-07
United States,"field crops, other",-3.957112547233604e-06,-3.1870216722283008e-06,1.4019286230557253e-07,-9.102837373108798e-07,4.235164736271502e-21,3.1870216722283008e-06,1.4019286230557253e-07,9.102837373108798e-07
United States,flaxseed,-0.0012332031393876763,-0.001298034058991495,9.525406039804879e-05,-3.042314079422953e-05,6.505213034913027e-19,0.001298034058991495,9.525406039804879e-05,3.042314079422953e-05
United States,garlic,6.691040826853791e-05,8.074826878068101e-05,-7.74399908600815e-06,-6.093861426134933e-06,2.710505431213761e-20,8.074826878068101e-05,7.74399908600815e-06,6.093861426134933e-06
United States,ginger root,4.209889887346711e-06,3.4870053775144333e-06,5.106178273194594e-07,2.1226668251281864e-07,0.0,3.4870053775144333e-06,5.106178273194594e-07,2.1226668251281864e-07
United States,ginseng,1.0141134326613385e-06,1.563779474741771e-06,-4.6621283455636936e-07,-8.345320752406279e-08,2.117582368135751e-22,1.563779474741771e-06,4.6621283455636936e-07,8.345320752406279e-08
United States,gourds,1.3813839308165875e-05,1.4235567249342416e-05,0.0,-4.217279411765433e-07,1.6940658945086007e-21,1.4235567249342416e-05,0.0,4.217279411765433e-07
United States,grasses,-0.0006263821256366649,-0.0005171994580977789,-0.00012330512739031497,1.4122459851429301e-05,3.2526065174565133e-19,0.0005171994580977789,0.00012330512739031497,1.4122459851429301e-05
United States,grasses & legumes totals,-0.0009859669109773754,-0.000865236558989641,-0.00012938840341905614,8.658051431322452e-06,6.505213034913027e-19,0.000865236558989641,0.00012938840341905614,8.658051431322452e-06
United States,"grasses & legumes, other",4.3469437383237166e-05,5.279261279911313e-05,-1.950586732314373e-06,-7.3725886835615965e-06,6.776263578034403e-21,5.279261279911313e-05,1.950586732314373e-06,7.3725886835615965e-06
United States,greens,0.00011011107636051984,0.00011659199771688067,2.1619463176821107e-06,-8.642867674042908e-06,4.0657581468206416e-20,0.00011659199771688067,2.1619463176821107e-06,8.642867674042908e-06
United States,guar,-0.0003335017885739544,-0.0003334864479451558,-2.3736423291988613e-05,2.372108266319003e-05,0.0,0.0003334864479451558,2.3736423291988613e-05,2.372108266319003e-05
United States,hay,-0.03362105079959313,-0.03061245714740805,-0.0014850459539250368,-0.001523547698260028,1.3877787807814457e-17,0.03061245714740805,0.0014850459539250368,0.001523547698260028
United States,hay & haylage,-0.006911739243519982,-0.004308507920228379,-0.0012523487083232396,-0.001350882614968372,8.673617379884035e-18,0.004308507920228379,0.0012523487083232396,0.001350882614968372
United States,haylage,0.013453504552624392,0.015164144403356975,-0.001396765933272581,-0.00031387391746000217,0.0,0.015164144403356975,0.001396765933272581,0.00031387391746000217
United States,hemp,3.4596312958346994e-05,3.7084202722046085e-05,0.0,-2.4878897636990984e-06,6.776263578034403e-21,3.7084202722046085e-05,0.0,2.4878897636990984e-06
United States,herbs,9.714566115123006e-05,0.0001018954563136604,-5.98918876906001e-07,-4.150876285524354e-06,1.3552527156068805e-20,0.0001018954563136604,5.98918876906001e-07,4.150876285524354e-06
United States,hops,7.699294949632298e-05,7.352240016002723e-05,2.629550247438097e-06,8.40999088857661e-07,1.3552527156068805e-20,7.352240016002723e-05,2.629550247438097e-06,8.40999088857661e-07
United States,horseradish,8.464278884753472e-06,8.503553255804295e-06,0.0,-3.927437105082267e-08,0.0,8.503553255804295e-06,0.0,3.927437105082267e-08
United States,jojoba,-5.118040779168863e-05,-5.1263362002303595e-05,-2.389047150580721e-06,2.4720013611956925e-06,6.776263578034403e-21,5.1263362002303595e-05,2.389047150580721e-06,2.4720013611956925e-06
United States,legumes,-0.0001016566596322096,-8.795533945517725e-05,-5.166434587913883e-06,-8.534885589118561e-06,8.131516293641283e-20,8.795533945517725e-05,5.166434587913883e-06,8.534885589118561e-06
United States,lentils,0.0030641104351095912,0.0028102342565581367,1.748591861454215e-05,0.00023639025993691187,4.336808689942018e-19,0.0028102342565581367,1.748591861454215e-05,0.00023639025993691187
United States,lettuce,0.0011876139607241468,0.0014357406260207951,-3.449906928322278e-05,-0.00021362759601342617,6.505213034913027e-19,0.0014357406260207951,3.449906928322278e-05,0.00021362759601342617
United States,loganberries,-5.483286404219885e-06,-5.483286404219885e-06,3.294195701210458e-07,-3.294195701210458e-07,0.0,5.483286404219885e-06,3.294195701210458e-07,3.294195701210458e-07
United States,lotus root,-0.000125281884239539,-0.000125281884239539,0.0,0.0,0.0,0.000125281884239539,0.0,0.0
United States,melons,0.00013820534138797542,0.00014321226235537997,5.455758589739611e-06,-1.0462679557144154e-05,0.0,0.00014321226235537997,5.455758589739611e-06,1.0462679557144154e-05
United States,millet,0.0006444557053556908,0.0005051454511487323,6.188515024867305e-05,7.742510395828558e-05,1.0842021724855044e-19,0.0005051454511487323,6.188515024867305e-05,7.742510395828558e-05
United States,mint,-0.0003736973577040434,-0.000389972604703837,8.876344692044965e-06,7.398902307748685e-06,5.421010862427522e-20,0.000389972604703837,8.876344692044965e-06,7.398902307748685e-06
United States,miscanthus,9.097818153434036e-05,8.352993486522711e-05,0.0,7.448246669113251e-06,0.0,8.352993486522711e-05,0.0,7.448246669113251e-06
United States,mustard,0.0001527170419031742,4.4888786281989965e-05,5.634600234675907e-05,5.148225327442521e-05,5.421010862427522e-20,4.4888786281989965e-05,5.634600234675907e-05,5.148225327442521e-05
United States,oats,-0.001978360611469835,-0.0019462778845999586,-6.982020978534161e-05,3.7737482915463865e-05,8.673617379884035e-19,0.0019462778845999586,6.982020978534161e-05,3.7737482915463865e-05
United States,okra,2.9455934209087064e-05,2.9214396555725898e-05,5.971059640106203e-07,-3.555683106494662e-07,1.0164395367051604e-20,2.9214396555725898e-05,5.971059640106203e-07,3.555683106494662e-07
United States,onions,0.000261540465670908,0.00029167556060787287,-1.4939442174201356e-05,-1.5195652762763557e-05,5.421010862427522e-20,0.00029167556060787287,1.4939442174201356e-05,1.5195652762763557e-05
United States,parsley,2.2240879194194526e-05,2.414634651460309e-05,-3.1183081531922125e-07,-1.5936365050893396e-06,0.0,2.414634651460309e-05,3.1183081531922125e-07,1.5936365050893396e-06
United States,parsnips,3.3009113302852217e-06,3.5311232969059705e-06,0.0,-2.3021196662074852e-07,4.235164736271502e-22,3.5311232969059705e-06,0.0,2.3021196662074852e-07
United States,peanuts,0.0020222896078484157,0.000409746939056725,0.0008612366329966222,0.0007513060357950697,1.3010426069826053e-18,0.000409746939056725,0.0008612366329966222,0.0007513060357950697
United States,peas,0.0009116748125307002,0.0007503254092190852,1.165967747236678e-05,0.0001496897258392486,3.2526065174565133e-19,0.0007503254092190852,1.165967747236678e-05,0.0001496897258392486
United States,peppers,7.464595738153698e-05,7.224508962760418e-05,-3.845906885356342e-06,6.246774639289127e-06,1.3552527156068805e-20,7.224508962760418e-05,3.845906885356342e-06,6.246774639289127e-06
United States,pimientos,-2.8132959517571514e-07,-2.8132959517571514e-07,-6.494733716481828e-10,6.494733716481828e-10,0.0,2.8132959517571514e-07,6.494733716481828e-10,6.494733716481828e-10
United States,pineapples,-0.0042178234360644795,-0.0042178234360644795,0.0,0.0,0.0,0.0042178234360644795,0.0,0.0
United States,popcorn,-0.00015103232361523438,-0.00018754538884219635,4.172322598416733e-05,-5.210160757205461e-06,1.0842021724855044e-19,0.00018754538884219635,4.172322598416733e-05,5.210160757205461e-06
United States,potatoes,-0.0009233182408902411,-0.0010063567741818986,0.0002042741869858967,-0.00012123565369423842,8.673617379884035e-19,0.0010063567741818986,0.0002042741869858967,0.00012123565369423842
United States,pumpkins,0.00015771324537812277,0.00016871084850077642,-6.02476916444913e-06,-4.972833958204513e-06,2.710505431213761e-20,0.00016871084850077642,6.02476916444913e-06,4.972833958204513e-06
United States,radishes,6.18240249435132e-05,6.250360129657936e-05,-3.337170329936119e-07,-3.458593200725534e-07,1.3552527156068805e-20,6.250360129657936e-05,3.337170329936119e-07,3.458593200725534e-07
United States,rapeseed,2.289486834800852e-06,2.332308174379644e-06,-3.032989671115725e-09,-3.978834990767642e-08,0.0,2.332308174379644e-06,3.032989671115725e-09,3.978834990767642e-08
United States,raspberries,-6.124431278830879e-05,-6.124431278830879e-05,-1.0059372540156676e-07,1.0059372540156676e-07,0.0,6.124431278830879e-05,1.0059372540156676e-07,1.0059372540156676e-07
United States,rhubarb,1.071842881384262e-05,1.136618961350411e-05,-6.654187344708075e-08,-5.81218926214411e-07,3.3881317890172014e-21,1.136618961350411e-05,6.654187344708075e-08,5.81218926214411e-07
United States,rice,-0.00441297067935369,-0.005168582501973081,0.001240764326672274,-0.00048515250405288567,1.734723475976807e-18,0.005168582501973081,0.001240764326672274,0.00048515250405288567
United States,rye,0.0002634588659700434,0.00026428124013795835,2.4314519022251436e-07,-1.0655193581375913e-06,1.0842021724855044e-19,0.00026428124013795835,2.4314519022251436e-07,1.0655193581375913e-06
United States,safflower,-0.0004786595709156832,-0.0004860977173680326,-5.5868980973390824e-05,6.330712742574026e-05,1.0842021724855044e-19,0.0004860977173680326,5.5868980973390824e-05,6.330712742574026e-05
United States,sesame,0.0002672463955884555,0.00030409210107511876,-1.1079863341057353e-06,-3.5737719152557526e-05,0.0,0.00030409210107511876,1.1079863341057353e-06,3.5737719152557526e-05
United States,short term woody crops,-2.270339515786688e-05,-2.281892039514781e-05,-1.0824039750307775e-06,1.19792921231171e-06,3.3881317890172014e-21,2.281892039514781e-05,1.0824039750307775e-06,1.19792921231171e-06
United States,sod,-0.0003638043858128752,-0.0003638043858128752,2.9269286987485914e-05,-2.9269286987485914e-05,0.0,0.0003638043858128752,2.9269286987485914e-05,2.9269286987485914e-05
United States,sorghum,-0.0033186801073680425,-0.00282907724408085,-0.000950887970293759,0.00046128510700656417,2.168404344971009e-18,0.00282907724408085,0.000950887970293759,0.00046128510700656417
United States,soybeans,0.042994221445868785,0.039831666533406335,0.0027075681987785067,0.0004549867136839697,2.7755575615628914e-17,0.039831666533406335,0.0027075681987785067,0.0004549867136839697
United States,spinach,0.0001509796348348446,0.00016387015445501195,-6.8419567875556e-06,-6.048562832611757e-06,2.710505431213761e-20,0.00016387015445501195,6.8419567875556e-06,6.048562832611757e-06
United States,squash,9.993259320762506e-05,9.695335962773146e-05,4.1175840248716924e-06,-1.1383504449781176e-06,2.710505431213761e-20,9.695335962773146e-05,4.1175840248716924e-06,1.1383504449781176e-06
United States,strawberries,-9.704085375790504e-05,-9.704085375790504e-05,-2.9090818522894985e-06,2.9090818522894985e-06,0.0,9.704085375790504e-05,2.9090818522894985e-06,2.9090818522894985e-06
United States,sugarbeets,-0.000928862431227917,-0.00100090562375477,0.00011110847233550375,-3.9065279808649754e-05,1.0842021724855044e-18,0.00100090562375477,0.00011110847233550375,3.9065279808649754e-05
United States,sugarcane,0.0028402618407268355,-0.007200706750650123,0.014952558623442871,-0.004911590032065915,2.6020852139652106e-18,0.007200706750650123,0.014952558623442871,0.004911590032065915
United States,sunflower,-0.0010740024957109698,-0.0013097291696287485,0.00031998828265264776,-8.426160873486906e-05,0.0,0.0013097291696287485,0.00031998828265264776,8.426160873486906e-05
United States,sweet corn,-0.0005001964144636657,-0.000503393662591456,-1.8282755737772247e-05,2.148000386556276e-05,2.168404344971009e-19,0.000503393662591456,1.8282755737772247e-05,2.148000386556276e-05
United States,sweet potatoes,0.0002695695606754349,0.0002572752768023098,7.064642031675618e-06,5.22964184144937e-06,5.421010862427522e-20,0.0002572752768023098,7.064642031675618e-06,5.22964184144937e-06
United States,sweet rice,-0.0010974995141418227,-0.0010974995141418227,0.0,0.0,0.0,0.0010974995141418227,0.0,0.0
United States,switchgrass,3.197890184645854e-06,3.5108562650693654e-06,0.0,-3.1296608042351134e-07,0.0,3.5108562650693654e-06,0.0,3.1296608042351134e-07
United States,taro,1.5026787346754473e-05,-3.449666771939699e-06,2.3831644520949655e-05,-5.355190402255489e-06,5.082197683525802e-21,3.449666771939699e-06,2.3831644520949655e-05,5.355190402255489e-06
United States,tobacco,-0.0015490958454487972,-0.0015662708569071711,7.058439978001621e-05,-5.34093883216423e-05,0.0,0.0015662708569071711,7.058439978001621e-05,5.34093883216423e-05
United States,tomatoes,-0.0001270346324121444,-5.192695045523165e-05,-7.958707605916969e-05,4.479394102256837e-06,1.0842021724855044e-19,5.192695045523165e-05,7.958707605916969e-05,4.479394102256837e-06
United States,triticale,0.00020838283193131283,0.00023426446822692195,-1.0864538223906145e-08,-2.5870771757385223e-05,2.710505431213761e-20,0.00023426446822692195,1.0864538223906145e-08,2.5870771757385223e-05
United States,turnips,2.995638523965043e-05,3.0410870991026222e-05,-1.4547830046907417e-07,-3.0900745090672516e-07,1.0164395367051604e-20,3.0410870991026222e-05,1.4547830046907417e-07,3.0900745090672516e-07
United States,vegetable totals,0.005681990085750719,0.005934743192420785,-0.00023819106664700826,-1.4562040023059823e-05,1.734723475976807e-18,0.005934743192420785,0.00023819106664700826,1.4562040023059823e-05
United States,"vegetables, mixed",-6.15787857385727e-06,-6.15787857385727e-06,-2.6810404444771645e-07,2.6810404444771645e-07,0.0,6.15787857385727e-06,2.6810404444771645e-07,2.6810404444771645e-07
United States,"vegetables, other",9.239003747354377e-05,9.424234353846684e-05,-7.326004813813023e-07,-1.1197055835417793e-06,1.3552527156068805e-20,9.424234353846684e-05,7.326004813813023e-07,1.1197055835417793e-06
United States,watercress,1.7824906627519976e-06,1.6266955914757678e-06,6.675152018883784e-08,8.904355108739224e-08,2.117582368135751e-22,1.6266955914757678e-06,6.675152018883784e-08,8.904355108739224e-08
United States,wheat,-0.018617376435320798,-0.022908950891211165,0.004185647480481313,0.0001059269754090903,3.8163916471489756e-17,0.022908950891211165,0.004185647480481313,0.0001059269754090903
United States,wild rice,0.00023072968804322834,0.00023799614519720206,3.0784484502264096e-08,-7.297241638476026e-06,2.710505431213761e-20,0.00023799614519720206,3.0784484502264096e-08,7.297241638476026e-06
Zambia,bambara groundnut,0.002583064456295314,0.0025863329661693687,0.0,-3.2685098740544186e-06,4.336808689942018e-19,0.0025863329661693687,0.0,3.2685098740544186e-06
Zambia,beans (mixed),-0.013991932941639723,-0.011911692758013067,-0.0016059626108027355,-0.00047427757282393027,1.0408340855860843e-17,0.011911692758013067,0.0016059626108027355,0.00047427757282393027
Zambia,cottonseed,0.05496427428990229,0.04789707134300129,0.0,0.007067202946900986,1.3877787807814457e-17,0.04789707134300129,0.0,0.007067202946900986
Zambia,cowpea,0.01087365056576013,0.009739168244031619,-7.104520472680923e-07,0.0011351927737757804,0.0,0.009739168244031619,7.104520472680923e-07,0.0011351927737757804
Zambia,maize,-0.09130813603996302,-0.08871591401538333,0.013303819115659808,-0.01589604114023937,1.3877787807814457e-16,0.08871591401538333,0.013303819115659808,0.01589604114023937
Zambia,millet,-0.040848917889681736,-0.0389450200135305,-0.0014093744283552021,-0.000494523447796035,0.0,0.0389450200135305,0.0014093744283552021,0.000494523447796035
Zambia,potato,-0.00012401476852783066,-3.241919277649854e-05,-0.00021031103180601632,0.00011871545605468427,5.421010862427522e-20,3.241919277649854e-05,0.00021031103180601632,0.00011871545605468427
Zambia,rice,0.0034721301785640667,0.004420550125491584,-0.0007193758552470236,-0.00022904409168049018,3.0357660829594124e-18,0.004420550125491584,0.0007193758552470236,0.00022904409168049018
Zambia,sorghum,-0.02698532312385574,-0.02726627998274581,0.00041524169205168354,-0.000134284833161608,6.938893903907228e-18,0.02726627998274581,0.00041524169205168354,0.000134284833161608
Zambia,soybean,0.07671859127413624,0.07952898874801588,-0.00804585589765816,0.005235458423778573,5.551115123125783e-17,0.07952898874801588,0.00804585589765816,0.005235458423778573
Zambia,sunflower seed,0.04170698240816234,0.03532767841659139,-0.00012100142413239986,0.006500305415703352,0.0,0.03532767841659139,0.00012100142413239986,0.006500305415703352
Zambia,sweet potatoes,-0.014696930787403036,-0.014754423509557761,-0.0019764229691349583,0.0020339156912896872,5.204170427930421e-18,0.014754423509557761,0.0019764229691349583,0.0020339156912896872
Zambia,wheat,0.014129493355545246,0.020086819543320755,0.0016497213255265684,-0.007607047513302079,3.469446951953614e-18,0.020086819543320755,0.0016497213255265684,0.007607047513302079
